ISO-10303-21;
HEADER;
/* Generated by software containing ST-Developer
 * from STEP Tools, Inc. (www.steptools.com) 
 */

FILE_DESCRIPTION(
/* description */ (''),
/* implementation_level */ '2;1');

FILE_NAME(
/* name */ 'Laptop Cooling Pad.step',
/* time_stamp */ '2026-09-25T17:38:28+05:30',
/* author */ (''),
/* organization */ (''),
/* preprocessor_version */ 'ST-DEVELOPER v20.2',
/* originating_system */ 'Autodesk Translation Framework v15.15.0.0',
/* authorisation */ '');

FILE_SCHEMA (('AUTOMOTIVE_DESIGN { 1 0 10303 214 3 1 1 }'));
ENDSEC;

DATA;
#10=MECHANICAL_DESIGN_GEOMETRIC_PRESENTATION_REPRESENTATION('',(#13),#15104);
#11=SHAPE_REPRESENTATION_RELATIONSHIP('SRR','None',#15111,#12);
#12=ADVANCED_BREP_SHAPE_REPRESENTATION('',(#14),#15103);
#13=STYLED_ITEM('',(#15120),#14);
#14=MANIFOLD_SOLID_BREP('Body1',#8223);
#15=SPHERICAL_SURFACE('',#8830,0.2);
#16=SPHERICAL_SURFACE('',#8835,0.2);
#17=SPHERICAL_SURFACE('',#8904,0.2);
#18=SPHERICAL_SURFACE('',#8909,0.2);
#19=B_SPLINE_SURFACE_WITH_KNOTS('',3,3,((#12476,#12477,#12478,#12479,#12480,
#12481),(#12482,#12483,#12484,#12485,#12486,#12487),(#12488,#12489,#12490,
#12491,#12492,#12493),(#12494,#12495,#12496,#12497,#12498,#12499),(#12500,
#12501,#12502,#12503,#12504,#12505)),.UNSPECIFIED.,.F.,.F.,.F.,(4,1,4),
(4,1,1,4),(0.,0.5,1.),(-9.54097911787242E-17,0.448798950512827,0.897597901025655,
1.5707963267949),.UNSPECIFIED.);
#20=B_SPLINE_SURFACE_WITH_KNOTS('',3,3,((#12512,#12513,#12514,#12515,#12516),
(#12517,#12518,#12519,#12520,#12521),(#12522,#12523,#12524,#12525,#12526),
(#12527,#12528,#12529,#12530,#12531),(#12532,#12533,#12534,#12535,#12536)),
 .UNSPECIFIED.,.F.,.F.,.F.,(4,1,4),(4,1,4),(0.,0.5,1.),(6.93889390390723E-17,
0.673198425769241,1.5707963267949),.UNSPECIFIED.);
#21=B_SPLINE_SURFACE_WITH_KNOTS('',3,3,((#12694,#12695,#12696,#12697,#12698,
#12699),(#12700,#12701,#12702,#12703,#12704,#12705),(#12706,#12707,#12708,
#12709,#12710,#12711),(#12712,#12713,#12714,#12715,#12716,#12717),(#12718,
#12719,#12720,#12721,#12722,#12723)),.UNSPECIFIED.,.F.,.F.,.F.,(4,1,4),
(4,1,1,4),(0.,0.5,1.),(-9.54097911787241E-17,0.448798950512827,0.897597901025655,
1.5707963267949),.UNSPECIFIED.);
#22=B_SPLINE_SURFACE_WITH_KNOTS('',3,3,((#12729,#12730,#12731,#12732,#12733),
(#12734,#12735,#12736,#12737,#12738),(#12739,#12740,#12741,#12742,#12743),
(#12744,#12745,#12746,#12747,#12748),(#12749,#12750,#12751,#12752,#12753)),
 .UNSPECIFIED.,.F.,.F.,.F.,(4,1,4),(4,1,4),(0.,0.5,1.),(-4.77048955893622E-17,
0.673198425769241,1.5707963267949),.UNSPECIFIED.);
#23=B_SPLINE_SURFACE_WITH_KNOTS('',3,3,((#12864,#12865,#12866,#12867,#12868,
#12869),(#12870,#12871,#12872,#12873,#12874,#12875),(#12876,#12877,#12878,
#12879,#12880,#12881),(#12882,#12883,#12884,#12885,#12886,#12887),(#12888,
#12889,#12890,#12891,#12892,#12893)),.UNSPECIFIED.,.F.,.F.,.F.,(4,1,4),
(4,1,1,4),(0.,0.5,1.),(-9.54097911787242E-17,0.448798950512827,0.897597901025655,
1.5707963267949),.UNSPECIFIED.);
#24=B_SPLINE_SURFACE_WITH_KNOTS('',3,3,((#12899,#12900,#12901,#12902,#12903),
(#12904,#12905,#12906,#12907,#12908),(#12909,#12910,#12911,#12912,#12913),
(#12914,#12915,#12916,#12917,#12918),(#12919,#12920,#12921,#12922,#12923)),
 .UNSPECIFIED.,.F.,.F.,.F.,(4,1,4),(4,1,4),(0.,0.5,1.),(6.93889390390723E-17,
0.673198425769241,1.5707963267949),.UNSPECIFIED.);
#25=B_SPLINE_SURFACE_WITH_KNOTS('',3,3,((#12960,#12961,#12962,#12963,#12964,
#12965),(#12966,#12967,#12968,#12969,#12970,#12971),(#12972,#12973,#12974,
#12975,#12976,#12977),(#12978,#12979,#12980,#12981,#12982,#12983),(#12984,
#12985,#12986,#12987,#12988,#12989)),.UNSPECIFIED.,.F.,.F.,.F.,(4,1,4),
(4,1,1,4),(0.,0.5,1.),(-9.54097911787241E-17,0.448798950512827,0.897597901025655,
1.5707963267949),.UNSPECIFIED.);
#26=B_SPLINE_SURFACE_WITH_KNOTS('',3,3,((#12995,#12996,#12997,#12998,#12999),
(#13000,#13001,#13002,#13003,#13004),(#13005,#13006,#13007,#13008,#13009),
(#13010,#13011,#13012,#13013,#13014),(#13015,#13016,#13017,#13018,#13019)),
 .UNSPECIFIED.,.F.,.F.,.F.,(4,1,4),(4,1,4),(0.,0.5,1.),(-4.77048955893622E-17,
0.673198425769241,1.5707963267949),.UNSPECIFIED.);
#27=B_SPLINE_SURFACE_WITH_KNOTS('',3,3,((#13128,#13129,#13130,#13131,#13132),
(#13133,#13134,#13135,#13136,#13137),(#13138,#13139,#13140,#13141,#13142),
(#13143,#13144,#13145,#13146,#13147),(#13148,#13149,#13150,#13151,#13152)),
 .UNSPECIFIED.,.F.,.F.,.F.,(4,1,4),(4,1,4),(0.,0.5,1.),(0.,0.673198425769241,
1.5707963267949),.UNSPECIFIED.);
#28=B_SPLINE_SURFACE_WITH_KNOTS('',3,3,((#13158,#13159,#13160,#13161,#13162,
#13163),(#13164,#13165,#13166,#13167,#13168,#13169),(#13170,#13171,#13172,
#13173,#13174,#13175),(#13176,#13177,#13178,#13179,#13180,#13181),(#13182,
#13183,#13184,#13185,#13186,#13187)),.UNSPECIFIED.,.F.,.F.,.F.,(4,1,4),
(4,1,1,4),(0.,0.5,1.),(-9.54097911787234E-17,0.448798950512827,0.897597901025655,
1.5707963267949),.UNSPECIFIED.);
#29=B_SPLINE_SURFACE_WITH_KNOTS('',3,3,((#13221,#13222,#13223,#13224,#13225),
(#13226,#13227,#13228,#13229,#13230),(#13231,#13232,#13233,#13234,#13235),
(#13236,#13237,#13238,#13239,#13240),(#13241,#13242,#13243,#13244,#13245)),
 .UNSPECIFIED.,.F.,.F.,.F.,(4,1,4),(4,1,4),(0.,0.5,1.),(0.,0.673198425769241,
1.5707963267949),.UNSPECIFIED.);
#30=B_SPLINE_SURFACE_WITH_KNOTS('',3,3,((#13251,#13252,#13253,#13254,#13255),
(#13256,#13257,#13258,#13259,#13260),(#13261,#13262,#13263,#13264,#13265),
(#13266,#13267,#13268,#13269,#13270),(#13271,#13272,#13273,#13274,#13275)),
 .UNSPECIFIED.,.F.,.F.,.F.,(4,1,4),(4,1,4),(0.,0.5,1.),(0.,0.673198425769241,
1.5707963267949),.UNSPECIFIED.);
#31=B_SPLINE_SURFACE_WITH_KNOTS('',3,3,((#13408,#13409,#13410,#13411,#13412,
#13413),(#13414,#13415,#13416,#13417,#13418,#13419),(#13420,#13421,#13422,
#13423,#13424,#13425),(#13426,#13427,#13428,#13429,#13430,#13431),(#13432,
#13433,#13434,#13435,#13436,#13437)),.UNSPECIFIED.,.F.,.F.,.F.,(4,1,4),
(4,1,1,4),(0.,0.571428571428571,1.),(-5.55111512312578E-17,0.448798950512828,
0.673198425769241,1.5707963267949),.UNSPECIFIED.);
#32=B_SPLINE_SURFACE_WITH_KNOTS('',3,3,((#13470,#13471,#13472,#13473,#13474,
#13475),(#13476,#13477,#13478,#13479,#13480,#13481),(#13482,#13483,#13484,
#13485,#13486,#13487),(#13488,#13489,#13490,#13491,#13492,#13493),(#13494,
#13495,#13496,#13497,#13498,#13499)),.UNSPECIFIED.,.F.,.F.,.F.,(4,1,4),
(4,1,1,4),(0.,0.571428571428571,1.),(-1.5707963267949,-0.897597901025655,
-0.448798950512828,0.),.UNSPECIFIED.);
#33=B_SPLINE_SURFACE_WITH_KNOTS('',3,3,((#13511,#13512,#13513,#13514,#13515,
#13516),(#13517,#13518,#13519,#13520,#13521,#13522),(#13523,#13524,#13525,
#13526,#13527,#13528),(#13529,#13530,#13531,#13532,#13533,#13534),(#13535,
#13536,#13537,#13538,#13539,#13540)),.UNSPECIFIED.,.F.,.F.,.F.,(4,1,4),
(4,1,1,4),(0.,0.571428571428571,1.),(-1.5707963267949,-0.897597901025655,
-0.448798950512828,7.6695680597367E-18),.UNSPECIFIED.);
#34=B_SPLINE_SURFACE_WITH_KNOTS('',3,3,((#13555,#13556,#13557,#13558,#13559,
#13560),(#13561,#13562,#13563,#13564,#13565,#13566),(#13567,#13568,#13569,
#13570,#13571,#13572),(#13573,#13574,#13575,#13576,#13577,#13578),(#13579,
#13580,#13581,#13582,#13583,#13584)),.UNSPECIFIED.,.F.,.F.,.F.,(4,1,4),
(4,1,1,4),(0.,0.571428571428571,1.),(-7.66956805973653E-18,0.448798950512828,
0.673198425769241,1.5707963267949),.UNSPECIFIED.);
#35=ELLIPSE('',#8430,0.141421356237309,0.1);
#36=ELLIPSE('',#8431,0.141421356237309,0.1);
#37=ELLIPSE('',#8433,0.11180339887499,0.0999999999999996);
#38=ELLIPSE('',#8434,0.111803398874989,0.0999999999999996);
#39=ELLIPSE('',#8436,0.111803398874989,0.0999999999999996);
#40=ELLIPSE('',#8437,0.11180339887499,0.0999999999999996);
#41=ELLIPSE('',#8454,0.14142135623731,0.1);
#42=ELLIPSE('',#8469,0.141421356237309,0.1);
#43=ELLIPSE('',#8471,0.11180339887499,0.0999999999999996);
#44=ELLIPSE('',#8472,0.111803398874989,0.0999999999999996);
#45=ELLIPSE('',#8474,0.111803398874989,0.0999999999999996);
#46=ELLIPSE('',#8475,0.11180339887499,0.0999999999999996);
#47=ELLIPSE('',#8515,0.141421356237309,0.1);
#48=ELLIPSE('',#8516,0.141421356237309,0.1);
#49=ELLIPSE('',#8518,0.11180339887499,0.0999999999999996);
#50=ELLIPSE('',#8519,0.111803398874989,0.0999999999999996);
#51=ELLIPSE('',#8521,0.111803398874989,0.0999999999999996);
#52=ELLIPSE('',#8522,0.11180339887499,0.0999999999999996);
#53=ELLIPSE('',#8537,0.14142135623731,0.1);
#54=ELLIPSE('',#8539,0.141421356237309,0.1);
#55=ELLIPSE('',#8541,0.11180339887499,0.0999999999999996);
#56=ELLIPSE('',#8542,0.111803398874989,0.0999999999999996);
#57=ELLIPSE('',#8544,0.111803398874989,0.0999999999999996);
#58=ELLIPSE('',#8545,0.11180339887499,0.0999999999999996);
#59=ELLIPSE('',#8584,0.141421356237309,0.1);
#60=ELLIPSE('',#8585,0.141421356237309,0.1);
#61=ELLIPSE('',#8588,0.141421356237309,0.1);
#62=ELLIPSE('',#8589,0.141421356237309,0.1);
#63=ELLIPSE('',#8591,0.11180339887499,0.0999999999999996);
#64=ELLIPSE('',#8592,0.111803398874992,0.0999999999999996);
#65=ELLIPSE('',#8594,0.111803398874991,0.0999999999999996);
#66=ELLIPSE('',#8595,0.11180339887499,0.0999999999999996);
#67=ELLIPSE('',#8611,0.11180339887499,0.0999999999999996);
#68=ELLIPSE('',#8612,0.111803398874992,0.0999999999999996);
#69=ELLIPSE('',#8614,0.111803398874991,0.0999999999999996);
#70=ELLIPSE('',#8615,0.11180339887499,0.0999999999999996);
#71=ELLIPSE('',#8672,0.223606797749978,0.0999999999999996);
#72=ELLIPSE('',#8673,0.22360679774998,0.0999999999999996);
#73=ELLIPSE('',#8681,0.223606797749977,0.0999999999999996);
#74=ELLIPSE('',#8682,0.223606797749978,0.0999999999999996);
#75=ELLIPSE('',#8686,0.22360679774998,0.0999999999999996);
#76=ELLIPSE('',#8688,0.223606797749978,0.0999999999999996);
#77=ELLIPSE('',#8692,0.223606797749978,0.0999999999999996);
#78=ELLIPSE('',#8695,0.223606797749979,0.0999999999999996);
#79=TOROIDAL_SURFACE('',#8356,0.2,0.1);
#80=TOROIDAL_SURFACE('',#8361,0.2,0.1);
#81=TOROIDAL_SURFACE('',#8369,0.2,0.1);
#82=TOROIDAL_SURFACE('',#8373,0.2,0.1);
#83=TOROIDAL_SURFACE('',#8378,0.2,0.1);
#84=TOROIDAL_SURFACE('',#8384,0.2,0.1);
#85=TOROIDAL_SURFACE('',#8395,0.2,0.1);
#86=TOROIDAL_SURFACE('',#8399,0.2,0.1);
#87=TOROIDAL_SURFACE('',#8403,0.2,0.1);
#88=TOROIDAL_SURFACE('',#8409,0.2,0.1);
#89=TOROIDAL_SURFACE('',#8420,0.2,0.1);
#90=TOROIDAL_SURFACE('',#8424,0.2,0.1);
#91=TOROIDAL_SURFACE('',#8442,0.15,0.1);
#92=TOROIDAL_SURFACE('',#8448,0.15,0.1);
#93=TOROIDAL_SURFACE('',#8480,0.15,0.1);
#94=TOROIDAL_SURFACE('',#8485,0.15,0.1);
#95=TOROIDAL_SURFACE('',#8527,0.15,0.1);
#96=TOROIDAL_SURFACE('',#8532,0.15,0.1);
#97=TOROIDAL_SURFACE('',#8550,0.15,0.1);
#98=TOROIDAL_SURFACE('',#8555,0.15,0.1);
#99=TOROIDAL_SURFACE('',#8600,0.15,0.1);
#100=TOROIDAL_SURFACE('',#8605,0.15,0.1);
#101=TOROIDAL_SURFACE('',#8620,0.15,0.1);
#102=TOROIDAL_SURFACE('',#8625,0.15,0.1);
#103=TOROIDAL_SURFACE('',#8697,0.35,0.1);
#104=TOROIDAL_SURFACE('',#8703,0.35,0.1);
#105=TOROIDAL_SURFACE('',#8708,0.35,0.1);
#106=TOROIDAL_SURFACE('',#8713,0.35,0.1);
#107=TOROIDAL_SURFACE('',#8723,0.35,0.1);
#108=TOROIDAL_SURFACE('',#8730,0.35,0.1);
#109=TOROIDAL_SURFACE('',#8736,0.35,0.1);
#110=TOROIDAL_SURFACE('',#8741,0.35,0.1);
#111=TOROIDAL_SURFACE('',#8752,6.1,0.1);
#112=TOROIDAL_SURFACE('',#8756,6.1,0.1);
#113=TOROIDAL_SURFACE('',#8760,6.1,0.1);
#114=TOROIDAL_SURFACE('',#8764,6.1,0.1);
#115=TOROIDAL_SURFACE('',#8781,6.1,0.1);
#116=TOROIDAL_SURFACE('',#8785,6.1,0.1);
#117=TOROIDAL_SURFACE('',#8789,6.1,0.1);
#118=TOROIDAL_SURFACE('',#8793,6.1,0.1);
#119=TOROIDAL_SURFACE('',#8820,0.7,0.2);
#120=TOROIDAL_SURFACE('',#8825,0.7,0.2);
#121=TOROIDAL_SURFACE('',#8858,0.95,0.2);
#122=TOROIDAL_SURFACE('',#8863,0.95,0.2);
#123=TOROIDAL_SURFACE('',#8868,0.95,0.2);
#124=TOROIDAL_SURFACE('',#8871,0.95,0.2);
#125=TOROIDAL_SURFACE('',#8874,0.95,0.2);
#126=TOROIDAL_SURFACE('',#8877,0.95,0.2);
#127=TOROIDAL_SURFACE('',#8894,0.7,0.2);
#128=TOROIDAL_SURFACE('',#8899,0.7,0.2);
#129=TOROIDAL_SURFACE('',#8923,0.95,0.2);
#130=TOROIDAL_SURFACE('',#8928,0.95,0.2);
#131=TOROIDAL_SURFACE('',#8933,0.95,0.2);
#132=TOROIDAL_SURFACE('',#8938,0.95,0.2);
#133=TOROIDAL_SURFACE('',#8957,1.8,0.2);
#134=TOROIDAL_SURFACE('',#8963,1.8,0.2);
#135=TOROIDAL_SURFACE('',#8968,1.8,0.2);
#136=TOROIDAL_SURFACE('',#8973,1.8,0.2);
#137=TOROIDAL_SURFACE('',#8994,1.6,0.4);
#138=TOROIDAL_SURFACE('',#9018,1.6,0.4);
#139=TOROIDAL_SURFACE('',#9022,0.35,0.1);
#140=TOROIDAL_SURFACE('',#9028,0.35,0.1);
#141=TOROIDAL_SURFACE('',#9034,1.6,0.4);
#142=TOROIDAL_SURFACE('',#9043,1.6,0.4);
#143=TOROIDAL_SURFACE('',#9052,2.4,0.4);
#144=TOROIDAL_SURFACE('',#9056,2.4,0.4);
#145=TOROIDAL_SURFACE('',#9060,2.4,0.4);
#146=TOROIDAL_SURFACE('',#9064,2.4,0.4);
#147=TOROIDAL_SURFACE('',#9065,0.35,0.1);
#148=TOROIDAL_SURFACE('',#9071,0.35,0.1);
#149=TOROIDAL_SURFACE('',#9076,0.35,0.1);
#150=TOROIDAL_SURFACE('',#9081,0.35,0.1);
#151=TOROIDAL_SURFACE('',#9094,0.35,0.1);
#152=TOROIDAL_SURFACE('',#9099,0.35,0.1);
#153=TOROIDAL_SURFACE('',#9104,0.3,0.2);
#154=TOROIDAL_SURFACE('',#9110,0.3,0.2);
#155=TOROIDAL_SURFACE('',#9124,0.3,0.2);
#156=TOROIDAL_SURFACE('',#9128,0.3,0.2);
#157=TOROIDAL_SURFACE('',#9134,0.3,0.2);
#158=TOROIDAL_SURFACE('',#9139,0.3,0.2);
#159=TOROIDAL_SURFACE('',#9145,0.3,0.2);
#160=TOROIDAL_SURFACE('',#9151,0.3,0.2);
#161=TOROIDAL_SURFACE('',#9163,0.3,0.2);
#162=TOROIDAL_SURFACE('',#9168,0.3,0.2);
#163=TOROIDAL_SURFACE('',#9174,0.3,0.2);
#164=TOROIDAL_SURFACE('',#9180,0.3,0.2);
#165=TOROIDAL_SURFACE('',#9192,0.3,0.2);
#166=TOROIDAL_SURFACE('',#9198,0.3,0.2);
#167=TOROIDAL_SURFACE('',#9212,0.3,0.2);
#168=TOROIDAL_SURFACE('',#9216,0.3,0.2);
#169=B_SPLINE_CURVE_WITH_KNOTS('',3,(#12249,#12250,#12251,#12252,#12253,
#12254),.UNSPECIFIED.,.F.,.F.,(4,2,4),(2.80206174165163,2.90553120697132,
3.14051723466168),.UNSPECIFIED.);
#170=B_SPLINE_CURVE_WITH_KNOTS('',3,(#12257,#12258,#12259,#12260,#12261,
#12262),.UNSPECIFIED.,.F.,.F.,(4,2,4),(0.,0.234986027690354,0.338455493010044),
 .UNSPECIFIED.);
#171=B_SPLINE_CURVE_WITH_KNOTS('',3,(#13711,#13712,#13713,#13714,#13715,
#13716,#13717,#13718,#13719,#13720,#13721,#13722,#13723,#13724),
 .UNSPECIFIED.,.F.,.F.,(4,2,2,2,2,2,4),(-0.000660421170659287,0.,0.0395369729062453,
0.0789491797418508,0.118106496108871,0.157028505652725,0.157426716822237),
 .UNSPECIFIED.);
#172=B_SPLINE_CURVE_WITH_KNOTS('',3,(#13727,#13728,#13729,#13730,#13731,
#13732,#13733,#13734,#13735,#13736,#13737,#13738,#13739,#13740),
 .UNSPECIFIED.,.F.,.F.,(4,2,2,2,2,2,4),(-0.315633601253076,-0.315182422637346,
-0.294613748708119,-0.274054778026194,-0.234830753298496,-0.195860159612092,
-0.157635829920396),.UNSPECIFIED.);
#173=B_SPLINE_CURVE_WITH_KNOTS('',3,(#13745,#13746,#13747,#13748,#13749,
#13750,#13751,#13752,#13753,#13754,#13755,#13756,#13757,#13758),
 .UNSPECIFIED.,.F.,.F.,(4,2,2,2,2,2,4),(-0.000451164278821237,0.,0.0395358199103827,
0.0789437465985965,0.118096176185038,0.157015538827614,0.157635829933647),
 .UNSPECIFIED.);
#174=B_SPLINE_CURVE_WITH_KNOTS('',3,(#13764,#13765,#13766,#13767,#13768,
#13769,#13770,#13771,#13772,#13773,#13774,#13775,#13776,#13777),
 .UNSPECIFIED.,.F.,.F.,(4,2,2,2,2,2,4),(-0.315633601291265,-0.315182422675471,
-0.294613748747254,-0.274054778066138,-0.234830753333522,-0.19586015964225,
-0.157635829939219),.UNSPECIFIED.);
#175=B_SPLINE_CURVE_WITH_KNOTS('',3,(#13783,#13784,#13785,#13786,#13787,
#13788,#13789,#13790,#13791,#13792,#13793,#13794,#13795,#13796),
 .UNSPECIFIED.,.F.,.F.,(4,2,2,2,2,2,4),(-0.0004511642788506,0.,0.0395358199153435,
0.0789437466057445,0.118096176194334,0.157015538839007,0.157635829942019),
 .UNSPECIFIED.);
#176=B_SPLINE_CURVE_WITH_KNOTS('',3,(#13802,#13803,#13804,#13805,#13806,
#13807,#13808,#13809,#13810,#13811,#13812,#13813,#13814,#13815),
 .UNSPECIFIED.,.F.,.F.,(4,2,2,2,2,2,4),(-0.315633601296161,-0.315182422680384,
-0.294613748751921,-0.274054778070985,-0.234830753337803,-0.19586015964596,
-0.157635829941414),.UNSPECIFIED.);
#177=B_SPLINE_CURVE_WITH_KNOTS('',3,(#13821,#13822,#13823,#13824,#13825,
#13826,#13827,#13828,#13829,#13830,#13831,#13832,#13833,#13834),
 .UNSPECIFIED.,.F.,.F.,(4,2,2,2,2,2,4),(-0.000451164278840508,0.,0.0395358199119954,
0.0789437466008257,0.118096176187882,0.157015538831093,0.157635829936086),
 .UNSPECIFIED.);
#178=B_SPLINE_CURVE_WITH_KNOTS('',3,(#13840,#13841,#13842,#13843,#13844,
#13845,#13846,#13847,#13848,#13849,#13850,#13851,#13852,#13853),
 .UNSPECIFIED.,.F.,.F.,(4,2,2,2,2,2,4),(0.157426716814022,0.195872119008785,
0.234838769422617,0.274058354369676,0.294406504267756,0.314762920043265,
0.31542336223583),.UNSPECIFIED.);
#179=B_SPLINE_CURVE_WITH_KNOTS('',3,(#13895,#13896,#13897,#13898,#13899,
#13900,#13901,#13902,#13903,#13904,#13905,#13906,#13907,#13908),
 .UNSPECIFIED.,.F.,.F.,(4,2,2,2,2,2,4),(-0.000451164278843666,0.,0.0395358199050115,
0.0789437465906484,0.118096176174536,0.15701553881458,0.157635829923691),
 .UNSPECIFIED.);
#180=B_SPLINE_CURVE_WITH_KNOTS('',3,(#13911,#13912,#13913,#13914,#13915,
#13916,#13917,#13918,#13919,#13920,#13921,#13922,#13923,#13924),
 .UNSPECIFIED.,.F.,.F.,(4,2,2,2,2,2,4),(-0.315633601255091,-0.315182422639303,
-0.294613748710057,-0.274054778028327,-0.234830753300386,-0.195860159613762,
-0.157635829921263),.UNSPECIFIED.);
#181=B_SPLINE_CURVE_WITH_KNOTS('',3,(#13929,#13930,#13931,#13932,#13933,
#13934,#13935,#13936,#13937,#13938,#13939,#13940,#13941,#13942),
 .UNSPECIFIED.,.F.,.F.,(4,2,2,2,2,2,4),(-0.315623557136529,-0.315172407194239,
-0.275637843603407,-0.23623116917069,-0.197079983720889,-0.158161857808843,
-0.157541586413612),.UNSPECIFIED.);
#182=B_SPLINE_CURVE_WITH_KNOTS('',3,(#13948,#13949,#13950,#13951,#13952,
#13953,#13954,#13955,#13956,#13957,#13958,#13959,#13960,#13961),
 .UNSPECIFIED.,.F.,.F.,(4,2,2,2,2,2,4),(-0.000451164278821685,0.,0.0205680203268912,
0.0411263377148118,0.0803491160371358,0.119318471371358,0.157541586424977),
 .UNSPECIFIED.);
#183=B_SPLINE_CURVE_WITH_KNOTS('',3,(#13967,#13968,#13969,#13970,#13971,
#13972,#13973,#13974,#13975,#13976,#13977,#13978,#13979,#13980),
 .UNSPECIFIED.,.F.,.F.,(4,2,2,2,2,2,4),(-0.315633601256175,-0.315182422640381,
-0.294613748711183,-0.274054778029509,-0.23483075330144,-0.195860159614667,
-0.157635829921778),.UNSPECIFIED.);
#184=B_SPLINE_CURVE_WITH_KNOTS('',3,(#13986,#13987,#13988,#13989,#13990,
#13991,#13992,#13993,#13994,#13995,#13996,#13997,#13998,#13999),
 .UNSPECIFIED.,.F.,.F.,(4,2,2,2,2,2,4),(-0.000451164278871872,0.,0.0395358199079785,
0.0789437465948031,0.118096176179874,0.157015538821066,0.157635829928263),
 .UNSPECIFIED.);
#185=B_SPLINE_CURVE_WITH_KNOTS('',3,(#14006,#14007,#14008,#14009,#14010,
#14011,#14012,#14013,#14014,#14015,#14016,#14017,#14018,#14019),
 .UNSPECIFIED.,.F.,.F.,(4,2,2,2,2,2,4),(-0.315623557132406,-0.315172407190117,
-0.275637843599782,-0.236231169167587,-0.19707998371829,-0.158161857806758,
-0.157541586411567),.UNSPECIFIED.);
#186=B_SPLINE_CURVE_WITH_KNOTS('',3,(#14025,#14026,#14027,#14028,#14029,
#14030,#14031,#14032,#14033,#14034,#14035,#14036,#14037,#14038),
 .UNSPECIFIED.,.F.,.F.,(4,2,2,2,2,2,4),(-0.000451164278822529,0.,0.020568020327383,
0.0411263377158063,0.0803491160381943,0.11931847137246,0.15754158642523),
 .UNSPECIFIED.);
#187=B_SPLINE_CURVE_WITH_KNOTS('',3,(#14461,#14462,#14463,#14464,#14465,
#14466),.UNSPECIFIED.,.F.,.F.,(4,2,4),(0.833178709716858,0.859107284505548,
0.934619107274036),.UNSPECIFIED.);
#188=B_SPLINE_CURVE_WITH_KNOTS('',3,(#14471,#14472,#14473,#14474,#14475,
#14476,#14477,#14478,#14479,#14480),.UNSPECIFIED.,.F.,.F.,(4,2,2,2,4),(1.06889088882415,
1.15957223510079,1.25025358137744,1.38331121099819,1.51636884061895),
 .UNSPECIFIED.);
#189=B_SPLINE_CURVE_WITH_KNOTS('',3,(#14489,#14490,#14491,#14492,#14493,
#14494),.UNSPECIFIED.,.F.,.F.,(4,2,4),(0.327688221634588,0.403200044403076,
0.42912861919176),.UNSPECIFIED.);
#190=B_SPLINE_CURVE_WITH_KNOTS('',3,(#14497,#14498,#14499,#14500,#14501,
#14502,#14503,#14504,#14505,#14506),.UNSPECIFIED.,.F.,.F.,(4,2,2,2,4),(0.,
0.133057629620758,0.266115259241516,0.356796605518158,0.4474779517948),
 .UNSPECIFIED.);
#191=B_SPLINE_CURVE_WITH_KNOTS('',3,(#14568,#14569,#14570,#14571,#14572,
#14573,#14574,#14575,#14576,#14577,#14578,#14579),.UNSPECIFIED.,.F.,.F.,
(4,2,2,2,2,4),(-0.351906453756343,-0.297540807260271,-0.215349273303756,
-0.0459571473782893,0.,0.0012009664649114),.UNSPECIFIED.);
#192=B_SPLINE_CURVE_WITH_KNOTS('',3,(#14582,#14583,#14584,#14585,#14586,
#14587),.UNSPECIFIED.,.F.,.F.,(4,2,4),(0.958967234299486,1.03511128567728,
1.06046233777434),.UNSPECIFIED.);
#193=B_SPLINE_CURVE_WITH_KNOTS('',3,(#14590,#14591,#14592,#14593,#14594,
#14595,#14596,#14597,#14598,#14599),.UNSPECIFIED.,.F.,.F.,(4,2,2,2,4),(0.,
0.13305762962076,0.26611525924152,0.356796605518162,0.447477951794803),
 .UNSPECIFIED.);
#194=B_SPLINE_CURVE_WITH_KNOTS('',3,(#14601,#14602,#14603,#14604,#14605,
#14606,#14607,#14608,#14609,#14610,#14611,#14612),.UNSPECIFIED.,.F.,.F.,
(4,2,2,2,2,4),(-0.354271349605766,-0.353066424458363,-0.306957790956547,
-0.137007306691484,-0.0545448491121644,0.),.UNSPECIFIED.);
#195=B_SPLINE_CURVE_WITH_KNOTS('',3,(#14618,#14619,#14620,#14621,#14622,
#14623),.UNSPECIFIED.,.F.,.F.,(4,2,4),(0.833178709716858,0.859107284505547,
0.934619107274035),.UNSPECIFIED.);
#196=B_SPLINE_CURVE_WITH_KNOTS('',3,(#14625,#14626,#14627,#14628,#14629,
#14630,#14631,#14632,#14633,#14634),.UNSPECIFIED.,.F.,.F.,(4,2,2,2,4),(1.06889088882415,
1.15957223510079,1.25025358137743,1.38331121099819,1.51636884061895),
 .UNSPECIFIED.);
#197=B_SPLINE_CURVE_WITH_KNOTS('',3,(#14652,#14653,#14654,#14655,#14656,
#14657),.UNSPECIFIED.,.F.,.F.,(4,2,4),(0.958841886088901,1.03435370885739,
1.06028228364608),.UNSPECIFIED.);
#198=B_SPLINE_CURVE_WITH_KNOTS('',3,(#14660,#14661,#14662,#14663,#14664,
#14665,#14666,#14667,#14668,#14669),.UNSPECIFIED.,.F.,.F.,(4,2,2,2,4),(0.,
0.133057629620756,0.266115259241511,0.356796605518155,0.447477951794798),
 .UNSPECIFIED.);
#199=B_SPLINE_CURVE_WITH_KNOTS('',3,(#14676,#14677,#14678,#14679,#14680,
#14681),.UNSPECIFIED.,.F.,.F.,(4,2,4),(0.833178709716862,0.859107284505548,
0.934619107274036),.UNSPECIFIED.);
#200=B_SPLINE_CURVE_WITH_KNOTS('',3,(#14683,#14684,#14685,#14686,#14687,
#14688,#14689,#14690,#14691,#14692),.UNSPECIFIED.,.F.,.F.,(4,2,2,2,4),(1.06889088882415,
1.16921496419124,1.26953903955833,1.39303083149341,1.51652262342849),
 .UNSPECIFIED.);
#201=B_SPLINE_CURVE_WITH_KNOTS('',3,(#14697,#14698,#14699,#14700,#14701,
#14702),.UNSPECIFIED.,.F.,.F.,(4,2,4),(0.958967234299482,1.03447905706797,
1.06040763185666),.UNSPECIFIED.);
#202=B_SPLINE_CURVE_WITH_KNOTS('',3,(#14705,#14706,#14707,#14708,#14709,
#14710,#14711,#14712,#14713,#14714),.UNSPECIFIED.,.F.,.F.,(4,2,2,2,4),(0.,
0.133057629620758,0.266115259241515,0.356796605518157,0.4474779517948),
 .UNSPECIFIED.);
#203=B_SPLINE_CURVE_WITH_KNOTS('',3,(#14721,#14722,#14723,#14724,#14725,
#14726),.UNSPECIFIED.,.F.,.F.,(4,2,4),(0.833178709716859,0.859107284505545,
0.934619107274033),.UNSPECIFIED.);
#204=B_SPLINE_CURVE_WITH_KNOTS('',3,(#14728,#14729,#14730,#14731,#14732,
#14733,#14734,#14735,#14736,#14737),.UNSPECIFIED.,.F.,.F.,(4,2,2,2,4),(1.06889088882415,
1.15957223510079,1.25025358137743,1.38331121099819,1.51636884061895),
 .UNSPECIFIED.);
#205=B_SPLINE_CURVE_WITH_KNOTS('',3,(#14747,#14748,#14749,#14750,#14751,
#14752,#14753,#14754,#14755,#14756,#14757,#14758),.UNSPECIFIED.,.F.,.F.,
(4,2,2,2,2,4),(-0.351906299803607,-0.297540678742434,-0.215349183238174,
-0.0459571365609449,0.,0.00120096524710701),.UNSPECIFIED.);
#206=B_SPLINE_CURVE_WITH_KNOTS('',3,(#14761,#14762,#14763,#14764,#14765,
#14766,#14767,#14768,#14769,#14770,#14771,#14772),.UNSPECIFIED.,.F.,.F.,
(4,2,2,2,2,4),(-0.354271359665359,-0.353066435176207,-0.306957790956526,
-0.137007306691689,-0.054544849112218,0.),.UNSPECIFIED.);
#207=CYLINDRICAL_SURFACE('',#8267,0.95);
#208=CYLINDRICAL_SURFACE('',#8270,0.95);
#209=CYLINDRICAL_SURFACE('',#8273,0.95);
#210=CYLINDRICAL_SURFACE('',#8276,0.95);
#211=CYLINDRICAL_SURFACE('',#8280,0.7);
#212=CYLINDRICAL_SURFACE('',#8283,0.7);
#213=CYLINDRICAL_SURFACE('',#8287,0.95);
#214=CYLINDRICAL_SURFACE('',#8289,0.95);
#215=CYLINDRICAL_SURFACE('',#8292,0.95);
#216=CYLINDRICAL_SURFACE('',#8295,0.95);
#217=CYLINDRICAL_SURFACE('',#8299,0.7);
#218=CYLINDRICAL_SURFACE('',#8302,0.7);
#219=CYLINDRICAL_SURFACE('',#8305,2.);
#220=CYLINDRICAL_SURFACE('',#8310,2.);
#221=CYLINDRICAL_SURFACE('',#8317,2.);
#222=CYLINDRICAL_SURFACE('',#8320,2.);
#223=CYLINDRICAL_SURFACE('',#8327,0.1);
#224=CYLINDRICAL_SURFACE('',#8330,0.1);
#225=CYLINDRICAL_SURFACE('',#8335,0.1);
#226=CYLINDRICAL_SURFACE('',#8340,0.1);
#227=CYLINDRICAL_SURFACE('',#8343,0.1);
#228=CYLINDRICAL_SURFACE('',#8348,0.1);
#229=CYLINDRICAL_SURFACE('',#8354,0.1);
#230=CYLINDRICAL_SURFACE('',#8359,0.1);
#231=CYLINDRICAL_SURFACE('',#8363,0.3);
#232=CYLINDRICAL_SURFACE('',#8366,0.3);
#233=CYLINDRICAL_SURFACE('',#8371,0.1);
#234=CYLINDRICAL_SURFACE('',#8375,0.1);
#235=CYLINDRICAL_SURFACE('',#8376,0.1);
#236=CYLINDRICAL_SURFACE('',#8382,0.1);
#237=CYLINDRICAL_SURFACE('',#8388,0.1);
#238=CYLINDRICAL_SURFACE('',#8389,0.3);
#239=CYLINDRICAL_SURFACE('',#8392,0.3);
#240=CYLINDRICAL_SURFACE('',#8397,0.1);
#241=CYLINDRICAL_SURFACE('',#8401,0.1);
#242=CYLINDRICAL_SURFACE('',#8407,0.1);
#243=CYLINDRICAL_SURFACE('',#8413,0.1);
#244=CYLINDRICAL_SURFACE('',#8414,0.3);
#245=CYLINDRICAL_SURFACE('',#8417,0.3);
#246=CYLINDRICAL_SURFACE('',#8422,0.1);
#247=CYLINDRICAL_SURFACE('',#8426,0.215);
#248=CYLINDRICAL_SURFACE('',#8429,0.1);
#249=CYLINDRICAL_SURFACE('',#8439,0.1);
#250=CYLINDRICAL_SURFACE('',#8440,0.1);
#251=CYLINDRICAL_SURFACE('',#8446,0.1);
#252=CYLINDRICAL_SURFACE('',#8452,0.1);
#253=CYLINDRICAL_SURFACE('',#8453,0.1);
#254=CYLINDRICAL_SURFACE('',#8468,0.1);
#255=CYLINDRICAL_SURFACE('',#8477,0.1);
#256=CYLINDRICAL_SURFACE('',#8478,0.1);
#257=CYLINDRICAL_SURFACE('',#8483,0.1);
#258=CYLINDRICAL_SURFACE('',#8488,0.1);
#259=CYLINDRICAL_SURFACE('',#8489,0.1);
#260=CYLINDRICAL_SURFACE('',#8491,0.05);
#261=CYLINDRICAL_SURFACE('',#8494,0.05);
#262=CYLINDRICAL_SURFACE('',#8497,0.05);
#263=CYLINDRICAL_SURFACE('',#8500,0.05);
#264=CYLINDRICAL_SURFACE('',#8508,0.05);
#265=CYLINDRICAL_SURFACE('',#8509,0.05);
#266=CYLINDRICAL_SURFACE('',#8511,0.05);
#267=CYLINDRICAL_SURFACE('',#8513,0.05);
#268=CYLINDRICAL_SURFACE('',#8514,0.1);
#269=CYLINDRICAL_SURFACE('',#8524,0.1);
#270=CYLINDRICAL_SURFACE('',#8525,0.1);
#271=CYLINDRICAL_SURFACE('',#8530,0.1);
#272=CYLINDRICAL_SURFACE('',#8535,0.1);
#273=CYLINDRICAL_SURFACE('',#8536,0.1);
#274=CYLINDRICAL_SURFACE('',#8538,0.1);
#275=CYLINDRICAL_SURFACE('',#8547,0.1);
#276=CYLINDRICAL_SURFACE('',#8548,0.1);
#277=CYLINDRICAL_SURFACE('',#8553,0.1);
#278=CYLINDRICAL_SURFACE('',#8558,0.1);
#279=CYLINDRICAL_SURFACE('',#8559,0.1);
#280=CYLINDRICAL_SURFACE('',#8561,0.05);
#281=CYLINDRICAL_SURFACE('',#8564,0.05);
#282=CYLINDRICAL_SURFACE('',#8567,0.05);
#283=CYLINDRICAL_SURFACE('',#8570,0.05);
#284=CYLINDRICAL_SURFACE('',#8572,0.05);
#285=CYLINDRICAL_SURFACE('',#8575,0.05);
#286=CYLINDRICAL_SURFACE('',#8578,0.05);
#287=CYLINDRICAL_SURFACE('',#8580,0.05);
#288=CYLINDRICAL_SURFACE('',#8583,0.1);
#289=CYLINDRICAL_SURFACE('',#8587,0.1);
#290=CYLINDRICAL_SURFACE('',#8597,0.1);
#291=CYLINDRICAL_SURFACE('',#8598,0.1);
#292=CYLINDRICAL_SURFACE('',#8603,0.1);
#293=CYLINDRICAL_SURFACE('',#8608,0.1);
#294=CYLINDRICAL_SURFACE('',#8609,0.1);
#295=CYLINDRICAL_SURFACE('',#8617,0.1);
#296=CYLINDRICAL_SURFACE('',#8618,0.1);
#297=CYLINDRICAL_SURFACE('',#8623,0.1);
#298=CYLINDRICAL_SURFACE('',#8628,0.1);
#299=CYLINDRICAL_SURFACE('',#8629,0.1);
#300=CYLINDRICAL_SURFACE('',#8631,0.05);
#301=CYLINDRICAL_SURFACE('',#8634,0.05);
#302=CYLINDRICAL_SURFACE('',#8636,0.05);
#303=CYLINDRICAL_SURFACE('',#8639,0.05);
#304=CYLINDRICAL_SURFACE('',#8642,0.05);
#305=CYLINDRICAL_SURFACE('',#8649,0.05);
#306=CYLINDRICAL_SURFACE('',#8650,0.05);
#307=CYLINDRICAL_SURFACE('',#8651,0.05);
#308=CYLINDRICAL_SURFACE('',#8669,0.1);
#309=CYLINDRICAL_SURFACE('',#8683,0.1);
#310=CYLINDRICAL_SURFACE('',#8684,0.1);
#311=CYLINDRICAL_SURFACE('',#8685,0.1);
#312=CYLINDRICAL_SURFACE('',#8689,0.1);
#313=CYLINDRICAL_SURFACE('',#8691,0.1);
#314=CYLINDRICAL_SURFACE('',#8693,0.1);
#315=CYLINDRICAL_SURFACE('',#8696,0.1);
#316=CYLINDRICAL_SURFACE('',#8701,0.1);
#317=CYLINDRICAL_SURFACE('',#8706,0.1);
#318=CYLINDRICAL_SURFACE('',#8711,0.1);
#319=CYLINDRICAL_SURFACE('',#8716,0.1);
#320=CYLINDRICAL_SURFACE('',#8718,0.25);
#321=CYLINDRICAL_SURFACE('',#8721,0.25);
#322=CYLINDRICAL_SURFACE('',#8728,0.1);
#323=CYLINDRICAL_SURFACE('',#8734,0.1);
#324=CYLINDRICAL_SURFACE('',#8739,0.1);
#325=CYLINDRICAL_SURFACE('',#8744,0.1);
#326=CYLINDRICAL_SURFACE('',#8745,0.25);
#327=CYLINDRICAL_SURFACE('',#8749,0.25);
#328=CYLINDRICAL_SURFACE('',#8755,0.1);
#329=CYLINDRICAL_SURFACE('',#8759,0.1);
#330=CYLINDRICAL_SURFACE('',#8763,0.1);
#331=CYLINDRICAL_SURFACE('',#8767,6.);
#332=CYLINDRICAL_SURFACE('',#8770,6.);
#333=CYLINDRICAL_SURFACE('',#8773,6.);
#334=CYLINDRICAL_SURFACE('',#8776,6.);
#335=CYLINDRICAL_SURFACE('',#8778,0.1);
#336=CYLINDRICAL_SURFACE('',#8780,0.1);
#337=CYLINDRICAL_SURFACE('',#8784,0.1);
#338=CYLINDRICAL_SURFACE('',#8788,0.1);
#339=CYLINDRICAL_SURFACE('',#8792,0.1);
#340=CYLINDRICAL_SURFACE('',#8796,6.);
#341=CYLINDRICAL_SURFACE('',#8799,6.);
#342=CYLINDRICAL_SURFACE('',#8814,0.2);
#343=CYLINDRICAL_SURFACE('',#8817,0.2);
#344=CYLINDRICAL_SURFACE('',#8823,0.2);
#345=CYLINDRICAL_SURFACE('',#8828,0.2);
#346=CYLINDRICAL_SURFACE('',#8832,0.2);
#347=CYLINDRICAL_SURFACE('',#8837,0.2);
#348=CYLINDRICAL_SURFACE('',#8839,0.2);
#349=CYLINDRICAL_SURFACE('',#8842,0.5);
#350=CYLINDRICAL_SURFACE('',#8845,0.5);
#351=CYLINDRICAL_SURFACE('',#8861,0.2);
#352=CYLINDRICAL_SURFACE('',#8866,0.2);
#353=CYLINDRICAL_SURFACE('',#8880,0.2);
#354=CYLINDRICAL_SURFACE('',#8882,0.75);
#355=CYLINDRICAL_SURFACE('',#8884,0.75);
#356=CYLINDRICAL_SURFACE('',#8886,0.75);
#357=CYLINDRICAL_SURFACE('',#8887,0.75);
#358=CYLINDRICAL_SURFACE('',#8888,0.2);
#359=CYLINDRICAL_SURFACE('',#8891,0.2);
#360=CYLINDRICAL_SURFACE('',#8897,0.2);
#361=CYLINDRICAL_SURFACE('',#8902,0.2);
#362=CYLINDRICAL_SURFACE('',#8906,0.2);
#363=CYLINDRICAL_SURFACE('',#8912,0.2);
#364=CYLINDRICAL_SURFACE('',#8914,0.2);
#365=CYLINDRICAL_SURFACE('',#8917,0.5);
#366=CYLINDRICAL_SURFACE('',#8920,0.5);
#367=CYLINDRICAL_SURFACE('',#8926,0.2);
#368=CYLINDRICAL_SURFACE('',#8931,0.2);
#369=CYLINDRICAL_SURFACE('',#8936,0.2);
#370=CYLINDRICAL_SURFACE('',#8940,0.75);
#371=CYLINDRICAL_SURFACE('',#8943,0.75);
#372=CYLINDRICAL_SURFACE('',#8946,0.75);
#373=CYLINDRICAL_SURFACE('',#8949,0.75);
#374=CYLINDRICAL_SURFACE('',#8961,0.2);
#375=CYLINDRICAL_SURFACE('',#8966,0.2);
#376=CYLINDRICAL_SURFACE('',#8971,0.2);
#377=CYLINDRICAL_SURFACE('',#8976,0.2);
#378=CYLINDRICAL_SURFACE('',#8980,2.);
#379=CYLINDRICAL_SURFACE('',#8989,2.);
#380=CYLINDRICAL_SURFACE('',#8991,0.4);
#381=CYLINDRICAL_SURFACE('',#8997,0.4);
#382=CYLINDRICAL_SURFACE('',#9015,0.4);
#383=CYLINDRICAL_SURFACE('',#9020,0.4);
#384=CYLINDRICAL_SURFACE('',#9026,0.1);
#385=CYLINDRICAL_SURFACE('',#9031,0.4);
#386=CYLINDRICAL_SURFACE('',#9037,0.4);
#387=CYLINDRICAL_SURFACE('',#9039,2.);
#388=CYLINDRICAL_SURFACE('',#9040,0.4);
#389=CYLINDRICAL_SURFACE('',#9046,0.4);
#390=CYLINDRICAL_SURFACE('',#9048,2.);
#391=CYLINDRICAL_SURFACE('',#9049,0.4);
#392=CYLINDRICAL_SURFACE('',#9054,0.4);
#393=CYLINDRICAL_SURFACE('',#9058,0.4);
#394=CYLINDRICAL_SURFACE('',#9062,0.4);
#395=CYLINDRICAL_SURFACE('',#9069,0.1);
#396=CYLINDRICAL_SURFACE('',#9074,0.1);
#397=CYLINDRICAL_SURFACE('',#9079,0.1);
#398=CYLINDRICAL_SURFACE('',#9084,0.1);
#399=CYLINDRICAL_SURFACE('',#9086,0.25);
#400=CYLINDRICAL_SURFACE('',#9089,0.25);
#401=CYLINDRICAL_SURFACE('',#9090,0.1);
#402=CYLINDRICAL_SURFACE('',#9092,0.1);
#403=CYLINDRICAL_SURFACE('',#9097,0.1);
#404=CYLINDRICAL_SURFACE('',#9100,0.25);
#405=CYLINDRICAL_SURFACE('',#9102,0.2);
#406=CYLINDRICAL_SURFACE('',#9108,0.2);
#407=CYLINDRICAL_SURFACE('',#9114,0.2);
#408=CYLINDRICAL_SURFACE('',#9116,0.5);
#409=CYLINDRICAL_SURFACE('',#9119,0.5);
#410=CYLINDRICAL_SURFACE('',#9122,0.2);
#411=CYLINDRICAL_SURFACE('',#9126,0.2);
#412=CYLINDRICAL_SURFACE('',#9130,0.2);
#413=CYLINDRICAL_SURFACE('',#9132,0.2);
#414=CYLINDRICAL_SURFACE('',#9137,0.2);
#415=CYLINDRICAL_SURFACE('',#9142,0.2);
#416=CYLINDRICAL_SURFACE('',#9143,0.2);
#417=CYLINDRICAL_SURFACE('',#9149,0.2);
#418=CYLINDRICAL_SURFACE('',#9155,0.2);
#419=CYLINDRICAL_SURFACE('',#9157,0.5);
#420=CYLINDRICAL_SURFACE('',#9159,0.5);
#421=CYLINDRICAL_SURFACE('',#9161,0.2);
#422=CYLINDRICAL_SURFACE('',#9166,0.2);
#423=CYLINDRICAL_SURFACE('',#9171,0.2);
#424=CYLINDRICAL_SURFACE('',#9172,0.2);
#425=CYLINDRICAL_SURFACE('',#9178,0.2);
#426=CYLINDRICAL_SURFACE('',#9184,0.2);
#427=CYLINDRICAL_SURFACE('',#9186,0.5);
#428=CYLINDRICAL_SURFACE('',#9188,0.5);
#429=CYLINDRICAL_SURFACE('',#9190,0.2);
#430=CYLINDRICAL_SURFACE('',#9196,0.2);
#431=CYLINDRICAL_SURFACE('',#9202,0.2);
#432=CYLINDRICAL_SURFACE('',#9204,0.5);
#433=CYLINDRICAL_SURFACE('',#9207,0.5);
#434=CYLINDRICAL_SURFACE('',#9210,0.2);
#435=CYLINDRICAL_SURFACE('',#9214,0.2);
#436=CYLINDRICAL_SURFACE('',#9218,0.2);
#437=CYLINDRICAL_SURFACE('',#9220,0.25);
#438=CYLINDRICAL_SURFACE('',#9227,0.215);
#439=CYLINDRICAL_SURFACE('',#9228,0.215);
#440=CYLINDRICAL_SURFACE('',#9229,0.215);
#441=CYLINDRICAL_SURFACE('',#9230,0.215);
#442=CYLINDRICAL_SURFACE('',#9231,0.215);
#443=CYLINDRICAL_SURFACE('',#9232,0.215);
#444=CYLINDRICAL_SURFACE('',#9233,0.215);
#445=CYLINDRICAL_SURFACE('',#9237,6.);
#446=CYLINDRICAL_SURFACE('',#9239,6.);
#447=FACE_BOUND('',#980,.T.);
#448=FACE_BOUND('',#981,.T.);
#449=FACE_BOUND('',#982,.T.);
#450=FACE_BOUND('',#983,.T.);
#451=FACE_BOUND('',#1013,.T.);
#452=FACE_BOUND('',#1014,.T.);
#453=FACE_BOUND('',#1015,.T.);
#454=FACE_BOUND('',#1016,.T.);
#455=FACE_BOUND('',#1017,.T.);
#456=FACE_BOUND('',#1018,.T.);
#457=FACE_BOUND('',#1019,.T.);
#458=FACE_BOUND('',#1090,.T.);
#459=FACE_BOUND('',#1091,.T.);
#460=FACE_BOUND('',#1092,.T.);
#461=FACE_BOUND('',#1093,.T.);
#462=FACE_BOUND('',#1216,.T.);
#463=FACE_BOUND('',#1283,.T.);
#464=FACE_BOUND('',#1284,.T.);
#465=FACE_BOUND('',#1285,.T.);
#466=FACE_BOUND('',#1286,.T.);
#467=FACE_BOUND('',#1287,.T.);
#468=FACE_BOUND('',#1288,.T.);
#469=FACE_BOUND('',#1289,.T.);
#470=FACE_BOUND('',#1290,.T.);
#471=FACE_BOUND('',#1291,.T.);
#472=FACE_BOUND('',#1292,.T.);
#473=FACE_BOUND('',#1309,.T.);
#474=FACE_BOUND('',#1310,.T.);
#475=FACE_BOUND('',#1311,.T.);
#476=FACE_BOUND('',#1312,.T.);
#477=FACE_BOUND('',#1313,.T.);
#478=FACE_BOUND('',#1364,.T.);
#479=FACE_BOUND('',#1365,.T.);
#480=FACE_BOUND('',#1366,.T.);
#481=FACE_BOUND('',#1367,.T.);
#482=FACE_BOUND('',#1368,.T.);
#483=FACE_BOUND('',#1385,.T.);
#484=FACE_OUTER_BOUND('',#979,.T.);
#485=FACE_OUTER_BOUND('',#984,.T.);
#486=FACE_OUTER_BOUND('',#985,.T.);
#487=FACE_OUTER_BOUND('',#986,.T.);
#488=FACE_OUTER_BOUND('',#987,.T.);
#489=FACE_OUTER_BOUND('',#988,.T.);
#490=FACE_OUTER_BOUND('',#989,.T.);
#491=FACE_OUTER_BOUND('',#990,.T.);
#492=FACE_OUTER_BOUND('',#991,.T.);
#493=FACE_OUTER_BOUND('',#992,.T.);
#494=FACE_OUTER_BOUND('',#993,.T.);
#495=FACE_OUTER_BOUND('',#994,.T.);
#496=FACE_OUTER_BOUND('',#995,.T.);
#497=FACE_OUTER_BOUND('',#996,.T.);
#498=FACE_OUTER_BOUND('',#997,.T.);
#499=FACE_OUTER_BOUND('',#998,.T.);
#500=FACE_OUTER_BOUND('',#999,.T.);
#501=FACE_OUTER_BOUND('',#1000,.T.);
#502=FACE_OUTER_BOUND('',#1001,.T.);
#503=FACE_OUTER_BOUND('',#1002,.T.);
#504=FACE_OUTER_BOUND('',#1003,.T.);
#505=FACE_OUTER_BOUND('',#1004,.T.);
#506=FACE_OUTER_BOUND('',#1005,.T.);
#507=FACE_OUTER_BOUND('',#1006,.T.);
#508=FACE_OUTER_BOUND('',#1007,.T.);
#509=FACE_OUTER_BOUND('',#1008,.T.);
#510=FACE_OUTER_BOUND('',#1009,.T.);
#511=FACE_OUTER_BOUND('',#1010,.T.);
#512=FACE_OUTER_BOUND('',#1011,.T.);
#513=FACE_OUTER_BOUND('',#1012,.T.);
#514=FACE_OUTER_BOUND('',#1020,.T.);
#515=FACE_OUTER_BOUND('',#1021,.T.);
#516=FACE_OUTER_BOUND('',#1022,.T.);
#517=FACE_OUTER_BOUND('',#1023,.T.);
#518=FACE_OUTER_BOUND('',#1024,.T.);
#519=FACE_OUTER_BOUND('',#1025,.T.);
#520=FACE_OUTER_BOUND('',#1026,.T.);
#521=FACE_OUTER_BOUND('',#1027,.T.);
#522=FACE_OUTER_BOUND('',#1028,.T.);
#523=FACE_OUTER_BOUND('',#1029,.T.);
#524=FACE_OUTER_BOUND('',#1030,.T.);
#525=FACE_OUTER_BOUND('',#1031,.T.);
#526=FACE_OUTER_BOUND('',#1032,.T.);
#527=FACE_OUTER_BOUND('',#1033,.T.);
#528=FACE_OUTER_BOUND('',#1034,.T.);
#529=FACE_OUTER_BOUND('',#1035,.T.);
#530=FACE_OUTER_BOUND('',#1036,.T.);
#531=FACE_OUTER_BOUND('',#1037,.T.);
#532=FACE_OUTER_BOUND('',#1038,.T.);
#533=FACE_OUTER_BOUND('',#1039,.T.);
#534=FACE_OUTER_BOUND('',#1040,.T.);
#535=FACE_OUTER_BOUND('',#1041,.T.);
#536=FACE_OUTER_BOUND('',#1042,.T.);
#537=FACE_OUTER_BOUND('',#1043,.T.);
#538=FACE_OUTER_BOUND('',#1044,.T.);
#539=FACE_OUTER_BOUND('',#1045,.T.);
#540=FACE_OUTER_BOUND('',#1046,.T.);
#541=FACE_OUTER_BOUND('',#1047,.T.);
#542=FACE_OUTER_BOUND('',#1048,.T.);
#543=FACE_OUTER_BOUND('',#1049,.T.);
#544=FACE_OUTER_BOUND('',#1050,.T.);
#545=FACE_OUTER_BOUND('',#1051,.T.);
#546=FACE_OUTER_BOUND('',#1052,.T.);
#547=FACE_OUTER_BOUND('',#1053,.T.);
#548=FACE_OUTER_BOUND('',#1054,.T.);
#549=FACE_OUTER_BOUND('',#1055,.T.);
#550=FACE_OUTER_BOUND('',#1056,.T.);
#551=FACE_OUTER_BOUND('',#1057,.T.);
#552=FACE_OUTER_BOUND('',#1058,.T.);
#553=FACE_OUTER_BOUND('',#1059,.T.);
#554=FACE_OUTER_BOUND('',#1060,.T.);
#555=FACE_OUTER_BOUND('',#1061,.T.);
#556=FACE_OUTER_BOUND('',#1062,.T.);
#557=FACE_OUTER_BOUND('',#1063,.T.);
#558=FACE_OUTER_BOUND('',#1064,.T.);
#559=FACE_OUTER_BOUND('',#1065,.T.);
#560=FACE_OUTER_BOUND('',#1066,.T.);
#561=FACE_OUTER_BOUND('',#1067,.T.);
#562=FACE_OUTER_BOUND('',#1068,.T.);
#563=FACE_OUTER_BOUND('',#1069,.T.);
#564=FACE_OUTER_BOUND('',#1070,.T.);
#565=FACE_OUTER_BOUND('',#1071,.T.);
#566=FACE_OUTER_BOUND('',#1072,.T.);
#567=FACE_OUTER_BOUND('',#1073,.T.);
#568=FACE_OUTER_BOUND('',#1074,.T.);
#569=FACE_OUTER_BOUND('',#1075,.T.);
#570=FACE_OUTER_BOUND('',#1076,.T.);
#571=FACE_OUTER_BOUND('',#1077,.T.);
#572=FACE_OUTER_BOUND('',#1078,.T.);
#573=FACE_OUTER_BOUND('',#1079,.T.);
#574=FACE_OUTER_BOUND('',#1080,.T.);
#575=FACE_OUTER_BOUND('',#1081,.T.);
#576=FACE_OUTER_BOUND('',#1082,.T.);
#577=FACE_OUTER_BOUND('',#1083,.T.);
#578=FACE_OUTER_BOUND('',#1084,.T.);
#579=FACE_OUTER_BOUND('',#1085,.T.);
#580=FACE_OUTER_BOUND('',#1086,.T.);
#581=FACE_OUTER_BOUND('',#1087,.T.);
#582=FACE_OUTER_BOUND('',#1088,.T.);
#583=FACE_OUTER_BOUND('',#1089,.T.);
#584=FACE_OUTER_BOUND('',#1094,.T.);
#585=FACE_OUTER_BOUND('',#1095,.T.);
#586=FACE_OUTER_BOUND('',#1096,.T.);
#587=FACE_OUTER_BOUND('',#1097,.T.);
#588=FACE_OUTER_BOUND('',#1098,.T.);
#589=FACE_OUTER_BOUND('',#1099,.T.);
#590=FACE_OUTER_BOUND('',#1100,.T.);
#591=FACE_OUTER_BOUND('',#1101,.T.);
#592=FACE_OUTER_BOUND('',#1102,.T.);
#593=FACE_OUTER_BOUND('',#1103,.T.);
#594=FACE_OUTER_BOUND('',#1104,.T.);
#595=FACE_OUTER_BOUND('',#1105,.T.);
#596=FACE_OUTER_BOUND('',#1106,.T.);
#597=FACE_OUTER_BOUND('',#1107,.T.);
#598=FACE_OUTER_BOUND('',#1108,.T.);
#599=FACE_OUTER_BOUND('',#1109,.T.);
#600=FACE_OUTER_BOUND('',#1110,.T.);
#601=FACE_OUTER_BOUND('',#1111,.T.);
#602=FACE_OUTER_BOUND('',#1112,.T.);
#603=FACE_OUTER_BOUND('',#1113,.T.);
#604=FACE_OUTER_BOUND('',#1114,.T.);
#605=FACE_OUTER_BOUND('',#1115,.T.);
#606=FACE_OUTER_BOUND('',#1116,.T.);
#607=FACE_OUTER_BOUND('',#1117,.T.);
#608=FACE_OUTER_BOUND('',#1118,.T.);
#609=FACE_OUTER_BOUND('',#1119,.T.);
#610=FACE_OUTER_BOUND('',#1120,.T.);
#611=FACE_OUTER_BOUND('',#1121,.T.);
#612=FACE_OUTER_BOUND('',#1122,.T.);
#613=FACE_OUTER_BOUND('',#1123,.T.);
#614=FACE_OUTER_BOUND('',#1124,.T.);
#615=FACE_OUTER_BOUND('',#1125,.T.);
#616=FACE_OUTER_BOUND('',#1126,.T.);
#617=FACE_OUTER_BOUND('',#1127,.T.);
#618=FACE_OUTER_BOUND('',#1128,.T.);
#619=FACE_OUTER_BOUND('',#1129,.T.);
#620=FACE_OUTER_BOUND('',#1130,.T.);
#621=FACE_OUTER_BOUND('',#1131,.T.);
#622=FACE_OUTER_BOUND('',#1132,.T.);
#623=FACE_OUTER_BOUND('',#1133,.T.);
#624=FACE_OUTER_BOUND('',#1134,.T.);
#625=FACE_OUTER_BOUND('',#1135,.T.);
#626=FACE_OUTER_BOUND('',#1136,.T.);
#627=FACE_OUTER_BOUND('',#1137,.T.);
#628=FACE_OUTER_BOUND('',#1138,.T.);
#629=FACE_OUTER_BOUND('',#1139,.T.);
#630=FACE_OUTER_BOUND('',#1140,.T.);
#631=FACE_OUTER_BOUND('',#1141,.T.);
#632=FACE_OUTER_BOUND('',#1142,.T.);
#633=FACE_OUTER_BOUND('',#1143,.T.);
#634=FACE_OUTER_BOUND('',#1144,.T.);
#635=FACE_OUTER_BOUND('',#1145,.T.);
#636=FACE_OUTER_BOUND('',#1146,.T.);
#637=FACE_OUTER_BOUND('',#1147,.T.);
#638=FACE_OUTER_BOUND('',#1148,.T.);
#639=FACE_OUTER_BOUND('',#1149,.T.);
#640=FACE_OUTER_BOUND('',#1150,.T.);
#641=FACE_OUTER_BOUND('',#1151,.T.);
#642=FACE_OUTER_BOUND('',#1152,.T.);
#643=FACE_OUTER_BOUND('',#1153,.T.);
#644=FACE_OUTER_BOUND('',#1154,.T.);
#645=FACE_OUTER_BOUND('',#1155,.T.);
#646=FACE_OUTER_BOUND('',#1156,.T.);
#647=FACE_OUTER_BOUND('',#1157,.T.);
#648=FACE_OUTER_BOUND('',#1158,.T.);
#649=FACE_OUTER_BOUND('',#1159,.T.);
#650=FACE_OUTER_BOUND('',#1160,.T.);
#651=FACE_OUTER_BOUND('',#1161,.T.);
#652=FACE_OUTER_BOUND('',#1162,.T.);
#653=FACE_OUTER_BOUND('',#1163,.T.);
#654=FACE_OUTER_BOUND('',#1164,.T.);
#655=FACE_OUTER_BOUND('',#1165,.T.);
#656=FACE_OUTER_BOUND('',#1166,.T.);
#657=FACE_OUTER_BOUND('',#1167,.T.);
#658=FACE_OUTER_BOUND('',#1168,.T.);
#659=FACE_OUTER_BOUND('',#1169,.T.);
#660=FACE_OUTER_BOUND('',#1170,.T.);
#661=FACE_OUTER_BOUND('',#1171,.T.);
#662=FACE_OUTER_BOUND('',#1172,.T.);
#663=FACE_OUTER_BOUND('',#1173,.T.);
#664=FACE_OUTER_BOUND('',#1174,.T.);
#665=FACE_OUTER_BOUND('',#1175,.T.);
#666=FACE_OUTER_BOUND('',#1176,.T.);
#667=FACE_OUTER_BOUND('',#1177,.T.);
#668=FACE_OUTER_BOUND('',#1178,.T.);
#669=FACE_OUTER_BOUND('',#1179,.T.);
#670=FACE_OUTER_BOUND('',#1180,.T.);
#671=FACE_OUTER_BOUND('',#1181,.T.);
#672=FACE_OUTER_BOUND('',#1182,.T.);
#673=FACE_OUTER_BOUND('',#1183,.T.);
#674=FACE_OUTER_BOUND('',#1184,.T.);
#675=FACE_OUTER_BOUND('',#1185,.T.);
#676=FACE_OUTER_BOUND('',#1186,.T.);
#677=FACE_OUTER_BOUND('',#1187,.T.);
#678=FACE_OUTER_BOUND('',#1188,.T.);
#679=FACE_OUTER_BOUND('',#1189,.T.);
#680=FACE_OUTER_BOUND('',#1190,.T.);
#681=FACE_OUTER_BOUND('',#1191,.T.);
#682=FACE_OUTER_BOUND('',#1192,.T.);
#683=FACE_OUTER_BOUND('',#1193,.T.);
#684=FACE_OUTER_BOUND('',#1194,.T.);
#685=FACE_OUTER_BOUND('',#1195,.T.);
#686=FACE_OUTER_BOUND('',#1196,.T.);
#687=FACE_OUTER_BOUND('',#1197,.T.);
#688=FACE_OUTER_BOUND('',#1198,.T.);
#689=FACE_OUTER_BOUND('',#1199,.T.);
#690=FACE_OUTER_BOUND('',#1200,.T.);
#691=FACE_OUTER_BOUND('',#1201,.T.);
#692=FACE_OUTER_BOUND('',#1202,.T.);
#693=FACE_OUTER_BOUND('',#1203,.T.);
#694=FACE_OUTER_BOUND('',#1204,.T.);
#695=FACE_OUTER_BOUND('',#1205,.T.);
#696=FACE_OUTER_BOUND('',#1206,.T.);
#697=FACE_OUTER_BOUND('',#1207,.T.);
#698=FACE_OUTER_BOUND('',#1208,.T.);
#699=FACE_OUTER_BOUND('',#1209,.T.);
#700=FACE_OUTER_BOUND('',#1210,.T.);
#701=FACE_OUTER_BOUND('',#1211,.T.);
#702=FACE_OUTER_BOUND('',#1212,.T.);
#703=FACE_OUTER_BOUND('',#1213,.T.);
#704=FACE_OUTER_BOUND('',#1214,.T.);
#705=FACE_OUTER_BOUND('',#1215,.T.);
#706=FACE_OUTER_BOUND('',#1217,.T.);
#707=FACE_OUTER_BOUND('',#1218,.T.);
#708=FACE_OUTER_BOUND('',#1219,.T.);
#709=FACE_OUTER_BOUND('',#1220,.T.);
#710=FACE_OUTER_BOUND('',#1221,.T.);
#711=FACE_OUTER_BOUND('',#1222,.T.);
#712=FACE_OUTER_BOUND('',#1223,.T.);
#713=FACE_OUTER_BOUND('',#1224,.T.);
#714=FACE_OUTER_BOUND('',#1225,.T.);
#715=FACE_OUTER_BOUND('',#1226,.T.);
#716=FACE_OUTER_BOUND('',#1227,.T.);
#717=FACE_OUTER_BOUND('',#1228,.T.);
#718=FACE_OUTER_BOUND('',#1229,.T.);
#719=FACE_OUTER_BOUND('',#1230,.T.);
#720=FACE_OUTER_BOUND('',#1231,.T.);
#721=FACE_OUTER_BOUND('',#1232,.T.);
#722=FACE_OUTER_BOUND('',#1233,.T.);
#723=FACE_OUTER_BOUND('',#1234,.T.);
#724=FACE_OUTER_BOUND('',#1235,.T.);
#725=FACE_OUTER_BOUND('',#1236,.T.);
#726=FACE_OUTER_BOUND('',#1237,.T.);
#727=FACE_OUTER_BOUND('',#1238,.T.);
#728=FACE_OUTER_BOUND('',#1239,.T.);
#729=FACE_OUTER_BOUND('',#1240,.T.);
#730=FACE_OUTER_BOUND('',#1241,.T.);
#731=FACE_OUTER_BOUND('',#1242,.T.);
#732=FACE_OUTER_BOUND('',#1243,.T.);
#733=FACE_OUTER_BOUND('',#1244,.T.);
#734=FACE_OUTER_BOUND('',#1245,.T.);
#735=FACE_OUTER_BOUND('',#1246,.T.);
#736=FACE_OUTER_BOUND('',#1247,.T.);
#737=FACE_OUTER_BOUND('',#1248,.T.);
#738=FACE_OUTER_BOUND('',#1249,.T.);
#739=FACE_OUTER_BOUND('',#1250,.T.);
#740=FACE_OUTER_BOUND('',#1251,.T.);
#741=FACE_OUTER_BOUND('',#1252,.T.);
#742=FACE_OUTER_BOUND('',#1253,.T.);
#743=FACE_OUTER_BOUND('',#1254,.T.);
#744=FACE_OUTER_BOUND('',#1255,.T.);
#745=FACE_OUTER_BOUND('',#1256,.T.);
#746=FACE_OUTER_BOUND('',#1257,.T.);
#747=FACE_OUTER_BOUND('',#1258,.T.);
#748=FACE_OUTER_BOUND('',#1259,.T.);
#749=FACE_OUTER_BOUND('',#1260,.T.);
#750=FACE_OUTER_BOUND('',#1261,.T.);
#751=FACE_OUTER_BOUND('',#1262,.T.);
#752=FACE_OUTER_BOUND('',#1263,.T.);
#753=FACE_OUTER_BOUND('',#1264,.T.);
#754=FACE_OUTER_BOUND('',#1265,.T.);
#755=FACE_OUTER_BOUND('',#1266,.T.);
#756=FACE_OUTER_BOUND('',#1267,.T.);
#757=FACE_OUTER_BOUND('',#1268,.T.);
#758=FACE_OUTER_BOUND('',#1269,.T.);
#759=FACE_OUTER_BOUND('',#1270,.T.);
#760=FACE_OUTER_BOUND('',#1271,.T.);
#761=FACE_OUTER_BOUND('',#1272,.T.);
#762=FACE_OUTER_BOUND('',#1273,.T.);
#763=FACE_OUTER_BOUND('',#1274,.T.);
#764=FACE_OUTER_BOUND('',#1275,.T.);
#765=FACE_OUTER_BOUND('',#1276,.T.);
#766=FACE_OUTER_BOUND('',#1277,.T.);
#767=FACE_OUTER_BOUND('',#1278,.T.);
#768=FACE_OUTER_BOUND('',#1279,.T.);
#769=FACE_OUTER_BOUND('',#1280,.T.);
#770=FACE_OUTER_BOUND('',#1281,.T.);
#771=FACE_OUTER_BOUND('',#1282,.T.);
#772=FACE_OUTER_BOUND('',#1293,.T.);
#773=FACE_OUTER_BOUND('',#1294,.T.);
#774=FACE_OUTER_BOUND('',#1295,.T.);
#775=FACE_OUTER_BOUND('',#1296,.T.);
#776=FACE_OUTER_BOUND('',#1297,.T.);
#777=FACE_OUTER_BOUND('',#1298,.T.);
#778=FACE_OUTER_BOUND('',#1299,.T.);
#779=FACE_OUTER_BOUND('',#1300,.T.);
#780=FACE_OUTER_BOUND('',#1301,.T.);
#781=FACE_OUTER_BOUND('',#1302,.T.);
#782=FACE_OUTER_BOUND('',#1303,.T.);
#783=FACE_OUTER_BOUND('',#1304,.T.);
#784=FACE_OUTER_BOUND('',#1305,.T.);
#785=FACE_OUTER_BOUND('',#1306,.T.);
#786=FACE_OUTER_BOUND('',#1307,.T.);
#787=FACE_OUTER_BOUND('',#1308,.T.);
#788=FACE_OUTER_BOUND('',#1314,.T.);
#789=FACE_OUTER_BOUND('',#1315,.T.);
#790=FACE_OUTER_BOUND('',#1316,.T.);
#791=FACE_OUTER_BOUND('',#1317,.T.);
#792=FACE_OUTER_BOUND('',#1318,.T.);
#793=FACE_OUTER_BOUND('',#1319,.T.);
#794=FACE_OUTER_BOUND('',#1320,.T.);
#795=FACE_OUTER_BOUND('',#1321,.T.);
#796=FACE_OUTER_BOUND('',#1322,.T.);
#797=FACE_OUTER_BOUND('',#1323,.T.);
#798=FACE_OUTER_BOUND('',#1324,.T.);
#799=FACE_OUTER_BOUND('',#1325,.T.);
#800=FACE_OUTER_BOUND('',#1326,.T.);
#801=FACE_OUTER_BOUND('',#1327,.T.);
#802=FACE_OUTER_BOUND('',#1328,.T.);
#803=FACE_OUTER_BOUND('',#1329,.T.);
#804=FACE_OUTER_BOUND('',#1330,.T.);
#805=FACE_OUTER_BOUND('',#1331,.T.);
#806=FACE_OUTER_BOUND('',#1332,.T.);
#807=FACE_OUTER_BOUND('',#1333,.T.);
#808=FACE_OUTER_BOUND('',#1334,.T.);
#809=FACE_OUTER_BOUND('',#1335,.T.);
#810=FACE_OUTER_BOUND('',#1336,.T.);
#811=FACE_OUTER_BOUND('',#1337,.T.);
#812=FACE_OUTER_BOUND('',#1338,.T.);
#813=FACE_OUTER_BOUND('',#1339,.T.);
#814=FACE_OUTER_BOUND('',#1340,.T.);
#815=FACE_OUTER_BOUND('',#1341,.T.);
#816=FACE_OUTER_BOUND('',#1342,.T.);
#817=FACE_OUTER_BOUND('',#1343,.T.);
#818=FACE_OUTER_BOUND('',#1344,.T.);
#819=FACE_OUTER_BOUND('',#1345,.T.);
#820=FACE_OUTER_BOUND('',#1346,.T.);
#821=FACE_OUTER_BOUND('',#1347,.T.);
#822=FACE_OUTER_BOUND('',#1348,.T.);
#823=FACE_OUTER_BOUND('',#1349,.T.);
#824=FACE_OUTER_BOUND('',#1350,.T.);
#825=FACE_OUTER_BOUND('',#1351,.T.);
#826=FACE_OUTER_BOUND('',#1352,.T.);
#827=FACE_OUTER_BOUND('',#1353,.T.);
#828=FACE_OUTER_BOUND('',#1354,.T.);
#829=FACE_OUTER_BOUND('',#1355,.T.);
#830=FACE_OUTER_BOUND('',#1356,.T.);
#831=FACE_OUTER_BOUND('',#1357,.T.);
#832=FACE_OUTER_BOUND('',#1358,.T.);
#833=FACE_OUTER_BOUND('',#1359,.T.);
#834=FACE_OUTER_BOUND('',#1360,.T.);
#835=FACE_OUTER_BOUND('',#1361,.T.);
#836=FACE_OUTER_BOUND('',#1362,.T.);
#837=FACE_OUTER_BOUND('',#1363,.T.);
#838=FACE_OUTER_BOUND('',#1369,.T.);
#839=FACE_OUTER_BOUND('',#1370,.T.);
#840=FACE_OUTER_BOUND('',#1371,.T.);
#841=FACE_OUTER_BOUND('',#1372,.T.);
#842=FACE_OUTER_BOUND('',#1373,.T.);
#843=FACE_OUTER_BOUND('',#1374,.T.);
#844=FACE_OUTER_BOUND('',#1375,.T.);
#845=FACE_OUTER_BOUND('',#1376,.T.);
#846=FACE_OUTER_BOUND('',#1377,.T.);
#847=FACE_OUTER_BOUND('',#1378,.T.);
#848=FACE_OUTER_BOUND('',#1379,.T.);
#849=FACE_OUTER_BOUND('',#1380,.T.);
#850=FACE_OUTER_BOUND('',#1381,.T.);
#851=FACE_OUTER_BOUND('',#1382,.T.);
#852=FACE_OUTER_BOUND('',#1383,.T.);
#853=FACE_OUTER_BOUND('',#1384,.T.);
#854=FACE_OUTER_BOUND('',#1386,.T.);
#855=FACE_OUTER_BOUND('',#1387,.T.);
#856=FACE_OUTER_BOUND('',#1388,.T.);
#857=FACE_OUTER_BOUND('',#1389,.T.);
#858=FACE_OUTER_BOUND('',#1390,.T.);
#859=FACE_OUTER_BOUND('',#1391,.T.);
#860=FACE_OUTER_BOUND('',#1392,.T.);
#861=FACE_OUTER_BOUND('',#1393,.T.);
#862=FACE_OUTER_BOUND('',#1394,.T.);
#863=FACE_OUTER_BOUND('',#1395,.T.);
#864=FACE_OUTER_BOUND('',#1396,.T.);
#865=FACE_OUTER_BOUND('',#1397,.T.);
#866=FACE_OUTER_BOUND('',#1398,.T.);
#867=FACE_OUTER_BOUND('',#1399,.T.);
#868=FACE_OUTER_BOUND('',#1400,.T.);
#869=FACE_OUTER_BOUND('',#1401,.T.);
#870=FACE_OUTER_BOUND('',#1402,.T.);
#871=FACE_OUTER_BOUND('',#1403,.T.);
#872=FACE_OUTER_BOUND('',#1404,.T.);
#873=FACE_OUTER_BOUND('',#1405,.T.);
#874=FACE_OUTER_BOUND('',#1406,.T.);
#875=FACE_OUTER_BOUND('',#1407,.T.);
#876=FACE_OUTER_BOUND('',#1408,.T.);
#877=FACE_OUTER_BOUND('',#1409,.T.);
#878=FACE_OUTER_BOUND('',#1410,.T.);
#879=FACE_OUTER_BOUND('',#1411,.T.);
#880=FACE_OUTER_BOUND('',#1412,.T.);
#881=FACE_OUTER_BOUND('',#1413,.T.);
#882=FACE_OUTER_BOUND('',#1414,.T.);
#883=FACE_OUTER_BOUND('',#1415,.T.);
#884=FACE_OUTER_BOUND('',#1416,.T.);
#885=FACE_OUTER_BOUND('',#1417,.T.);
#886=FACE_OUTER_BOUND('',#1418,.T.);
#887=FACE_OUTER_BOUND('',#1419,.T.);
#888=FACE_OUTER_BOUND('',#1420,.T.);
#889=FACE_OUTER_BOUND('',#1421,.T.);
#890=FACE_OUTER_BOUND('',#1422,.T.);
#891=FACE_OUTER_BOUND('',#1423,.T.);
#892=FACE_OUTER_BOUND('',#1424,.T.);
#893=FACE_OUTER_BOUND('',#1425,.T.);
#894=FACE_OUTER_BOUND('',#1426,.T.);
#895=FACE_OUTER_BOUND('',#1427,.T.);
#896=FACE_OUTER_BOUND('',#1428,.T.);
#897=FACE_OUTER_BOUND('',#1429,.T.);
#898=FACE_OUTER_BOUND('',#1430,.T.);
#899=FACE_OUTER_BOUND('',#1431,.T.);
#900=FACE_OUTER_BOUND('',#1432,.T.);
#901=FACE_OUTER_BOUND('',#1433,.T.);
#902=FACE_OUTER_BOUND('',#1434,.T.);
#903=FACE_OUTER_BOUND('',#1435,.T.);
#904=FACE_OUTER_BOUND('',#1436,.T.);
#905=FACE_OUTER_BOUND('',#1437,.T.);
#906=FACE_OUTER_BOUND('',#1438,.T.);
#907=FACE_OUTER_BOUND('',#1439,.T.);
#908=FACE_OUTER_BOUND('',#1440,.T.);
#909=FACE_OUTER_BOUND('',#1441,.T.);
#910=FACE_OUTER_BOUND('',#1442,.T.);
#911=FACE_OUTER_BOUND('',#1443,.T.);
#912=FACE_OUTER_BOUND('',#1444,.T.);
#913=FACE_OUTER_BOUND('',#1445,.T.);
#914=FACE_OUTER_BOUND('',#1446,.T.);
#915=FACE_OUTER_BOUND('',#1447,.T.);
#916=FACE_OUTER_BOUND('',#1448,.T.);
#917=FACE_OUTER_BOUND('',#1449,.T.);
#918=FACE_OUTER_BOUND('',#1450,.T.);
#919=FACE_OUTER_BOUND('',#1451,.T.);
#920=FACE_OUTER_BOUND('',#1452,.T.);
#921=FACE_OUTER_BOUND('',#1453,.T.);
#922=FACE_OUTER_BOUND('',#1454,.T.);
#923=FACE_OUTER_BOUND('',#1455,.T.);
#924=FACE_OUTER_BOUND('',#1456,.T.);
#925=FACE_OUTER_BOUND('',#1457,.T.);
#926=FACE_OUTER_BOUND('',#1458,.T.);
#927=FACE_OUTER_BOUND('',#1459,.T.);
#928=FACE_OUTER_BOUND('',#1460,.T.);
#929=FACE_OUTER_BOUND('',#1461,.T.);
#930=FACE_OUTER_BOUND('',#1462,.T.);
#931=FACE_OUTER_BOUND('',#1463,.T.);
#932=FACE_OUTER_BOUND('',#1464,.T.);
#933=FACE_OUTER_BOUND('',#1465,.T.);
#934=FACE_OUTER_BOUND('',#1466,.T.);
#935=FACE_OUTER_BOUND('',#1467,.T.);
#936=FACE_OUTER_BOUND('',#1468,.T.);
#937=FACE_OUTER_BOUND('',#1469,.T.);
#938=FACE_OUTER_BOUND('',#1470,.T.);
#939=FACE_OUTER_BOUND('',#1471,.T.);
#940=FACE_OUTER_BOUND('',#1472,.T.);
#941=FACE_OUTER_BOUND('',#1473,.T.);
#942=FACE_OUTER_BOUND('',#1474,.T.);
#943=FACE_OUTER_BOUND('',#1475,.T.);
#944=FACE_OUTER_BOUND('',#1476,.T.);
#945=FACE_OUTER_BOUND('',#1477,.T.);
#946=FACE_OUTER_BOUND('',#1478,.T.);
#947=FACE_OUTER_BOUND('',#1479,.T.);
#948=FACE_OUTER_BOUND('',#1480,.T.);
#949=FACE_OUTER_BOUND('',#1481,.T.);
#950=FACE_OUTER_BOUND('',#1482,.T.);
#951=FACE_OUTER_BOUND('',#1483,.T.);
#952=FACE_OUTER_BOUND('',#1484,.T.);
#953=FACE_OUTER_BOUND('',#1485,.T.);
#954=FACE_OUTER_BOUND('',#1486,.T.);
#955=FACE_OUTER_BOUND('',#1487,.T.);
#956=FACE_OUTER_BOUND('',#1488,.T.);
#957=FACE_OUTER_BOUND('',#1489,.T.);
#958=FACE_OUTER_BOUND('',#1490,.T.);
#959=FACE_OUTER_BOUND('',#1491,.T.);
#960=FACE_OUTER_BOUND('',#1492,.T.);
#961=FACE_OUTER_BOUND('',#1493,.T.);
#962=FACE_OUTER_BOUND('',#1494,.T.);
#963=FACE_OUTER_BOUND('',#1495,.T.);
#964=FACE_OUTER_BOUND('',#1496,.T.);
#965=FACE_OUTER_BOUND('',#1497,.T.);
#966=FACE_OUTER_BOUND('',#1498,.T.);
#967=FACE_OUTER_BOUND('',#1499,.T.);
#968=FACE_OUTER_BOUND('',#1500,.T.);
#969=FACE_OUTER_BOUND('',#1501,.T.);
#970=FACE_OUTER_BOUND('',#1502,.T.);
#971=FACE_OUTER_BOUND('',#1503,.T.);
#972=FACE_OUTER_BOUND('',#1504,.T.);
#973=FACE_OUTER_BOUND('',#1505,.T.);
#974=FACE_OUTER_BOUND('',#1506,.T.);
#975=FACE_OUTER_BOUND('',#1507,.T.);
#976=FACE_OUTER_BOUND('',#1508,.T.);
#977=FACE_OUTER_BOUND('',#1509,.T.);
#978=FACE_OUTER_BOUND('',#1510,.T.);
#979=EDGE_LOOP('',(#5179,#5180,#5181,#5182,#5183,#5184,#5185,#5186,#5187,
#5188,#5189,#5190,#5191,#5192,#5193,#5194,#5195,#5196,#5197,#5198,#5199,
#5200));
#980=EDGE_LOOP('',(#5201,#5202,#5203,#5204,#5205,#5206,#5207,#5208,#5209,
#5210,#5211,#5212,#5213,#5214));
#981=EDGE_LOOP('',(#5215,#5216,#5217,#5218,#5219,#5220,#5221,#5222));
#982=EDGE_LOOP('',(#5223,#5224,#5225,#5226,#5227,#5228,#5229,#5230));
#983=EDGE_LOOP('',(#5231,#5232,#5233,#5234,#5235,#5236,#5237,#5238));
#984=EDGE_LOOP('',(#5239,#5240,#5241,#5242));
#985=EDGE_LOOP('',(#5243,#5244,#5245,#5246));
#986=EDGE_LOOP('',(#5247,#5248,#5249,#5250));
#987=EDGE_LOOP('',(#5251,#5252,#5253,#5254));
#988=EDGE_LOOP('',(#5255,#5256,#5257,#5258));
#989=EDGE_LOOP('',(#5259,#5260,#5261,#5262));
#990=EDGE_LOOP('',(#5263,#5264,#5265,#5266));
#991=EDGE_LOOP('',(#5267,#5268,#5269,#5270));
#992=EDGE_LOOP('',(#5271,#5272,#5273,#5274));
#993=EDGE_LOOP('',(#5275,#5276,#5277,#5278));
#994=EDGE_LOOP('',(#5279,#5280,#5281,#5282));
#995=EDGE_LOOP('',(#5283,#5284,#5285,#5286));
#996=EDGE_LOOP('',(#5287,#5288,#5289,#5290));
#997=EDGE_LOOP('',(#5291,#5292,#5293,#5294));
#998=EDGE_LOOP('',(#5295,#5296,#5297,#5298));
#999=EDGE_LOOP('',(#5299,#5300,#5301,#5302));
#1000=EDGE_LOOP('',(#5303,#5304,#5305,#5306));
#1001=EDGE_LOOP('',(#5307,#5308,#5309,#5310));
#1002=EDGE_LOOP('',(#5311,#5312,#5313,#5314));
#1003=EDGE_LOOP('',(#5315,#5316,#5317,#5318));
#1004=EDGE_LOOP('',(#5319,#5320,#5321,#5322));
#1005=EDGE_LOOP('',(#5323,#5324,#5325,#5326));
#1006=EDGE_LOOP('',(#5327,#5328,#5329,#5330));
#1007=EDGE_LOOP('',(#5331,#5332,#5333,#5334));
#1008=EDGE_LOOP('',(#5335,#5336,#5337,#5338));
#1009=EDGE_LOOP('',(#5339,#5340,#5341,#5342));
#1010=EDGE_LOOP('',(#5343,#5344,#5345,#5346));
#1011=EDGE_LOOP('',(#5347,#5348,#5349,#5350));
#1012=EDGE_LOOP('',(#5351,#5352,#5353,#5354));
#1013=EDGE_LOOP('',(#5355,#5356,#5357,#5358,#5359,#5360));
#1014=EDGE_LOOP('',(#5361,#5362,#5363,#5364));
#1015=EDGE_LOOP('',(#5365,#5366,#5367,#5368));
#1016=EDGE_LOOP('',(#5369,#5370,#5371,#5372));
#1017=EDGE_LOOP('',(#5373,#5374,#5375,#5376));
#1018=EDGE_LOOP('',(#5377,#5378,#5379,#5380));
#1019=EDGE_LOOP('',(#5381,#5382,#5383,#5384));
#1020=EDGE_LOOP('',(#5385,#5386,#5387,#5388));
#1021=EDGE_LOOP('',(#5389,#5390,#5391,#5392,#5393,#5394,#5395,#5396,#5397,
#5398,#5399,#5400));
#1022=EDGE_LOOP('',(#5401,#5402,#5403,#5404));
#1023=EDGE_LOOP('',(#5405,#5406,#5407,#5408));
#1024=EDGE_LOOP('',(#5409,#5410,#5411,#5412));
#1025=EDGE_LOOP('',(#5413,#5414,#5415,#5416,#5417,#5418,#5419,#5420,#5421,
#5422,#5423,#5424,#5425,#5426,#5427,#5428,#5429,#5430));
#1026=EDGE_LOOP('',(#5431,#5432,#5433,#5434));
#1027=EDGE_LOOP('',(#5435,#5436,#5437,#5438));
#1028=EDGE_LOOP('',(#5439,#5440,#5441,#5442));
#1029=EDGE_LOOP('',(#5443,#5444,#5445,#5446,#5447,#5448));
#1030=EDGE_LOOP('',(#5449,#5450,#5451,#5452));
#1031=EDGE_LOOP('',(#5453,#5454,#5455,#5456,#5457,#5458));
#1032=EDGE_LOOP('',(#5459,#5460,#5461,#5462));
#1033=EDGE_LOOP('',(#5463,#5464,#5465,#5466));
#1034=EDGE_LOOP('',(#5467,#5468,#5469,#5470));
#1035=EDGE_LOOP('',(#5471,#5472,#5473,#5474,#5475,#5476));
#1036=EDGE_LOOP('',(#5477,#5478,#5479,#5480));
#1037=EDGE_LOOP('',(#5481,#5482,#5483,#5484));
#1038=EDGE_LOOP('',(#5485,#5486,#5487,#5488,#5489,#5490));
#1039=EDGE_LOOP('',(#5491,#5492,#5493,#5494));
#1040=EDGE_LOOP('',(#5495,#5496,#5497,#5498));
#1041=EDGE_LOOP('',(#5499,#5500,#5501,#5502));
#1042=EDGE_LOOP('',(#5503,#5504,#5505,#5506));
#1043=EDGE_LOOP('',(#5507,#5508,#5509,#5510));
#1044=EDGE_LOOP('',(#5511,#5512,#5513,#5514));
#1045=EDGE_LOOP('',(#5515,#5516,#5517,#5518));
#1046=EDGE_LOOP('',(#5519,#5520,#5521,#5522));
#1047=EDGE_LOOP('',(#5523,#5524,#5525,#5526));
#1048=EDGE_LOOP('',(#5527,#5528,#5529,#5530));
#1049=EDGE_LOOP('',(#5531,#5532,#5533,#5534));
#1050=EDGE_LOOP('',(#5535,#5536,#5537,#5538));
#1051=EDGE_LOOP('',(#5539,#5540,#5541,#5542));
#1052=EDGE_LOOP('',(#5543,#5544,#5545,#5546));
#1053=EDGE_LOOP('',(#5547,#5548,#5549,#5550));
#1054=EDGE_LOOP('',(#5551,#5552,#5553,#5554));
#1055=EDGE_LOOP('',(#5555,#5556,#5557,#5558));
#1056=EDGE_LOOP('',(#5559,#5560,#5561,#5562));
#1057=EDGE_LOOP('',(#5563,#5564,#5565,#5566));
#1058=EDGE_LOOP('',(#5567,#5568,#5569,#5570));
#1059=EDGE_LOOP('',(#5571,#5572,#5573,#5574));
#1060=EDGE_LOOP('',(#5575,#5576,#5577,#5578));
#1061=EDGE_LOOP('',(#5579,#5580,#5581,#5582));
#1062=EDGE_LOOP('',(#5583,#5584,#5585,#5586));
#1063=EDGE_LOOP('',(#5587,#5588,#5589,#5590,#5591,#5592));
#1064=EDGE_LOOP('',(#5593,#5594,#5595,#5596));
#1065=EDGE_LOOP('',(#5597,#5598,#5599,#5600));
#1066=EDGE_LOOP('',(#5601,#5602,#5603,#5604));
#1067=EDGE_LOOP('',(#5605,#5606,#5607,#5608));
#1068=EDGE_LOOP('',(#5609,#5610,#5611,#5612));
#1069=EDGE_LOOP('',(#5613,#5614,#5615,#5616));
#1070=EDGE_LOOP('',(#5617,#5618,#5619,#5620));
#1071=EDGE_LOOP('',(#5621,#5622,#5623,#5624));
#1072=EDGE_LOOP('',(#5625,#5626,#5627,#5628));
#1073=EDGE_LOOP('',(#5629,#5630,#5631,#5632));
#1074=EDGE_LOOP('',(#5633,#5634,#5635,#5636));
#1075=EDGE_LOOP('',(#5637,#5638,#5639,#5640));
#1076=EDGE_LOOP('',(#5641,#5642,#5643,#5644,#5645,#5646));
#1077=EDGE_LOOP('',(#5647,#5648,#5649,#5650));
#1078=EDGE_LOOP('',(#5651,#5652,#5653,#5654));
#1079=EDGE_LOOP('',(#5655,#5656,#5657,#5658));
#1080=EDGE_LOOP('',(#5659,#5660,#5661));
#1081=EDGE_LOOP('',(#5662,#5663,#5664));
#1082=EDGE_LOOP('',(#5665,#5666,#5667,#5668));
#1083=EDGE_LOOP('',(#5669,#5670,#5671,#5672));
#1084=EDGE_LOOP('',(#5673,#5674,#5675,#5676));
#1085=EDGE_LOOP('',(#5677,#5678,#5679,#5680));
#1086=EDGE_LOOP('',(#5681,#5682,#5683,#5684));
#1087=EDGE_LOOP('',(#5685,#5686,#5687,#5688));
#1088=EDGE_LOOP('',(#5689,#5690,#5691,#5692));
#1089=EDGE_LOOP('',(#5693,#5694,#5695,#5696,#5697,#5698,#5699,#5700,#5701,
#5702));
#1090=EDGE_LOOP('',(#5703,#5704,#5705,#5706,#5707,#5708,#5709,#5710,#5711,
#5712,#5713,#5714,#5715,#5716,#5717,#5718));
#1091=EDGE_LOOP('',(#5719,#5720,#5721,#5722,#5723,#5724,#5725,#5726,#5727,
#5728,#5729,#5730,#5731,#5732,#5733,#5734));
#1092=EDGE_LOOP('',(#5735,#5736,#5737,#5738,#5739,#5740,#5741,#5742,#5743,
#5744,#5745,#5746,#5747,#5748,#5749,#5750));
#1093=EDGE_LOOP('',(#5751,#5752,#5753,#5754));
#1094=EDGE_LOOP('',(#5755,#5756,#5757,#5758));
#1095=EDGE_LOOP('',(#5759,#5760,#5761,#5762));
#1096=EDGE_LOOP('',(#5763,#5764,#5765));
#1097=EDGE_LOOP('',(#5766,#5767,#5768));
#1098=EDGE_LOOP('',(#5769,#5770,#5771,#5772));
#1099=EDGE_LOOP('',(#5773,#5774,#5775,#5776));
#1100=EDGE_LOOP('',(#5777,#5778,#5779,#5780));
#1101=EDGE_LOOP('',(#5781,#5782,#5783,#5784));
#1102=EDGE_LOOP('',(#5785,#5786,#5787,#5788));
#1103=EDGE_LOOP('',(#5789,#5790,#5791,#5792));
#1104=EDGE_LOOP('',(#5793,#5794,#5795,#5796));
#1105=EDGE_LOOP('',(#5797,#5798,#5799,#5800,#5801,#5802));
#1106=EDGE_LOOP('',(#5803,#5804,#5805,#5806));
#1107=EDGE_LOOP('',(#5807,#5808,#5809,#5810));
#1108=EDGE_LOOP('',(#5811,#5812,#5813,#5814));
#1109=EDGE_LOOP('',(#5815,#5816,#5817,#5818));
#1110=EDGE_LOOP('',(#5819,#5820,#5821,#5822));
#1111=EDGE_LOOP('',(#5823,#5824,#5825,#5826));
#1112=EDGE_LOOP('',(#5827,#5828,#5829,#5830));
#1113=EDGE_LOOP('',(#5831,#5832,#5833,#5834,#5835,#5836,#5837,#5838,#5839,
#5840,#5841,#5842,#5843,#5844,#5845,#5846,#5847,#5848,#5849,#5850));
#1114=EDGE_LOOP('',(#5851,#5852,#5853,#5854));
#1115=EDGE_LOOP('',(#5855,#5856,#5857,#5858));
#1116=EDGE_LOOP('',(#5859,#5860,#5861,#5862));
#1117=EDGE_LOOP('',(#5863,#5864,#5865,#5866));
#1118=EDGE_LOOP('',(#5867,#5868,#5869,#5870));
#1119=EDGE_LOOP('',(#5871,#5872,#5873,#5874,#5875,#5876));
#1120=EDGE_LOOP('',(#5877,#5878,#5879,#5880));
#1121=EDGE_LOOP('',(#5881,#5882,#5883,#5884));
#1122=EDGE_LOOP('',(#5885,#5886,#5887,#5888));
#1123=EDGE_LOOP('',(#5889,#5890,#5891));
#1124=EDGE_LOOP('',(#5892,#5893,#5894));
#1125=EDGE_LOOP('',(#5895,#5896,#5897,#5898));
#1126=EDGE_LOOP('',(#5899,#5900,#5901,#5902));
#1127=EDGE_LOOP('',(#5903,#5904,#5905,#5906));
#1128=EDGE_LOOP('',(#5907,#5908,#5909,#5910));
#1129=EDGE_LOOP('',(#5911,#5912,#5913,#5914));
#1130=EDGE_LOOP('',(#5915,#5916,#5917,#5918));
#1131=EDGE_LOOP('',(#5919,#5920,#5921,#5922));
#1132=EDGE_LOOP('',(#5923,#5924,#5925,#5926));
#1133=EDGE_LOOP('',(#5927,#5928,#5929,#5930));
#1134=EDGE_LOOP('',(#5931,#5932,#5933));
#1135=EDGE_LOOP('',(#5934,#5935,#5936));
#1136=EDGE_LOOP('',(#5937,#5938,#5939,#5940));
#1137=EDGE_LOOP('',(#5941,#5942,#5943,#5944));
#1138=EDGE_LOOP('',(#5945,#5946,#5947,#5948));
#1139=EDGE_LOOP('',(#5949,#5950,#5951,#5952));
#1140=EDGE_LOOP('',(#5953,#5954,#5955,#5956));
#1141=EDGE_LOOP('',(#5957,#5958,#5959,#5960));
#1142=EDGE_LOOP('',(#5961,#5962,#5963,#5964));
#1143=EDGE_LOOP('',(#5965,#5966,#5967,#5968));
#1144=EDGE_LOOP('',(#5969,#5970,#5971,#5972));
#1145=EDGE_LOOP('',(#5973,#5974,#5975,#5976));
#1146=EDGE_LOOP('',(#5977,#5978,#5979,#5980));
#1147=EDGE_LOOP('',(#5981,#5982,#5983,#5984));
#1148=EDGE_LOOP('',(#5985,#5986,#5987,#5988));
#1149=EDGE_LOOP('',(#5989,#5990,#5991,#5992));
#1150=EDGE_LOOP('',(#5993,#5994,#5995,#5996));
#1151=EDGE_LOOP('',(#5997,#5998,#5999,#6000));
#1152=EDGE_LOOP('',(#6001,#6002,#6003,#6004));
#1153=EDGE_LOOP('',(#6005,#6006,#6007,#6008));
#1154=EDGE_LOOP('',(#6009,#6010,#6011,#6012));
#1155=EDGE_LOOP('',(#6013,#6014,#6015,#6016,#6017,#6018));
#1156=EDGE_LOOP('',(#6019,#6020,#6021,#6022,#6023,#6024));
#1157=EDGE_LOOP('',(#6025,#6026,#6027,#6028));
#1158=EDGE_LOOP('',(#6029,#6030,#6031,#6032));
#1159=EDGE_LOOP('',(#6033,#6034,#6035,#6036));
#1160=EDGE_LOOP('',(#6037,#6038,#6039,#6040));
#1161=EDGE_LOOP('',(#6041,#6042,#6043,#6044));
#1162=EDGE_LOOP('',(#6045,#6046,#6047));
#1163=EDGE_LOOP('',(#6048,#6049,#6050));
#1164=EDGE_LOOP('',(#6051,#6052,#6053,#6054));
#1165=EDGE_LOOP('',(#6055,#6056,#6057,#6058));
#1166=EDGE_LOOP('',(#6059,#6060,#6061,#6062));
#1167=EDGE_LOOP('',(#6063,#6064,#6065,#6066));
#1168=EDGE_LOOP('',(#6067,#6068,#6069,#6070));
#1169=EDGE_LOOP('',(#6071,#6072,#6073,#6074));
#1170=EDGE_LOOP('',(#6075,#6076,#6077,#6078));
#1171=EDGE_LOOP('',(#6079,#6080,#6081,#6082,#6083,#6084));
#1172=EDGE_LOOP('',(#6085,#6086,#6087));
#1173=EDGE_LOOP('',(#6088,#6089,#6090));
#1174=EDGE_LOOP('',(#6091,#6092,#6093,#6094));
#1175=EDGE_LOOP('',(#6095,#6096,#6097,#6098));
#1176=EDGE_LOOP('',(#6099,#6100,#6101,#6102));
#1177=EDGE_LOOP('',(#6103,#6104,#6105,#6106));
#1178=EDGE_LOOP('',(#6107,#6108,#6109,#6110));
#1179=EDGE_LOOP('',(#6111,#6112,#6113,#6114));
#1180=EDGE_LOOP('',(#6115,#6116,#6117,#6118));
#1181=EDGE_LOOP('',(#6119,#6120,#6121,#6122,#6123,#6124));
#1182=EDGE_LOOP('',(#6125,#6126,#6127,#6128));
#1183=EDGE_LOOP('',(#6129,#6130,#6131,#6132));
#1184=EDGE_LOOP('',(#6133,#6134,#6135,#6136));
#1185=EDGE_LOOP('',(#6137,#6138,#6139,#6140));
#1186=EDGE_LOOP('',(#6141,#6142,#6143,#6144,#6145,#6146));
#1187=EDGE_LOOP('',(#6147,#6148,#6149,#6150));
#1188=EDGE_LOOP('',(#6151,#6152,#6153,#6154));
#1189=EDGE_LOOP('',(#6155,#6156,#6157,#6158));
#1190=EDGE_LOOP('',(#6159,#6160,#6161,#6162,#6163,#6164,#6165,#6166,#6167,
#6168,#6169,#6170,#6171,#6172,#6173,#6174,#6175,#6176,#6177,#6178));
#1191=EDGE_LOOP('',(#6179,#6180,#6181,#6182));
#1192=EDGE_LOOP('',(#6183,#6184,#6185,#6186));
#1193=EDGE_LOOP('',(#6187,#6188,#6189,#6190));
#1194=EDGE_LOOP('',(#6191,#6192,#6193,#6194));
#1195=EDGE_LOOP('',(#6195,#6196,#6197,#6198,#6199,#6200));
#1196=EDGE_LOOP('',(#6201,#6202,#6203,#6204));
#1197=EDGE_LOOP('',(#6205,#6206,#6207,#6208));
#1198=EDGE_LOOP('',(#6209,#6210,#6211,#6212));
#1199=EDGE_LOOP('',(#6213,#6214,#6215,#6216));
#1200=EDGE_LOOP('',(#6217,#6218,#6219,#6220));
#1201=EDGE_LOOP('',(#6221,#6222,#6223,#6224,#6225,#6226));
#1202=EDGE_LOOP('',(#6227,#6228,#6229,#6230));
#1203=EDGE_LOOP('',(#6231,#6232,#6233,#6234));
#1204=EDGE_LOOP('',(#6235,#6236,#6237,#6238,#6239,#6240));
#1205=EDGE_LOOP('',(#6241,#6242,#6243,#6244));
#1206=EDGE_LOOP('',(#6245,#6246,#6247,#6248));
#1207=EDGE_LOOP('',(#6249,#6250,#6251,#6252,#6253,#6254));
#1208=EDGE_LOOP('',(#6255,#6256,#6257,#6258));
#1209=EDGE_LOOP('',(#6259,#6260,#6261,#6262,#6263,#6264));
#1210=EDGE_LOOP('',(#6265,#6266,#6267,#6268));
#1211=EDGE_LOOP('',(#6269,#6270,#6271,#6272,#6273,#6274,#6275,#6276,#6277,
#6278,#6279,#6280,#6281,#6282,#6283,#6284,#6285,#6286));
#1212=EDGE_LOOP('',(#6287,#6288,#6289,#6290));
#1213=EDGE_LOOP('',(#6291,#6292,#6293));
#1214=EDGE_LOOP('',(#6294,#6295,#6296,#6297));
#1215=EDGE_LOOP('',(#6298,#6299,#6300,#6301,#6302,#6303,#6304,#6305));
#1216=EDGE_LOOP('',(#6306,#6307,#6308,#6309));
#1217=EDGE_LOOP('',(#6310,#6311,#6312,#6313));
#1218=EDGE_LOOP('',(#6314,#6315,#6316));
#1219=EDGE_LOOP('',(#6317,#6318,#6319,#6320));
#1220=EDGE_LOOP('',(#6321,#6322,#6323,#6324));
#1221=EDGE_LOOP('',(#6325,#6326,#6327,#6328));
#1222=EDGE_LOOP('',(#6329,#6330,#6331));
#1223=EDGE_LOOP('',(#6332,#6333,#6334,#6335));
#1224=EDGE_LOOP('',(#6336,#6337,#6338,#6339));
#1225=EDGE_LOOP('',(#6340,#6341,#6342,#6343));
#1226=EDGE_LOOP('',(#6344,#6345,#6346,#6347));
#1227=EDGE_LOOP('',(#6348,#6349,#6350));
#1228=EDGE_LOOP('',(#6351,#6352,#6353,#6354));
#1229=EDGE_LOOP('',(#6355,#6356,#6357,#6358));
#1230=EDGE_LOOP('',(#6359,#6360,#6361,#6362));
#1231=EDGE_LOOP('',(#6363,#6364,#6365,#6366));
#1232=EDGE_LOOP('',(#6367,#6368,#6369,#6370));
#1233=EDGE_LOOP('',(#6371,#6372,#6373,#6374));
#1234=EDGE_LOOP('',(#6375,#6376,#6377,#6378));
#1235=EDGE_LOOP('',(#6379,#6380,#6381,#6382));
#1236=EDGE_LOOP('',(#6383,#6384,#6385,#6386));
#1237=EDGE_LOOP('',(#6387,#6388,#6389,#6390));
#1238=EDGE_LOOP('',(#6391,#6392,#6393,#6394));
#1239=EDGE_LOOP('',(#6395,#6396,#6397,#6398));
#1240=EDGE_LOOP('',(#6399,#6400,#6401,#6402));
#1241=EDGE_LOOP('',(#6403,#6404,#6405,#6406));
#1242=EDGE_LOOP('',(#6407,#6408,#6409,#6410));
#1243=EDGE_LOOP('',(#6411,#6412,#6413,#6414));
#1244=EDGE_LOOP('',(#6415,#6416,#6417,#6418));
#1245=EDGE_LOOP('',(#6419,#6420,#6421,#6422));
#1246=EDGE_LOOP('',(#6423,#6424,#6425,#6426));
#1247=EDGE_LOOP('',(#6427,#6428,#6429,#6430));
#1248=EDGE_LOOP('',(#6431,#6432,#6433,#6434));
#1249=EDGE_LOOP('',(#6435,#6436,#6437,#6438));
#1250=EDGE_LOOP('',(#6439,#6440,#6441,#6442,#6443,#6444,#6445,#6446,#6447,
#6448,#6449,#6450,#6451,#6452,#6453,#6454,#6455,#6456));
#1251=EDGE_LOOP('',(#6457,#6458,#6459,#6460));
#1252=EDGE_LOOP('',(#6461,#6462,#6463,#6464));
#1253=EDGE_LOOP('',(#6465,#6466,#6467,#6468));
#1254=EDGE_LOOP('',(#6469,#6470,#6471,#6472));
#1255=EDGE_LOOP('',(#6473,#6474,#6475,#6476));
#1256=EDGE_LOOP('',(#6477,#6478,#6479,#6480));
#1257=EDGE_LOOP('',(#6481,#6482,#6483,#6484));
#1258=EDGE_LOOP('',(#6485,#6486,#6487,#6488));
#1259=EDGE_LOOP('',(#6489,#6490,#6491,#6492));
#1260=EDGE_LOOP('',(#6493,#6494,#6495,#6496));
#1261=EDGE_LOOP('',(#6497,#6498,#6499,#6500));
#1262=EDGE_LOOP('',(#6501,#6502,#6503,#6504));
#1263=EDGE_LOOP('',(#6505,#6506,#6507,#6508));
#1264=EDGE_LOOP('',(#6509,#6510,#6511,#6512));
#1265=EDGE_LOOP('',(#6513,#6514,#6515,#6516));
#1266=EDGE_LOOP('',(#6517,#6518,#6519,#6520));
#1267=EDGE_LOOP('',(#6521,#6522,#6523,#6524));
#1268=EDGE_LOOP('',(#6525,#6526,#6527,#6528));
#1269=EDGE_LOOP('',(#6529,#6530,#6531,#6532));
#1270=EDGE_LOOP('',(#6533,#6534,#6535,#6536));
#1271=EDGE_LOOP('',(#6537,#6538,#6539,#6540));
#1272=EDGE_LOOP('',(#6541,#6542,#6543,#6544));
#1273=EDGE_LOOP('',(#6545,#6546,#6547,#6548));
#1274=EDGE_LOOP('',(#6549,#6550,#6551,#6552));
#1275=EDGE_LOOP('',(#6553,#6554,#6555,#6556));
#1276=EDGE_LOOP('',(#6557,#6558,#6559,#6560));
#1277=EDGE_LOOP('',(#6561,#6562,#6563,#6564));
#1278=EDGE_LOOP('',(#6565,#6566,#6567,#6568));
#1279=EDGE_LOOP('',(#6569,#6570,#6571,#6572));
#1280=EDGE_LOOP('',(#6573,#6574,#6575,#6576));
#1281=EDGE_LOOP('',(#6577,#6578,#6579,#6580));
#1282=EDGE_LOOP('',(#6581,#6582,#6583,#6584,#6585,#6586,#6587,#6588));
#1283=EDGE_LOOP('',(#6589,#6590,#6591,#6592,#6593,#6594,#6595,#6596));
#1284=EDGE_LOOP('',(#6597));
#1285=EDGE_LOOP('',(#6598));
#1286=EDGE_LOOP('',(#6599));
#1287=EDGE_LOOP('',(#6600));
#1288=EDGE_LOOP('',(#6601));
#1289=EDGE_LOOP('',(#6602));
#1290=EDGE_LOOP('',(#6603));
#1291=EDGE_LOOP('',(#6604,#6605,#6606,#6607,#6608,#6609,#6610,#6611));
#1292=EDGE_LOOP('',(#6612));
#1293=EDGE_LOOP('',(#6613,#6614,#6615,#6616));
#1294=EDGE_LOOP('',(#6617,#6618,#6619,#6620));
#1295=EDGE_LOOP('',(#6621,#6622,#6623,#6624));
#1296=EDGE_LOOP('',(#6625,#6626,#6627,#6628));
#1297=EDGE_LOOP('',(#6629,#6630,#6631,#6632));
#1298=EDGE_LOOP('',(#6633,#6634,#6635,#6636));
#1299=EDGE_LOOP('',(#6637,#6638,#6639));
#1300=EDGE_LOOP('',(#6640,#6641,#6642,#6643));
#1301=EDGE_LOOP('',(#6644,#6645,#6646));
#1302=EDGE_LOOP('',(#6647,#6648,#6649,#6650));
#1303=EDGE_LOOP('',(#6651,#6652,#6653,#6654));
#1304=EDGE_LOOP('',(#6655,#6656,#6657,#6658));
#1305=EDGE_LOOP('',(#6659,#6660,#6661,#6662));
#1306=EDGE_LOOP('',(#6663,#6664,#6665,#6666));
#1307=EDGE_LOOP('',(#6667,#6668,#6669,#6670));
#1308=EDGE_LOOP('',(#6671,#6672,#6673,#6674,#6675,#6676,#6677,#6678,#6679,
#6680,#6681,#6682,#6683,#6684,#6685,#6686));
#1309=EDGE_LOOP('',(#6687));
#1310=EDGE_LOOP('',(#6688));
#1311=EDGE_LOOP('',(#6689));
#1312=EDGE_LOOP('',(#6690));
#1313=EDGE_LOOP('',(#6691,#6692,#6693,#6694,#6695,#6696,#6697,#6698));
#1314=EDGE_LOOP('',(#6699,#6700,#6701,#6702));
#1315=EDGE_LOOP('',(#6703,#6704,#6705,#6706));
#1316=EDGE_LOOP('',(#6707,#6708,#6709,#6710));
#1317=EDGE_LOOP('',(#6711,#6712,#6713,#6714));
#1318=EDGE_LOOP('',(#6715,#6716,#6717,#6718));
#1319=EDGE_LOOP('',(#6719,#6720,#6721,#6722));
#1320=EDGE_LOOP('',(#6723,#6724,#6725,#6726));
#1321=EDGE_LOOP('',(#6727,#6728,#6729,#6730));
#1322=EDGE_LOOP('',(#6731,#6732,#6733,#6734));
#1323=EDGE_LOOP('',(#6735,#6736,#6737,#6738));
#1324=EDGE_LOOP('',(#6739,#6740,#6741,#6742));
#1325=EDGE_LOOP('',(#6743,#6744,#6745,#6746));
#1326=EDGE_LOOP('',(#6747,#6748,#6749,#6750));
#1327=EDGE_LOOP('',(#6751,#6752,#6753,#6754,#6755));
#1328=EDGE_LOOP('',(#6756,#6757,#6758,#6759));
#1329=EDGE_LOOP('',(#6760,#6761,#6762,#6763));
#1330=EDGE_LOOP('',(#6764,#6765,#6766,#6767,#6768));
#1331=EDGE_LOOP('',(#6769,#6770,#6771,#6772));
#1332=EDGE_LOOP('',(#6773,#6774,#6775,#6776));
#1333=EDGE_LOOP('',(#6777,#6778,#6779,#6780));
#1334=EDGE_LOOP('',(#6781,#6782,#6783,#6784));
#1335=EDGE_LOOP('',(#6785,#6786,#6787,#6788));
#1336=EDGE_LOOP('',(#6789,#6790,#6791,#6792));
#1337=EDGE_LOOP('',(#6793,#6794,#6795));
#1338=EDGE_LOOP('',(#6796,#6797,#6798,#6799));
#1339=EDGE_LOOP('',(#6800,#6801,#6802));
#1340=EDGE_LOOP('',(#6803,#6804,#6805,#6806));
#1341=EDGE_LOOP('',(#6807,#6808,#6809,#6810));
#1342=EDGE_LOOP('',(#6811,#6812,#6813,#6814));
#1343=EDGE_LOOP('',(#6815,#6816,#6817,#6818));
#1344=EDGE_LOOP('',(#6819,#6820,#6821,#6822));
#1345=EDGE_LOOP('',(#6823,#6824,#6825,#6826));
#1346=EDGE_LOOP('',(#6827,#6828,#6829,#6830));
#1347=EDGE_LOOP('',(#6831,#6832,#6833,#6834));
#1348=EDGE_LOOP('',(#6835,#6836,#6837,#6838));
#1349=EDGE_LOOP('',(#6839,#6840,#6841,#6842));
#1350=EDGE_LOOP('',(#6843,#6844,#6845,#6846));
#1351=EDGE_LOOP('',(#6847,#6848,#6849,#6850));
#1352=EDGE_LOOP('',(#6851,#6852,#6853,#6854));
#1353=EDGE_LOOP('',(#6855,#6856,#6857,#6858));
#1354=EDGE_LOOP('',(#6859,#6860,#6861,#6862));
#1355=EDGE_LOOP('',(#6863,#6864,#6865,#6866));
#1356=EDGE_LOOP('',(#6867,#6868,#6869,#6870));
#1357=EDGE_LOOP('',(#6871,#6872,#6873,#6874));
#1358=EDGE_LOOP('',(#6875,#6876,#6877,#6878));
#1359=EDGE_LOOP('',(#6879,#6880,#6881,#6882));
#1360=EDGE_LOOP('',(#6883,#6884,#6885,#6886));
#1361=EDGE_LOOP('',(#6887,#6888,#6889,#6890));
#1362=EDGE_LOOP('',(#6891,#6892,#6893,#6894));
#1363=EDGE_LOOP('',(#6895,#6896,#6897,#6898,#6899,#6900,#6901,#6902,#6903,
#6904,#6905,#6906,#6907,#6908,#6909,#6910));
#1364=EDGE_LOOP('',(#6911));
#1365=EDGE_LOOP('',(#6912));
#1366=EDGE_LOOP('',(#6913));
#1367=EDGE_LOOP('',(#6914));
#1368=EDGE_LOOP('',(#6915,#6916,#6917,#6918,#6919,#6920,#6921,#6922));
#1369=EDGE_LOOP('',(#6923,#6924,#6925,#6926));
#1370=EDGE_LOOP('',(#6927,#6928,#6929,#6930));
#1371=EDGE_LOOP('',(#6931,#6932,#6933,#6934));
#1372=EDGE_LOOP('',(#6935,#6936,#6937,#6938));
#1373=EDGE_LOOP('',(#6939,#6940,#6941,#6942));
#1374=EDGE_LOOP('',(#6943,#6944,#6945,#6946));
#1375=EDGE_LOOP('',(#6947,#6948,#6949,#6950));
#1376=EDGE_LOOP('',(#6951,#6952,#6953,#6954));
#1377=EDGE_LOOP('',(#6955,#6956,#6957,#6958,#6959,#6960,#6961,#6962,#6963,
#6964));
#1378=EDGE_LOOP('',(#6965,#6966,#6967,#6968));
#1379=EDGE_LOOP('',(#6969,#6970,#6971,#6972,#6973,#6974,#6975,#6976,#6977,
#6978,#6979,#6980,#6981,#6982,#6983,#6984,#6985,#6986));
#1380=EDGE_LOOP('',(#6987,#6988,#6989,#6990));
#1381=EDGE_LOOP('',(#6991,#6992,#6993,#6994,#6995,#6996));
#1382=EDGE_LOOP('',(#6997,#6998,#6999,#7000));
#1383=EDGE_LOOP('',(#7001,#7002,#7003,#7004,#7005,#7006));
#1384=EDGE_LOOP('',(#7007,#7008,#7009,#7010,#7011,#7012,#7013,#7014,#7015,
#7016,#7017,#7018,#7019,#7020,#7021,#7022,#7023,#7024,#7025,#7026,#7027,
#7028,#7029,#7030));
#1385=EDGE_LOOP('',(#7031,#7032,#7033,#7034,#7035,#7036,#7037,#7038));
#1386=EDGE_LOOP('',(#7039,#7040,#7041,#7042,#7043,#7044,#7045,#7046,#7047,
#7048));
#1387=EDGE_LOOP('',(#7049,#7050,#7051,#7052));
#1388=EDGE_LOOP('',(#7053,#7054,#7055,#7056,#7057,#7058));
#1389=EDGE_LOOP('',(#7059,#7060,#7061,#7062,#7063));
#1390=EDGE_LOOP('',(#7064,#7065,#7066,#7067));
#1391=EDGE_LOOP('',(#7068,#7069,#7070,#7071,#7072));
#1392=EDGE_LOOP('',(#7073,#7074,#7075,#7076,#7077,#7078));
#1393=EDGE_LOOP('',(#7079,#7080,#7081,#7082));
#1394=EDGE_LOOP('',(#7083,#7084,#7085,#7086,#7087,#7088,#7089,#7090));
#1395=EDGE_LOOP('',(#7091,#7092,#7093,#7094));
#1396=EDGE_LOOP('',(#7095,#7096,#7097,#7098,#7099,#7100));
#1397=EDGE_LOOP('',(#7101,#7102,#7103,#7104));
#1398=EDGE_LOOP('',(#7105,#7106,#7107,#7108,#7109,#7110));
#1399=EDGE_LOOP('',(#7111,#7112,#7113,#7114));
#1400=EDGE_LOOP('',(#7115,#7116,#7117,#7118));
#1401=EDGE_LOOP('',(#7119,#7120,#7121,#7122));
#1402=EDGE_LOOP('',(#7123,#7124,#7125,#7126,#7127,#7128,#7129,#7130));
#1403=EDGE_LOOP('',(#7131,#7132,#7133,#7134));
#1404=EDGE_LOOP('',(#7135,#7136,#7137,#7138));
#1405=EDGE_LOOP('',(#7139,#7140,#7141,#7142));
#1406=EDGE_LOOP('',(#7143,#7144,#7145,#7146,#7147,#7148));
#1407=EDGE_LOOP('',(#7149,#7150,#7151,#7152));
#1408=EDGE_LOOP('',(#7153,#7154,#7155,#7156,#7157));
#1409=EDGE_LOOP('',(#7158,#7159,#7160,#7161));
#1410=EDGE_LOOP('',(#7162,#7163,#7164,#7165,#7166));
#1411=EDGE_LOOP('',(#7167,#7168,#7169,#7170));
#1412=EDGE_LOOP('',(#7171,#7172,#7173,#7174));
#1413=EDGE_LOOP('',(#7175,#7176,#7177,#7178));
#1414=EDGE_LOOP('',(#7179,#7180,#7181,#7182));
#1415=EDGE_LOOP('',(#7183,#7184,#7185,#7186));
#1416=EDGE_LOOP('',(#7187,#7188,#7189,#7190));
#1417=EDGE_LOOP('',(#7191,#7192,#7193,#7194));
#1418=EDGE_LOOP('',(#7195,#7196,#7197,#7198));
#1419=EDGE_LOOP('',(#7199,#7200,#7201,#7202));
#1420=EDGE_LOOP('',(#7203,#7204,#7205,#7206));
#1421=EDGE_LOOP('',(#7207,#7208,#7209,#7210));
#1422=EDGE_LOOP('',(#7211,#7212,#7213,#7214));
#1423=EDGE_LOOP('',(#7215,#7216,#7217,#7218));
#1424=EDGE_LOOP('',(#7219,#7220,#7221,#7222));
#1425=EDGE_LOOP('',(#7223,#7224,#7225,#7226));
#1426=EDGE_LOOP('',(#7227,#7228,#7229,#7230));
#1427=EDGE_LOOP('',(#7231,#7232,#7233,#7234,#7235));
#1428=EDGE_LOOP('',(#7236,#7237,#7238,#7239));
#1429=EDGE_LOOP('',(#7240,#7241,#7242,#7243));
#1430=EDGE_LOOP('',(#7244,#7245,#7246,#7247));
#1431=EDGE_LOOP('',(#7248,#7249,#7250,#7251,#7252));
#1432=EDGE_LOOP('',(#7253,#7254,#7255,#7256));
#1433=EDGE_LOOP('',(#7257,#7258,#7259,#7260));
#1434=EDGE_LOOP('',(#7261,#7262,#7263,#7264));
#1435=EDGE_LOOP('',(#7265,#7266,#7267,#7268));
#1436=EDGE_LOOP('',(#7269,#7270,#7271,#7272));
#1437=EDGE_LOOP('',(#7273,#7274,#7275,#7276));
#1438=EDGE_LOOP('',(#7277,#7278,#7279,#7280));
#1439=EDGE_LOOP('',(#7281,#7282,#7283,#7284));
#1440=EDGE_LOOP('',(#7285,#7286,#7287,#7288));
#1441=EDGE_LOOP('',(#7289,#7290,#7291,#7292));
#1442=EDGE_LOOP('',(#7293,#7294,#7295,#7296));
#1443=EDGE_LOOP('',(#7297,#7298,#7299,#7300));
#1444=EDGE_LOOP('',(#7301,#7302,#7303,#7304));
#1445=EDGE_LOOP('',(#7305,#7306,#7307,#7308));
#1446=EDGE_LOOP('',(#7309,#7310,#7311,#7312));
#1447=EDGE_LOOP('',(#7313,#7314,#7315,#7316));
#1448=EDGE_LOOP('',(#7317,#7318,#7319,#7320,#7321));
#1449=EDGE_LOOP('',(#7322,#7323,#7324,#7325));
#1450=EDGE_LOOP('',(#7326,#7327,#7328,#7329));
#1451=EDGE_LOOP('',(#7330,#7331,#7332,#7333));
#1452=EDGE_LOOP('',(#7334,#7335,#7336,#7337,#7338));
#1453=EDGE_LOOP('',(#7339,#7340,#7341,#7342));
#1454=EDGE_LOOP('',(#7343,#7344,#7345,#7346));
#1455=EDGE_LOOP('',(#7347,#7348,#7349,#7350));
#1456=EDGE_LOOP('',(#7351,#7352,#7353,#7354));
#1457=EDGE_LOOP('',(#7355,#7356,#7357,#7358));
#1458=EDGE_LOOP('',(#7359,#7360,#7361,#7362));
#1459=EDGE_LOOP('',(#7363,#7364,#7365,#7366));
#1460=EDGE_LOOP('',(#7367,#7368,#7369,#7370));
#1461=EDGE_LOOP('',(#7371,#7372,#7373,#7374));
#1462=EDGE_LOOP('',(#7375,#7376,#7377,#7378));
#1463=EDGE_LOOP('',(#7379,#7380,#7381,#7382,#7383));
#1464=EDGE_LOOP('',(#7384,#7385,#7386,#7387));
#1465=EDGE_LOOP('',(#7388,#7389,#7390,#7391));
#1466=EDGE_LOOP('',(#7392,#7393,#7394,#7395));
#1467=EDGE_LOOP('',(#7396,#7397,#7398,#7399,#7400));
#1468=EDGE_LOOP('',(#7401,#7402,#7403,#7404));
#1469=EDGE_LOOP('',(#7405,#7406,#7407,#7408));
#1470=EDGE_LOOP('',(#7409,#7410,#7411,#7412));
#1471=EDGE_LOOP('',(#7413,#7414,#7415,#7416));
#1472=EDGE_LOOP('',(#7417,#7418,#7419,#7420));
#1473=EDGE_LOOP('',(#7421,#7422,#7423,#7424,#7425));
#1474=EDGE_LOOP('',(#7426,#7427,#7428,#7429));
#1475=EDGE_LOOP('',(#7430,#7431,#7432,#7433));
#1476=EDGE_LOOP('',(#7434,#7435,#7436,#7437));
#1477=EDGE_LOOP('',(#7438,#7439,#7440,#7441,#7442));
#1478=EDGE_LOOP('',(#7443,#7444,#7445,#7446));
#1479=EDGE_LOOP('',(#7447,#7448,#7449,#7450));
#1480=EDGE_LOOP('',(#7451,#7452,#7453,#7454));
#1481=EDGE_LOOP('',(#7455,#7456,#7457,#7458));
#1482=EDGE_LOOP('',(#7459,#7460,#7461,#7462));
#1483=EDGE_LOOP('',(#7463,#7464,#7465,#7466));
#1484=EDGE_LOOP('',(#7467,#7468,#7469,#7470));
#1485=EDGE_LOOP('',(#7471,#7472,#7473,#7474));
#1486=EDGE_LOOP('',(#7475,#7476,#7477,#7478));
#1487=EDGE_LOOP('',(#7479,#7480,#7481,#7482));
#1488=EDGE_LOOP('',(#7483,#7484,#7485,#7486,#7487,#7488));
#1489=EDGE_LOOP('',(#7489,#7490,#7491,#7492));
#1490=EDGE_LOOP('',(#7493,#7494,#7495,#7496));
#1491=EDGE_LOOP('',(#7497,#7498,#7499,#7500));
#1492=EDGE_LOOP('',(#7501,#7502,#7503,#7504));
#1493=EDGE_LOOP('',(#7505,#7506,#7507,#7508));
#1494=EDGE_LOOP('',(#7509,#7510,#7511,#7512));
#1495=EDGE_LOOP('',(#7513,#7514,#7515,#7516));
#1496=EDGE_LOOP('',(#7517,#7518,#7519,#7520));
#1497=EDGE_LOOP('',(#7521,#7522,#7523,#7524));
#1498=EDGE_LOOP('',(#7525,#7526,#7527,#7528));
#1499=EDGE_LOOP('',(#7529,#7530,#7531,#7532));
#1500=EDGE_LOOP('',(#7533,#7534,#7535,#7536));
#1501=EDGE_LOOP('',(#7537,#7538,#7539,#7540));
#1502=EDGE_LOOP('',(#7541,#7542,#7543,#7544));
#1503=EDGE_LOOP('',(#7545,#7546,#7547,#7548,#7549,#7550));
#1504=EDGE_LOOP('',(#7551,#7552,#7553,#7554,#7555,#7556));
#1505=EDGE_LOOP('',(#7557,#7558,#7559,#7560,#7561,#7562));
#1506=EDGE_LOOP('',(#7563,#7564,#7565,#7566));
#1507=EDGE_LOOP('',(#7567,#7568,#7569,#7570));
#1508=EDGE_LOOP('',(#7571,#7572,#7573,#7574));
#1509=EDGE_LOOP('',(#7575,#7576,#7577,#7578));
#1510=EDGE_LOOP('',(#7579,#7580,#7581,#7582));
#1511=CIRCLE('',#8238,0.7);
#1512=CIRCLE('',#8239,0.7);
#1513=CIRCLE('',#8240,0.95);
#1514=CIRCLE('',#8241,0.95);
#1515=CIRCLE('',#8242,0.95);
#1516=CIRCLE('',#8243,2.);
#1517=CIRCLE('',#8244,2.);
#1518=CIRCLE('',#8245,2.);
#1519=CIRCLE('',#8246,2.);
#1520=CIRCLE('',#8247,0.95);
#1521=CIRCLE('',#8248,0.7);
#1522=CIRCLE('',#8249,0.7);
#1523=CIRCLE('',#8250,0.95);
#1524=CIRCLE('',#8251,0.95);
#1525=CIRCLE('',#8252,0.95);
#1526=CIRCLE('',#8253,0.95);
#1527=CIRCLE('',#8254,0.1);
#1528=CIRCLE('',#8255,0.1);
#1529=CIRCLE('',#8256,0.1);
#1530=CIRCLE('',#8257,0.1);
#1531=CIRCLE('',#8258,0.1);
#1532=CIRCLE('',#8259,0.1);
#1533=CIRCLE('',#8260,0.1);
#1534=CIRCLE('',#8261,0.1);
#1535=CIRCLE('',#8262,0.1);
#1536=CIRCLE('',#8263,0.1);
#1537=CIRCLE('',#8264,0.1);
#1538=CIRCLE('',#8265,0.1);
#1539=CIRCLE('',#8268,0.95);
#1540=CIRCLE('',#8271,0.95);
#1541=CIRCLE('',#8274,0.95);
#1542=CIRCLE('',#8277,0.95);
#1543=CIRCLE('',#8281,0.7);
#1544=CIRCLE('',#8284,0.7);
#1545=CIRCLE('',#8288,0.95);
#1546=CIRCLE('',#8290,0.95);
#1547=CIRCLE('',#8293,0.95);
#1548=CIRCLE('',#8296,0.95);
#1549=CIRCLE('',#8300,0.7);
#1550=CIRCLE('',#8303,0.7);
#1551=CIRCLE('',#8306,2.);
#1552=CIRCLE('',#8308,0.05);
#1553=CIRCLE('',#8309,0.05);
#1554=CIRCLE('',#8311,2.);
#1555=CIRCLE('',#8313,0.35);
#1556=CIRCLE('',#8314,0.35);
#1557=CIRCLE('',#8315,0.35);
#1558=CIRCLE('',#8316,0.35);
#1559=CIRCLE('',#8318,2.);
#1560=CIRCLE('',#8321,2.);
#1561=CIRCLE('',#8323,0.35);
#1562=CIRCLE('',#8324,0.35);
#1563=CIRCLE('',#8325,0.35);
#1564=CIRCLE('',#8326,0.35);
#1565=CIRCLE('',#8328,0.100000000000001);
#1566=CIRCLE('',#8331,0.0999999999999996);
#1567=CIRCLE('',#8333,0.2);
#1568=CIRCLE('',#8334,0.2);
#1569=CIRCLE('',#8336,0.0999999999999996);
#1570=CIRCLE('',#8338,0.2);
#1571=CIRCLE('',#8339,0.2);
#1572=CIRCLE('',#8341,0.0999999999999996);
#1573=CIRCLE('',#8344,0.0999999999999996);
#1574=CIRCLE('',#8346,0.2);
#1575=CIRCLE('',#8347,0.2);
#1576=CIRCLE('',#8349,0.0999999999999996);
#1577=CIRCLE('',#8352,0.2);
#1578=CIRCLE('',#8353,0.2);
#1579=CIRCLE('',#8355,0.100000000000001);
#1580=CIRCLE('',#8357,0.1);
#1581=CIRCLE('',#8358,0.3);
#1582=CIRCLE('',#8360,0.1);
#1583=CIRCLE('',#8362,0.3);
#1584=CIRCLE('',#8364,0.3);
#1585=CIRCLE('',#8367,0.3);
#1586=CIRCLE('',#8370,0.0999999999999996);
#1587=CIRCLE('',#8372,0.1);
#1588=CIRCLE('',#8374,0.100000000000001);
#1589=CIRCLE('',#8377,0.0999999999999996);
#1590=CIRCLE('',#8379,0.1);
#1591=CIRCLE('',#8380,0.2);
#1592=CIRCLE('',#8381,0.3);
#1593=CIRCLE('',#8383,0.0999999999999996);
#1594=CIRCLE('',#8385,0.0999999999999996);
#1595=CIRCLE('',#8386,0.2);
#1596=CIRCLE('',#8387,0.3);
#1597=CIRCLE('',#8390,0.3);
#1598=CIRCLE('',#8393,0.3);
#1599=CIRCLE('',#8396,0.0999999999999996);
#1600=CIRCLE('',#8398,0.0999999999999996);
#1601=CIRCLE('',#8402,0.0999999999999996);
#1602=CIRCLE('',#8404,0.1);
#1603=CIRCLE('',#8405,0.2);
#1604=CIRCLE('',#8406,0.3);
#1605=CIRCLE('',#8408,0.0999999999999996);
#1606=CIRCLE('',#8410,0.0999999999999996);
#1607=CIRCLE('',#8411,0.2);
#1608=CIRCLE('',#8412,0.3);
#1609=CIRCLE('',#8415,0.3);
#1610=CIRCLE('',#8418,0.3);
#1611=CIRCLE('',#8421,0.0999999999999996);
#1612=CIRCLE('',#8423,0.0999999999999996);
#1613=CIRCLE('',#8427,0.215);
#1614=CIRCLE('',#8428,0.215);
#1615=CIRCLE('',#8435,0.0499999999999989);
#1616=CIRCLE('',#8438,0.0500000000000003);
#1617=CIRCLE('',#8441,0.0999999999999996);
#1618=CIRCLE('',#8443,0.100000000000001);
#1619=CIRCLE('',#8444,0.15);
#1620=CIRCLE('',#8445,0.05);
#1621=CIRCLE('',#8447,0.1);
#1622=CIRCLE('',#8449,0.0999999999999979);
#1623=CIRCLE('',#8450,0.15);
#1624=CIRCLE('',#8451,0.05);
#1625=CIRCLE('',#8456,0.3);
#1626=CIRCLE('',#8457,0.3);
#1627=CIRCLE('',#8458,0.15);
#1628=CIRCLE('',#8459,0.15);
#1629=CIRCLE('',#8460,0.15);
#1630=CIRCLE('',#8461,0.15);
#1631=CIRCLE('',#8462,0.15);
#1632=CIRCLE('',#8463,0.15);
#1633=CIRCLE('',#8464,0.15);
#1634=CIRCLE('',#8465,0.15);
#1635=CIRCLE('',#8466,0.15);
#1636=CIRCLE('',#8467,0.15);
#1637=CIRCLE('',#8473,0.0499999999999989);
#1638=CIRCLE('',#8476,0.0500000000000003);
#1639=CIRCLE('',#8479,0.0999999999999996);
#1640=CIRCLE('',#8481,0.100000000000001);
#1641=CIRCLE('',#8482,0.05);
#1642=CIRCLE('',#8484,0.0999999999999996);
#1643=CIRCLE('',#8486,0.0999999999999979);
#1644=CIRCLE('',#8487,0.05);
#1645=CIRCLE('',#8492,0.05);
#1646=CIRCLE('',#8495,0.05);
#1647=CIRCLE('',#8498,0.05);
#1648=CIRCLE('',#8501,0.05);
#1649=CIRCLE('',#8503,0.05);
#1650=CIRCLE('',#8504,0.05);
#1651=CIRCLE('',#8505,0.05);
#1652=CIRCLE('',#8506,0.05);
#1653=CIRCLE('',#8520,0.0499999999999989);
#1654=CIRCLE('',#8523,0.0500000000000003);
#1655=CIRCLE('',#8526,0.0999999999999996);
#1656=CIRCLE('',#8528,0.100000000000001);
#1657=CIRCLE('',#8529,0.05);
#1658=CIRCLE('',#8531,0.1);
#1659=CIRCLE('',#8533,0.0999999999999979);
#1660=CIRCLE('',#8534,0.05);
#1661=CIRCLE('',#8543,0.0499999999999989);
#1662=CIRCLE('',#8546,0.0500000000000003);
#1663=CIRCLE('',#8549,0.0999999999999996);
#1664=CIRCLE('',#8551,0.100000000000001);
#1665=CIRCLE('',#8552,0.05);
#1666=CIRCLE('',#8554,0.0999999999999996);
#1667=CIRCLE('',#8556,0.0999999999999979);
#1668=CIRCLE('',#8557,0.05);
#1669=CIRCLE('',#8562,0.05);
#1670=CIRCLE('',#8565,0.05);
#1671=CIRCLE('',#8568,0.05);
#1672=CIRCLE('',#8571,0.05);
#1673=CIRCLE('',#8573,0.05);
#1674=CIRCLE('',#8576,0.05);
#1675=CIRCLE('',#8579,0.05);
#1676=CIRCLE('',#8581,0.05);
#1677=CIRCLE('',#8593,0.0500000000000007);
#1678=CIRCLE('',#8596,0.0500000000000003);
#1679=CIRCLE('',#8599,0.100000000000001);
#1680=CIRCLE('',#8601,0.1);
#1681=CIRCLE('',#8602,0.05);
#1682=CIRCLE('',#8604,0.1);
#1683=CIRCLE('',#8606,0.0999999999999979);
#1684=CIRCLE('',#8607,0.05);
#1685=CIRCLE('',#8613,0.0500000000000007);
#1686=CIRCLE('',#8616,0.0500000000000003);
#1687=CIRCLE('',#8619,0.100000000000001);
#1688=CIRCLE('',#8621,0.100000000000001);
#1689=CIRCLE('',#8622,0.05);
#1690=CIRCLE('',#8624,0.0999999999999996);
#1691=CIRCLE('',#8626,0.0999999999999979);
#1692=CIRCLE('',#8627,0.05);
#1693=CIRCLE('',#8632,0.05);
#1694=CIRCLE('',#8635,0.05);
#1695=CIRCLE('',#8637,0.05);
#1696=CIRCLE('',#8640,0.05);
#1697=CIRCLE('',#8643,0.05);
#1698=CIRCLE('',#8645,0.05);
#1699=CIRCLE('',#8646,0.05);
#1700=CIRCLE('',#8647,0.05);
#1701=CIRCLE('',#8670,0.1);
#1702=CIRCLE('',#8671,0.0999999999999999);
#1703=CIRCLE('',#8676,0.1);
#1704=CIRCLE('',#8677,0.1);
#1705=CIRCLE('',#8678,0.1);
#1706=CIRCLE('',#8680,0.099999999999997);
#1707=CIRCLE('',#8687,0.0999999999999979);
#1708=CIRCLE('',#8694,0.100000000000001);
#1709=CIRCLE('',#8698,0.100000000000001);
#1710=CIRCLE('',#8699,0.0999999999999961);
#1711=CIRCLE('',#8700,0.25);
#1712=CIRCLE('',#8702,0.0999999999999996);
#1713=CIRCLE('',#8704,0.099999999999996);
#1714=CIRCLE('',#8705,0.25);
#1715=CIRCLE('',#8707,0.0999999999999997);
#1716=CIRCLE('',#8709,0.0999999999999955);
#1717=CIRCLE('',#8710,0.25);
#1718=CIRCLE('',#8712,0.0999999999999998);
#1719=CIRCLE('',#8714,0.0999999999999956);
#1720=CIRCLE('',#8715,0.25);
#1721=CIRCLE('',#8719,0.25);
#1722=CIRCLE('',#8722,0.25);
#1723=CIRCLE('',#8724,0.100000000000001);
#1724=CIRCLE('',#8725,0.35);
#1725=CIRCLE('',#8726,0.1);
#1726=CIRCLE('',#8727,0.25);
#1727=CIRCLE('',#8729,0.0999999999999996);
#1728=CIRCLE('',#8731,0.1);
#1729=CIRCLE('',#8732,0.25);
#1730=CIRCLE('',#8733,0.35);
#1731=CIRCLE('',#8735,0.0999999999999996);
#1732=CIRCLE('',#8737,0.1);
#1733=CIRCLE('',#8738,0.35);
#1734=CIRCLE('',#8740,0.0999999999999996);
#1735=CIRCLE('',#8742,0.1);
#1736=CIRCLE('',#8743,0.35);
#1737=CIRCLE('',#8747,0.3);
#1738=CIRCLE('',#8748,0.3);
#1739=CIRCLE('',#8753,6.);
#1740=CIRCLE('',#8754,6.1);
#1741=CIRCLE('',#8757,6.1);
#1742=CIRCLE('',#8758,6.);
#1743=CIRCLE('',#8761,6.1);
#1744=CIRCLE('',#8762,6.);
#1745=CIRCLE('',#8765,6.1);
#1746=CIRCLE('',#8766,6.);
#1747=CIRCLE('',#8768,6.);
#1748=CIRCLE('',#8771,6.);
#1749=CIRCLE('',#8774,6.);
#1750=CIRCLE('',#8777,6.);
#1751=CIRCLE('',#8782,6.1);
#1752=CIRCLE('',#8783,6.);
#1753=CIRCLE('',#8786,6.1);
#1754=CIRCLE('',#8787,6.);
#1755=CIRCLE('',#8790,6.);
#1756=CIRCLE('',#8791,6.1);
#1757=CIRCLE('',#8794,6.);
#1758=CIRCLE('',#8795,6.1);
#1759=CIRCLE('',#8797,6.);
#1760=CIRCLE('',#8800,6.);
#1761=CIRCLE('',#8803,1.8);
#1762=CIRCLE('',#8804,1.8);
#1763=CIRCLE('',#8805,1.8);
#1764=CIRCLE('',#8806,1.8);
#1765=CIRCLE('',#8807,0.215);
#1766=CIRCLE('',#8808,0.215);
#1767=CIRCLE('',#8809,0.215);
#1768=CIRCLE('',#8810,0.215);
#1769=CIRCLE('',#8811,0.215);
#1770=CIRCLE('',#8812,0.215);
#1771=CIRCLE('',#8813,0.215);
#1772=CIRCLE('',#8815,0.2);
#1773=CIRCLE('',#8816,0.2);
#1774=CIRCLE('',#8818,0.2);
#1775=CIRCLE('',#8819,0.2);
#1776=CIRCLE('',#8821,0.2);
#1777=CIRCLE('',#8822,0.5);
#1778=CIRCLE('',#8824,0.2);
#1779=CIRCLE('',#8826,0.2);
#1780=CIRCLE('',#8827,0.5);
#1781=CIRCLE('',#8829,0.200000000000001);
#1782=CIRCLE('',#8831,0.2);
#1783=CIRCLE('',#8833,0.2);
#1784=CIRCLE('',#8834,0.2);
#1785=CIRCLE('',#8836,0.2);
#1786=CIRCLE('',#8838,0.2);
#1787=CIRCLE('',#8840,0.2);
#1788=CIRCLE('',#8843,0.5);
#1789=CIRCLE('',#8846,0.5);
#1790=CIRCLE('',#8848,0.75);
#1791=CIRCLE('',#8849,0.75);
#1792=CIRCLE('',#8850,0.75);
#1793=CIRCLE('',#8851,0.75);
#1794=CIRCLE('',#8852,0.215);
#1795=CIRCLE('',#8853,0.215);
#1796=CIRCLE('',#8854,0.215);
#1797=CIRCLE('',#8855,6.);
#1798=CIRCLE('',#8856,6.);
#1799=CIRCLE('',#8859,0.200000000000001);
#1800=CIRCLE('',#8860,0.75);
#1801=CIRCLE('',#8862,0.199999999999999);
#1802=CIRCLE('',#8864,0.199999999999999);
#1803=CIRCLE('',#8865,0.75);
#1804=CIRCLE('',#8867,0.199999999999999);
#1805=CIRCLE('',#8869,0.2);
#1806=CIRCLE('',#8870,0.75);
#1807=CIRCLE('',#8872,0.75);
#1808=CIRCLE('',#8873,0.2);
#1809=CIRCLE('',#8875,0.2);
#1810=CIRCLE('',#8876,0.75);
#1811=CIRCLE('',#8878,0.2);
#1812=CIRCLE('',#8879,0.75);
#1813=CIRCLE('',#8889,0.199999999999999);
#1814=CIRCLE('',#8890,0.2);
#1815=CIRCLE('',#8892,0.2);
#1816=CIRCLE('',#8893,0.199999999999999);
#1817=CIRCLE('',#8895,0.2);
#1818=CIRCLE('',#8896,0.5);
#1819=CIRCLE('',#8898,0.2);
#1820=CIRCLE('',#8900,0.199999999999999);
#1821=CIRCLE('',#8901,0.5);
#1822=CIRCLE('',#8903,0.199999999999999);
#1823=CIRCLE('',#8905,0.2);
#1824=CIRCLE('',#8907,0.2);
#1825=CIRCLE('',#8908,0.2);
#1826=CIRCLE('',#8910,0.2);
#1827=CIRCLE('',#8913,0.2);
#1828=CIRCLE('',#8915,0.200000000000001);
#1829=CIRCLE('',#8918,0.5);
#1830=CIRCLE('',#8921,0.5);
#1831=CIRCLE('',#8924,0.199999999999999);
#1832=CIRCLE('',#8925,0.75);
#1833=CIRCLE('',#8927,0.199999999999999);
#1834=CIRCLE('',#8929,0.199999999999999);
#1835=CIRCLE('',#8930,0.75);
#1836=CIRCLE('',#8932,0.199999999999999);
#1837=CIRCLE('',#8934,0.200000000000003);
#1838=CIRCLE('',#8935,0.75);
#1839=CIRCLE('',#8937,0.199999999999999);
#1840=CIRCLE('',#8939,0.75);
#1841=CIRCLE('',#8941,0.75);
#1842=CIRCLE('',#8944,0.75);
#1843=CIRCLE('',#8947,0.75);
#1844=CIRCLE('',#8950,0.75);
#1845=CIRCLE('',#8953,0.215);
#1846=CIRCLE('',#8954,0.215);
#1847=CIRCLE('',#8955,0.215);
#1848=CIRCLE('',#8956,0.215);
#1849=CIRCLE('',#8958,0.199999999999999);
#1850=CIRCLE('',#8959,0.2);
#1851=CIRCLE('',#8960,2.);
#1852=CIRCLE('',#8962,0.2);
#1853=CIRCLE('',#8964,0.2);
#1854=CIRCLE('',#8965,2.);
#1855=CIRCLE('',#8967,0.2);
#1856=CIRCLE('',#8969,0.2);
#1857=CIRCLE('',#8970,2.);
#1858=CIRCLE('',#8972,0.2);
#1859=CIRCLE('',#8974,0.2);
#1860=CIRCLE('',#8975,2.);
#1861=CIRCLE('',#8978,0.3);
#1862=CIRCLE('',#8979,0.3);
#1863=CIRCLE('',#8981,2.);
#1864=CIRCLE('',#8983,0.35);
#1865=CIRCLE('',#8984,0.35);
#1866=CIRCLE('',#8985,0.35);
#1867=CIRCLE('',#8986,0.35);
#1868=CIRCLE('',#8987,0.3);
#1869=CIRCLE('',#8988,0.3);
#1870=CIRCLE('',#8990,2.);
#1871=CIRCLE('',#8992,0.4);
#1872=CIRCLE('',#8993,0.4);
#1873=CIRCLE('',#8995,0.4);
#1874=CIRCLE('',#8996,1.6);
#1875=CIRCLE('',#8998,0.4);
#1876=CIRCLE('',#9000,0.2);
#1877=CIRCLE('',#9001,0.2);
#1878=CIRCLE('',#9002,1.6);
#1879=CIRCLE('',#9003,0.2);
#1880=CIRCLE('',#9004,0.2);
#1881=CIRCLE('',#9005,1.6);
#1882=CIRCLE('',#9006,0.2);
#1883=CIRCLE('',#9007,0.2);
#1884=CIRCLE('',#9008,1.6);
#1885=CIRCLE('',#9009,0.2);
#1886=CIRCLE('',#9010,0.2);
#1887=CIRCLE('',#9011,2.4);
#1888=CIRCLE('',#9012,2.4);
#1889=CIRCLE('',#9013,2.4);
#1890=CIRCLE('',#9014,2.4);
#1891=CIRCLE('',#9016,0.399999999999999);
#1892=CIRCLE('',#9017,0.4);
#1893=CIRCLE('',#9019,0.4);
#1894=CIRCLE('',#9021,0.4);
#1895=CIRCLE('',#9023,0.0999999999999996);
#1896=CIRCLE('',#9024,0.25);
#1897=CIRCLE('',#9025,0.0999999999999996);
#1898=CIRCLE('',#9027,0.0999999999999996);
#1899=CIRCLE('',#9029,0.100000000000001);
#1900=CIRCLE('',#9030,0.25);
#1901=CIRCLE('',#9032,0.4);
#1902=CIRCLE('',#9033,0.4);
#1903=CIRCLE('',#9035,0.4);
#1904=CIRCLE('',#9036,2.);
#1905=CIRCLE('',#9038,0.4);
#1906=CIRCLE('',#9041,0.4);
#1907=CIRCLE('',#9042,0.399999999999999);
#1908=CIRCLE('',#9044,0.4);
#1909=CIRCLE('',#9045,2.);
#1910=CIRCLE('',#9047,0.4);
#1911=CIRCLE('',#9050,0.4);
#1912=CIRCLE('',#9051,0.4);
#1913=CIRCLE('',#9053,0.4);
#1914=CIRCLE('',#9055,0.4);
#1915=CIRCLE('',#9057,0.4);
#1916=CIRCLE('',#9059,0.4);
#1917=CIRCLE('',#9061,0.4);
#1918=CIRCLE('',#9063,0.4);
#1919=CIRCLE('',#9066,0.100000000000001);
#1920=CIRCLE('',#9067,0.25);
#1921=CIRCLE('',#9068,0.1);
#1922=CIRCLE('',#9070,0.100000000000001);
#1923=CIRCLE('',#9072,0.100000000000001);
#1924=CIRCLE('',#9073,0.25);
#1925=CIRCLE('',#9075,0.100000000000001);
#1926=CIRCLE('',#9077,0.100000000000001);
#1927=CIRCLE('',#9078,0.25);
#1928=CIRCLE('',#9080,0.100000000000001);
#1929=CIRCLE('',#9082,0.100000000000001);
#1930=CIRCLE('',#9083,0.25);
#1931=CIRCLE('',#9087,0.25);
#1932=CIRCLE('',#9091,0.100000000000001);
#1933=CIRCLE('',#9093,0.0999999999999996);
#1934=CIRCLE('',#9095,0.0999999999999996);
#1935=CIRCLE('',#9096,0.25);
#1936=CIRCLE('',#9098,0.1);
#1937=CIRCLE('',#9103,0.2);
#1938=CIRCLE('',#9105,0.199999999999999);
#1939=CIRCLE('',#9106,0.3);
#1940=CIRCLE('',#9107,0.5);
#1941=CIRCLE('',#9109,0.2);
#1942=CIRCLE('',#9111,0.2);
#1943=CIRCLE('',#9112,0.3);
#1944=CIRCLE('',#9113,0.5);
#1945=CIRCLE('',#9117,0.5);
#1946=CIRCLE('',#9120,0.5);
#1947=CIRCLE('',#9123,0.199999999999999);
#1948=CIRCLE('',#9125,0.199999999999999);
#1949=CIRCLE('',#9127,0.199999999999999);
#1950=CIRCLE('',#9129,0.199999999999999);
#1951=CIRCLE('',#9133,0.199999999999999);
#1952=CIRCLE('',#9135,0.199999999999999);
#1953=CIRCLE('',#9136,0.5);
#1954=CIRCLE('',#9138,0.199999999999999);
#1955=CIRCLE('',#9140,0.199999999999999);
#1956=CIRCLE('',#9141,0.5);
#1957=CIRCLE('',#9144,0.199999999999999);
#1958=CIRCLE('',#9146,0.2);
#1959=CIRCLE('',#9147,0.3);
#1960=CIRCLE('',#9148,0.5);
#1961=CIRCLE('',#9150,0.2);
#1962=CIRCLE('',#9152,0.199999999999999);
#1963=CIRCLE('',#9153,0.3);
#1964=CIRCLE('',#9154,0.5);
#1965=CIRCLE('',#9162,0.2);
#1966=CIRCLE('',#9164,0.2);
#1967=CIRCLE('',#9165,0.5);
#1968=CIRCLE('',#9167,0.2);
#1969=CIRCLE('',#9169,0.2);
#1970=CIRCLE('',#9170,0.5);
#1971=CIRCLE('',#9173,0.2);
#1972=CIRCLE('',#9175,0.2);
#1973=CIRCLE('',#9176,0.3);
#1974=CIRCLE('',#9177,0.5);
#1975=CIRCLE('',#9179,0.2);
#1976=CIRCLE('',#9181,0.199999999999999);
#1977=CIRCLE('',#9182,0.3);
#1978=CIRCLE('',#9183,0.5);
#1979=CIRCLE('',#9191,0.199999999999999);
#1980=CIRCLE('',#9193,0.2);
#1981=CIRCLE('',#9194,0.3);
#1982=CIRCLE('',#9195,0.5);
#1983=CIRCLE('',#9197,0.199999999999999);
#1984=CIRCLE('',#9199,0.199999999999999);
#1985=CIRCLE('',#9200,0.3);
#1986=CIRCLE('',#9201,0.5);
#1987=CIRCLE('',#9205,0.5);
#1988=CIRCLE('',#9208,0.5);
#1989=CIRCLE('',#9211,0.199999999999999);
#1990=CIRCLE('',#9213,0.2);
#1991=CIRCLE('',#9215,0.199999999999999);
#1992=CIRCLE('',#9217,0.199999999999999);
#1993=LINE('',#11896,#2631);
#1994=LINE('',#11900,#2632);
#1995=LINE('',#11904,#2633);
#1996=LINE('',#11906,#2634);
#1997=LINE('',#11910,#2635);
#1998=LINE('',#11914,#2636);
#1999=LINE('',#11918,#2637);
#2000=LINE('',#11922,#2638);
#2001=LINE('',#11926,#2639);
#2002=LINE('',#11930,#2640);
#2003=LINE('',#11934,#2641);
#2004=LINE('',#11937,#2642);
#2005=LINE('',#11940,#2643);
#2006=LINE('',#11944,#2644);
#2007=LINE('',#11948,#2645);
#2008=LINE('',#11950,#2646);
#2009=LINE('',#11954,#2647);
#2010=LINE('',#11958,#2648);
#2011=LINE('',#11962,#2649);
#2012=LINE('',#11965,#2650);
#2013=LINE('',#11970,#2651);
#2014=LINE('',#11974,#2652);
#2015=LINE('',#11978,#2653);
#2016=LINE('',#11981,#2654);
#2017=LINE('',#11986,#2655);
#2018=LINE('',#11990,#2656);
#2019=LINE('',#11994,#2657);
#2020=LINE('',#11997,#2658);
#2021=LINE('',#12002,#2659);
#2022=LINE('',#12006,#2660);
#2023=LINE('',#12010,#2661);
#2024=LINE('',#12013,#2662);
#2025=LINE('',#12017,#2663);
#2026=LINE('',#12018,#2664);
#2027=LINE('',#12019,#2665);
#2028=LINE('',#12023,#2666);
#2029=LINE('',#12026,#2667);
#2030=LINE('',#12027,#2668);
#2031=LINE('',#12031,#2669);
#2032=LINE('',#12034,#2670);
#2033=LINE('',#12035,#2671);
#2034=LINE('',#12039,#2672);
#2035=LINE('',#12042,#2673);
#2036=LINE('',#12043,#2674);
#2037=LINE('',#12047,#2675);
#2038=LINE('',#12050,#2676);
#2039=LINE('',#12051,#2677);
#2040=LINE('',#12054,#2678);
#2041=LINE('',#12055,#2679);
#2042=LINE('',#12059,#2680);
#2043=LINE('',#12062,#2681);
#2044=LINE('',#12063,#2682);
#2045=LINE('',#12067,#2683);
#2046=LINE('',#12069,#2684);
#2047=LINE('',#12073,#2685);
#2048=LINE('',#12074,#2686);
#2049=LINE('',#12075,#2687);
#2050=LINE('',#12079,#2688);
#2051=LINE('',#12084,#2689);
#2052=LINE('',#12085,#2690);
#2053=LINE('',#12088,#2691);
#2054=LINE('',#12089,#2692);
#2055=LINE('',#12093,#2693);
#2056=LINE('',#12096,#2694);
#2057=LINE('',#12097,#2695);
#2058=LINE('',#12101,#2696);
#2059=LINE('',#12104,#2697);
#2060=LINE('',#12105,#2698);
#2061=LINE('',#12108,#2699);
#2062=LINE('',#12109,#2700);
#2063=LINE('',#12113,#2701);
#2064=LINE('',#12116,#2702);
#2065=LINE('',#12117,#2703);
#2066=LINE('',#12121,#2704);
#2067=LINE('',#12123,#2705);
#2068=LINE('',#12126,#2706);
#2069=LINE('',#12129,#2707);
#2070=LINE('',#12132,#2708);
#2071=LINE('',#12133,#2709);
#2072=LINE('',#12136,#2710);
#2073=LINE('',#12140,#2711);
#2074=LINE('',#12142,#2712);
#2075=LINE('',#12144,#2713);
#2076=LINE('',#12148,#2714);
#2077=LINE('',#12150,#2715);
#2078=LINE('',#12152,#2716);
#2079=LINE('',#12153,#2717);
#2080=LINE('',#12156,#2718);
#2081=LINE('',#12158,#2719);
#2082=LINE('',#12160,#2720);
#2083=LINE('',#12161,#2721);
#2084=LINE('',#12164,#2722);
#2085=LINE('',#12166,#2723);
#2086=LINE('',#12168,#2724);
#2087=LINE('',#12169,#2725);
#2088=LINE('',#12172,#2726);
#2089=LINE('',#12174,#2727);
#2090=LINE('',#12176,#2728);
#2091=LINE('',#12177,#2729);
#2092=LINE('',#12180,#2730);
#2093=LINE('',#12182,#2731);
#2094=LINE('',#12184,#2732);
#2095=LINE('',#12185,#2733);
#2096=LINE('',#12188,#2734);
#2097=LINE('',#12190,#2735);
#2098=LINE('',#12192,#2736);
#2099=LINE('',#12193,#2737);
#2100=LINE('',#12196,#2738);
#2101=LINE('',#12200,#2739);
#2102=LINE('',#12202,#2740);
#2103=LINE('',#12206,#2741);
#2104=LINE('',#12210,#2742);
#2105=LINE('',#12214,#2743);
#2106=LINE('',#12217,#2744);
#2107=LINE('',#12220,#2745);
#2108=LINE('',#12224,#2746);
#2109=LINE('',#12225,#2747);
#2110=LINE('',#12228,#2748);
#2111=LINE('',#12232,#2749);
#2112=LINE('',#12236,#2750);
#2113=LINE('',#12240,#2751);
#2114=LINE('',#12244,#2752);
#2115=LINE('',#12247,#2753);
#2116=LINE('',#12256,#2754);
#2117=LINE('',#12265,#2755);
#2118=LINE('',#12268,#2756);
#2119=LINE('',#12271,#2757);
#2120=LINE('',#12272,#2758);
#2121=LINE('',#12275,#2759);
#2122=LINE('',#12279,#2760);
#2123=LINE('',#12283,#2761);
#2124=LINE('',#12287,#2762);
#2125=LINE('',#12290,#2763);
#2126=LINE('',#12293,#2764);
#2127=LINE('',#12297,#2765);
#2128=LINE('',#12301,#2766);
#2129=LINE('',#12305,#2767);
#2130=LINE('',#12306,#2768);
#2131=LINE('',#12309,#2769);
#2132=LINE('',#12312,#2770);
#2133=LINE('',#12315,#2771);
#2134=LINE('',#12319,#2772);
#2135=LINE('',#12323,#2773);
#2136=LINE('',#12327,#2774);
#2137=LINE('',#12328,#2775);
#2138=LINE('',#12333,#2776);
#2139=LINE('',#12336,#2777);
#2140=LINE('',#12339,#2778);
#2141=LINE('',#12348,#2779);
#2142=LINE('',#12353,#2780);
#2143=LINE('',#12357,#2781);
#2144=LINE('',#12358,#2782);
#2145=LINE('',#12361,#2783);
#2146=LINE('',#12364,#2784);
#2147=LINE('',#12374,#2785);
#2148=LINE('',#12377,#2786);
#2149=LINE('',#12388,#2787);
#2150=LINE('',#12389,#2788);
#2151=LINE('',#12396,#2789);
#2152=LINE('',#12399,#2790);
#2153=LINE('',#12403,#2791);
#2154=LINE('',#12404,#2792);
#2155=LINE('',#12406,#2793);
#2156=LINE('',#12417,#2794);
#2157=LINE('',#12420,#2795);
#2158=LINE('',#12431,#2796);
#2159=LINE('',#12432,#2797);
#2160=LINE('',#12439,#2798);
#2161=LINE('',#12442,#2799);
#2162=LINE('',#12446,#2800);
#2163=LINE('',#12447,#2801);
#2164=LINE('',#12449,#2802);
#2165=LINE('',#12462,#2803);
#2166=LINE('',#12469,#2804);
#2167=LINE('',#12472,#2805);
#2168=LINE('',#12474,#2806);
#2169=LINE('',#12475,#2807);
#2170=LINE('',#12544,#2808);
#2171=LINE('',#12545,#2809);
#2172=LINE('',#12548,#2810);
#2173=LINE('',#12551,#2811);
#2174=LINE('',#12562,#2812);
#2175=LINE('',#12563,#2813);
#2176=LINE('',#12571,#2814);
#2177=LINE('',#12572,#2815);
#2178=LINE('',#12575,#2816);
#2179=LINE('',#12578,#2817);
#2180=LINE('',#12582,#2818);
#2181=LINE('',#12584,#2819);
#2182=LINE('',#12586,#2820);
#2183=LINE('',#12588,#2821);
#2184=LINE('',#12592,#2822);
#2185=LINE('',#12596,#2823);
#2186=LINE('',#12598,#2824);
#2187=LINE('',#12599,#2825);
#2188=LINE('',#12601,#2826);
#2189=LINE('',#12603,#2827);
#2190=LINE('',#12605,#2828);
#2191=LINE('',#12609,#2829);
#2192=LINE('',#12613,#2830);
#2193=LINE('',#12614,#2831);
#2194=LINE('',#12617,#2832);
#2195=LINE('',#12619,#2833);
#2196=LINE('',#12623,#2834);
#2197=LINE('',#12627,#2835);
#2198=LINE('',#12629,#2836);
#2199=LINE('',#12631,#2837);
#2200=LINE('',#12633,#2838);
#2201=LINE('',#12635,#2839);
#2202=LINE('',#12639,#2840);
#2203=LINE('',#12643,#2841);
#2204=LINE('',#12645,#2842);
#2205=LINE('',#12646,#2843);
#2206=LINE('',#12649,#2844);
#2207=LINE('',#12651,#2845);
#2208=LINE('',#12655,#2846);
#2209=LINE('',#12659,#2847);
#2210=LINE('',#12661,#2848);
#2211=LINE('',#12663,#2849);
#2212=LINE('',#12665,#2850);
#2213=LINE('',#12667,#2851);
#2214=LINE('',#12671,#2852);
#2215=LINE('',#12675,#2853);
#2216=LINE('',#12677,#2854);
#2217=LINE('',#12678,#2855);
#2218=LINE('',#12681,#2856);
#2219=LINE('',#12683,#2857);
#2220=LINE('',#12685,#2858);
#2221=LINE('',#12686,#2859);
#2222=LINE('',#12689,#2860);
#2223=LINE('',#12692,#2861);
#2224=LINE('',#12693,#2862);
#2225=LINE('',#12760,#2863);
#2226=LINE('',#12763,#2864);
#2227=LINE('',#12772,#2865);
#2228=LINE('',#12778,#2866);
#2229=LINE('',#12780,#2867);
#2230=LINE('',#12783,#2868);
#2231=LINE('',#12785,#2869);
#2232=LINE('',#12786,#2870);
#2233=LINE('',#12789,#2871);
#2234=LINE('',#12792,#2872);
#2235=LINE('',#12795,#2873);
#2236=LINE('',#12796,#2874);
#2237=LINE('',#12799,#2875);
#2238=LINE('',#12802,#2876);
#2239=LINE('',#12805,#2877);
#2240=LINE('',#12806,#2878);
#2241=LINE('',#12809,#2879);
#2242=LINE('',#12812,#2880);
#2243=LINE('',#12814,#2881);
#2244=LINE('',#12817,#2882);
#2245=LINE('',#12821,#2883);
#2246=LINE('',#12824,#2884);
#2247=LINE('',#12825,#2885);
#2248=LINE('',#12827,#2886);
#2249=LINE('',#12831,#2887);
#2250=LINE('',#12833,#2888);
#2251=LINE('',#12835,#2889);
#2252=LINE('',#12839,#2890);
#2253=LINE('',#12842,#2891);
#2254=LINE('',#12844,#2892);
#2255=LINE('',#12846,#2893);
#2256=LINE('',#12847,#2894);
#2257=LINE('',#12849,#2895);
#2258=LINE('',#12851,#2896);
#2259=LINE('',#12853,#2897);
#2260=LINE('',#12859,#2898);
#2261=LINE('',#12862,#2899);
#2262=LINE('',#12863,#2900);
#2263=LINE('',#12930,#2901);
#2264=LINE('',#12933,#2902);
#2265=LINE('',#12942,#2903);
#2266=LINE('',#12948,#2904);
#2267=LINE('',#12951,#2905);
#2268=LINE('',#12955,#2906);
#2269=LINE('',#12958,#2907);
#2270=LINE('',#12959,#2908);
#2271=LINE('',#13026,#2909);
#2272=LINE('',#13029,#2910);
#2273=LINE('',#13038,#2911);
#2274=LINE('',#13044,#2912);
#2275=LINE('',#13046,#2913);
#2276=LINE('',#13048,#2914);
#2277=LINE('',#13051,#2915);
#2278=LINE('',#13054,#2916);
#2279=LINE('',#13057,#2917);
#2280=LINE('',#13058,#2918);
#2281=LINE('',#13061,#2919);
#2282=LINE('',#13064,#2920);
#2283=LINE('',#13066,#2921);
#2284=LINE('',#13069,#2922);
#2285=LINE('',#13072,#2923);
#2286=LINE('',#13075,#2924);
#2287=LINE('',#13076,#2925);
#2288=LINE('',#13080,#2926);
#2289=LINE('',#13083,#2927);
#2290=LINE('',#13086,#2928);
#2291=LINE('',#13088,#2929);
#2292=LINE('',#13091,#2930);
#2293=LINE('',#13095,#2931);
#2294=LINE('',#13096,#2932);
#2295=LINE('',#13099,#2933);
#2296=LINE('',#13103,#2934);
#2297=LINE('',#13106,#2935);
#2298=LINE('',#13107,#2936);
#2299=LINE('',#13109,#2937);
#2300=LINE('',#13114,#2938);
#2301=LINE('',#13117,#2939);
#2302=LINE('',#13118,#2940);
#2303=LINE('',#13123,#2941);
#2304=LINE('',#13126,#2942);
#2305=LINE('',#13127,#2943);
#2306=LINE('',#13194,#2944);
#2307=LINE('',#13197,#2945);
#2308=LINE('',#13206,#2946);
#2309=LINE('',#13212,#2947);
#2310=LINE('',#13214,#2948);
#2311=LINE('',#13217,#2949);
#2312=LINE('',#13219,#2950);
#2313=LINE('',#13220,#2951);
#2314=LINE('',#13282,#2952);
#2315=LINE('',#13285,#2953);
#2316=LINE('',#13294,#2954);
#2317=LINE('',#13300,#2955);
#2318=LINE('',#13302,#2956);
#2319=LINE('',#13305,#2957);
#2320=LINE('',#13307,#2958);
#2321=LINE('',#13308,#2959);
#2322=LINE('',#13311,#2960);
#2323=LINE('',#13314,#2961);
#2324=LINE('',#13317,#2962);
#2325=LINE('',#13318,#2963);
#2326=LINE('',#13322,#2964);
#2327=LINE('',#13325,#2965);
#2328=LINE('',#13328,#2966);
#2329=LINE('',#13331,#2967);
#2330=LINE('',#13332,#2968);
#2331=LINE('',#13335,#2969);
#2332=LINE('',#13338,#2970);
#2333=LINE('',#13340,#2971);
#2334=LINE('',#13343,#2972);
#2335=LINE('',#13346,#2973);
#2336=LINE('',#13348,#2974);
#2337=LINE('',#13349,#2975);
#2338=LINE('',#13350,#2976);
#2339=LINE('',#13352,#2977);
#2340=LINE('',#13355,#2978);
#2341=LINE('',#13357,#2979);
#2342=LINE('',#13361,#2980);
#2343=LINE('',#13364,#2981);
#2344=LINE('',#13367,#2982);
#2345=LINE('',#13369,#2983);
#2346=LINE('',#13370,#2984);
#2347=LINE('',#13372,#2985);
#2348=LINE('',#13379,#2986);
#2349=LINE('',#13383,#2987);
#2350=LINE('',#13386,#2988);
#2351=LINE('',#13389,#2989);
#2352=LINE('',#13390,#2990);
#2353=LINE('',#13393,#2991);
#2354=LINE('',#13394,#2992);
#2355=LINE('',#13396,#2993);
#2356=LINE('',#13404,#2994);
#2357=LINE('',#13407,#2995);
#2358=LINE('',#13442,#2996);
#2359=LINE('',#13444,#2997);
#2360=LINE('',#13445,#2998);
#2361=LINE('',#13448,#2999);
#2362=LINE('',#13452,#3000);
#2363=LINE('',#13456,#3001);
#2364=LINE('',#13460,#3002);
#2365=LINE('',#13462,#3003);
#2366=LINE('',#13464,#3004);
#2367=LINE('',#13465,#3005);
#2368=LINE('',#13468,#3006);
#2369=LINE('',#13469,#3007);
#2370=LINE('',#13505,#3008);
#2371=LINE('',#13509,#3009);
#2372=LINE('',#13545,#3010);
#2373=LINE('',#13546,#3011);
#2374=LINE('',#13550,#3012);
#2375=LINE('',#13554,#3013);
#2376=LINE('',#13596,#3014);
#2377=LINE('',#13604,#3015);
#2378=LINE('',#13612,#3016);
#2379=LINE('',#13618,#3017);
#2380=LINE('',#13619,#3018);
#2381=LINE('',#13622,#3019);
#2382=LINE('',#13624,#3020);
#2383=LINE('',#13625,#3021);
#2384=LINE('',#13628,#3022);
#2385=LINE('',#13632,#3023);
#2386=LINE('',#13633,#3024);
#2387=LINE('',#13636,#3025);
#2388=LINE('',#13650,#3026);
#2389=LINE('',#13651,#3027);
#2390=LINE('',#13661,#3028);
#2391=LINE('',#13662,#3029);
#2392=LINE('',#13670,#3030);
#2393=LINE('',#13676,#3031);
#2394=LINE('',#13678,#3032);
#2395=LINE('',#13681,#3033);
#2396=LINE('',#13683,#3034);
#2397=LINE('',#13685,#3035);
#2398=LINE('',#13687,#3036);
#2399=LINE('',#13689,#3037);
#2400=LINE('',#13691,#3038);
#2401=LINE('',#13695,#3039);
#2402=LINE('',#13699,#3040);
#2403=LINE('',#13700,#3041);
#2404=LINE('',#13702,#3042);
#2405=LINE('',#13703,#3043);
#2406=LINE('',#13743,#3044);
#2407=LINE('',#13759,#3045);
#2408=LINE('',#13781,#3046);
#2409=LINE('',#13797,#3047);
#2410=LINE('',#13819,#3048);
#2411=LINE('',#13835,#3049);
#2412=LINE('',#13857,#3050);
#2413=LINE('',#13860,#3051);
#2414=LINE('',#13863,#3052);
#2415=LINE('',#13864,#3053);
#2416=LINE('',#13867,#3054);
#2417=LINE('',#13871,#3055);
#2418=LINE('',#13872,#3056);
#2419=LINE('',#13875,#3057);
#2420=LINE('',#13879,#3058);
#2421=LINE('',#13880,#3059);
#2422=LINE('',#13883,#3060);
#2423=LINE('',#13886,#3061);
#2424=LINE('',#13887,#3062);
#2425=LINE('',#13889,#3063);
#2426=LINE('',#13893,#3064);
#2427=LINE('',#13910,#3065);
#2428=LINE('',#13946,#3066);
#2429=LINE('',#13962,#3067);
#2430=LINE('',#13984,#3068);
#2431=LINE('',#14000,#3069);
#2432=LINE('',#14022,#3070);
#2433=LINE('',#14024,#3071);
#2434=LINE('',#14044,#3072);
#2435=LINE('',#14047,#3073);
#2436=LINE('',#14050,#3074);
#2437=LINE('',#14051,#3075);
#2438=LINE('',#14054,#3076);
#2439=LINE('',#14058,#3077);
#2440=LINE('',#14059,#3078);
#2441=LINE('',#14065,#3079);
#2442=LINE('',#14069,#3080);
#2443=LINE('',#14073,#3081);
#2444=LINE('',#14076,#3082);
#2445=LINE('',#14096,#3083);
#2446=LINE('',#14099,#3084);
#2447=LINE('',#14103,#3085);
#2448=LINE('',#14112,#3086);
#2449=LINE('',#14120,#3087);
#2450=LINE('',#14127,#3088);
#2451=LINE('',#14130,#3089);
#2452=LINE('',#14136,#3090);
#2453=LINE('',#14139,#3091);
#2454=LINE('',#14143,#3092);
#2455=LINE('',#14144,#3093);
#2456=LINE('',#14147,#3094);
#2457=LINE('',#14150,#3095);
#2458=LINE('',#14152,#3096);
#2459=LINE('',#14155,#3097);
#2460=LINE('',#14158,#3098);
#2461=LINE('',#14160,#3099);
#2462=LINE('',#14161,#3100);
#2463=LINE('',#14163,#3101);
#2464=LINE('',#14167,#3102);
#2465=LINE('',#14171,#3103);
#2466=LINE('',#14175,#3104);
#2467=LINE('',#14186,#3105);
#2468=LINE('',#14189,#3106);
#2469=LINE('',#14198,#3107);
#2470=LINE('',#14206,#3108);
#2471=LINE('',#14224,#3109);
#2472=LINE('',#14226,#3110);
#2473=LINE('',#14228,#3111);
#2474=LINE('',#14229,#3112);
#2475=LINE('',#14231,#3113);
#2476=LINE('',#14233,#3114);
#2477=LINE('',#14235,#3115);
#2478=LINE('',#14237,#3116);
#2479=LINE('',#14244,#3117);
#2480=LINE('',#14247,#3118);
#2481=LINE('',#14251,#3119);
#2482=LINE('',#14260,#3120);
#2483=LINE('',#14268,#3121);
#2484=LINE('',#14275,#3122);
#2485=LINE('',#14278,#3123);
#2486=LINE('',#14283,#3124);
#2487=LINE('',#14285,#3125);
#2488=LINE('',#14286,#3126);
#2489=LINE('',#14291,#3127);
#2490=LINE('',#14295,#3128);
#2491=LINE('',#14296,#3129);
#2492=LINE('',#14299,#3130);
#2493=LINE('',#14302,#3131);
#2494=LINE('',#14304,#3132);
#2495=LINE('',#14307,#3133);
#2496=LINE('',#14310,#3134);
#2497=LINE('',#14312,#3135);
#2498=LINE('',#14320,#3136);
#2499=LINE('',#14328,#3137);
#2500=LINE('',#14336,#3138);
#2501=LINE('',#14341,#3139);
#2502=LINE('',#14345,#3140);
#2503=LINE('',#14346,#3141);
#2504=LINE('',#14349,#3142);
#2505=LINE('',#14353,#3143);
#2506=LINE('',#14354,#3144);
#2507=LINE('',#14357,#3145);
#2508=LINE('',#14361,#3146);
#2509=LINE('',#14362,#3147);
#2510=LINE('',#14366,#3148);
#2511=LINE('',#14395,#3149);
#2512=LINE('',#14401,#3150);
#2513=LINE('',#14404,#3151);
#2514=LINE('',#14406,#3152);
#2515=LINE('',#14408,#3153);
#2516=LINE('',#14412,#3154);
#2517=LINE('',#14416,#3155);
#2518=LINE('',#14418,#3156);
#2519=LINE('',#14419,#3157);
#2520=LINE('',#14422,#3158);
#2521=LINE('',#14426,#3159);
#2522=LINE('',#14428,#3160);
#2523=LINE('',#14432,#3161);
#2524=LINE('',#14436,#3162);
#2525=LINE('',#14440,#3163);
#2526=LINE('',#14444,#3164);
#2527=LINE('',#14446,#3165);
#2528=LINE('',#14450,#3166);
#2529=LINE('',#14454,#3167);
#2530=LINE('',#14455,#3168);
#2531=LINE('',#14468,#3169);
#2532=LINE('',#14507,#3170);
#2533=LINE('',#14512,#3171);
#2534=LINE('',#14516,#3172);
#2535=LINE('',#14520,#3173);
#2536=LINE('',#14524,#3174);
#2537=LINE('',#14528,#3175);
#2538=LINE('',#14532,#3176);
#2539=LINE('',#14536,#3177);
#2540=LINE('',#14540,#3178);
#2541=LINE('',#14544,#3179);
#2542=LINE('',#14548,#3180);
#2543=LINE('',#14552,#3181);
#2544=LINE('',#14556,#3182);
#2545=LINE('',#14560,#3183);
#2546=LINE('',#14564,#3184);
#2547=LINE('',#14613,#3185);
#2548=LINE('',#14645,#3186);
#2549=LINE('',#14773,#3187);
#2550=LINE('',#14792,#3188);
#2551=LINE('',#14800,#3189);
#2552=LINE('',#14808,#3190);
#2553=LINE('',#14814,#3191);
#2554=LINE('',#14817,#3192);
#2555=LINE('',#14819,#3193);
#2556=LINE('',#14820,#3194);
#2557=LINE('',#14823,#3195);
#2558=LINE('',#14826,#3196);
#2559=LINE('',#14827,#3197);
#2560=LINE('',#14829,#3198);
#2561=LINE('',#14835,#3199);
#2562=LINE('',#14843,#3200);
#2563=LINE('',#14844,#3201);
#2564=LINE('',#14850,#3202);
#2565=LINE('',#14851,#3203);
#2566=LINE('',#14862,#3204);
#2567=LINE('',#14863,#3205);
#2568=LINE('',#14871,#3206);
#2569=LINE('',#14872,#3207);
#2570=LINE('',#14875,#3208);
#2571=LINE('',#14876,#3209);
#2572=LINE('',#14879,#3210);
#2573=LINE('',#14883,#3211);
#2574=LINE('',#14884,#3212);
#2575=LINE('',#14887,#3213);
#2576=LINE('',#14890,#3214);
#2577=LINE('',#14904,#3215);
#2578=LINE('',#14912,#3216);
#2579=LINE('',#14918,#3217);
#2580=LINE('',#14923,#3218);
#2581=LINE('',#14924,#3219);
#2582=LINE('',#14935,#3220);
#2583=LINE('',#14936,#3221);
#2584=LINE('',#14944,#3222);
#2585=LINE('',#14945,#3223);
#2586=LINE('',#14947,#3224);
#2587=LINE('',#14949,#3225);
#2588=LINE('',#14951,#3226);
#2589=LINE('',#14953,#3227);
#2590=LINE('',#14958,#3228);
#2591=LINE('',#14966,#3229);
#2592=LINE('',#14972,#3230);
#2593=LINE('',#14977,#3231);
#2594=LINE('',#14978,#3232);
#2595=LINE('',#14989,#3233);
#2596=LINE('',#14990,#3234);
#2597=LINE('',#14998,#3235);
#2598=LINE('',#14999,#3236);
#2599=LINE('',#15001,#3237);
#2600=LINE('',#15003,#3238);
#2601=LINE('',#15005,#3239);
#2602=LINE('',#15007,#3240);
#2603=LINE('',#15013,#3241);
#2604=LINE('',#15014,#3242);
#2605=LINE('',#15025,#3243);
#2606=LINE('',#15026,#3244);
#2607=LINE('',#15034,#3245);
#2608=LINE('',#15035,#3246);
#2609=LINE('',#15038,#3247);
#2610=LINE('',#15039,#3248);
#2611=LINE('',#15042,#3249);
#2612=LINE('',#15046,#3250);
#2613=LINE('',#15047,#3251);
#2614=LINE('',#15050,#3252);
#2615=LINE('',#15053,#3253);
#2616=LINE('',#15065,#3254);
#2617=LINE('',#15068,#3255);
#2618=LINE('',#15069,#3256);
#2619=LINE('',#15071,#3257);
#2620=LINE('',#15073,#3258);
#2621=LINE('',#15077,#3259);
#2622=LINE('',#15079,#3260);
#2623=LINE('',#15081,#3261);
#2624=LINE('',#15083,#3262);
#2625=LINE('',#15085,#3263);
#2626=LINE('',#15087,#3264);
#2627=LINE('',#15089,#3265);
#2628=LINE('',#15094,#3266);
#2629=LINE('',#15096,#3267);
#2630=LINE('',#15098,#3268);
#2631=VECTOR('',#9246,1.);
#2632=VECTOR('',#9249,1.);
#2633=VECTOR('',#9252,1.);
#2634=VECTOR('',#9253,1.);
#2635=VECTOR('',#9256,1.);
#2636=VECTOR('',#9259,1.);
#2637=VECTOR('',#9262,1.);
#2638=VECTOR('',#9265,1.);
#2639=VECTOR('',#9268,1.);
#2640=VECTOR('',#9271,1.);
#2641=VECTOR('',#9274,1.);
#2642=VECTOR('',#9277,1.);
#2643=VECTOR('',#9278,1.);
#2644=VECTOR('',#9281,1.);
#2645=VECTOR('',#9284,1.);
#2646=VECTOR('',#9285,1.);
#2647=VECTOR('',#9288,1.);
#2648=VECTOR('',#9291,1.);
#2649=VECTOR('',#9294,1.);
#2650=VECTOR('',#9297,1.);
#2651=VECTOR('',#9300,1.);
#2652=VECTOR('',#9303,1.);
#2653=VECTOR('',#9306,1.);
#2654=VECTOR('',#9309,1.);
#2655=VECTOR('',#9312,1.);
#2656=VECTOR('',#9315,1.);
#2657=VECTOR('',#9318,1.);
#2658=VECTOR('',#9321,1.);
#2659=VECTOR('',#9324,1.);
#2660=VECTOR('',#9327,1.);
#2661=VECTOR('',#9330,1.);
#2662=VECTOR('',#9333,1.);
#2663=VECTOR('',#9336,1.);
#2664=VECTOR('',#9337,1.);
#2665=VECTOR('',#9338,1.);
#2666=VECTOR('',#9343,1.);
#2667=VECTOR('',#9346,1.);
#2668=VECTOR('',#9347,1.);
#2669=VECTOR('',#9352,1.);
#2670=VECTOR('',#9355,1.);
#2671=VECTOR('',#9356,1.);
#2672=VECTOR('',#9361,1.);
#2673=VECTOR('',#9364,1.);
#2674=VECTOR('',#9365,1.);
#2675=VECTOR('',#9370,1.);
#2676=VECTOR('',#9373,1.);
#2677=VECTOR('',#9374,1.);
#2678=VECTOR('',#9377,1.);
#2679=VECTOR('',#9378,1.);
#2680=VECTOR('',#9383,1.);
#2681=VECTOR('',#9386,1.);
#2682=VECTOR('',#9387,1.);
#2683=VECTOR('',#9392,1.);
#2684=VECTOR('',#9395,1.);
#2685=VECTOR('',#9398,1.);
#2686=VECTOR('',#9399,1.);
#2687=VECTOR('',#9400,1.);
#2688=VECTOR('',#9405,1.);
#2689=VECTOR('',#9410,1.);
#2690=VECTOR('',#9411,1.);
#2691=VECTOR('',#9414,1.);
#2692=VECTOR('',#9415,1.);
#2693=VECTOR('',#9420,1.);
#2694=VECTOR('',#9423,1.);
#2695=VECTOR('',#9424,1.);
#2696=VECTOR('',#9429,1.);
#2697=VECTOR('',#9432,1.);
#2698=VECTOR('',#9433,1.);
#2699=VECTOR('',#9436,1.);
#2700=VECTOR('',#9437,1.);
#2701=VECTOR('',#9442,1.);
#2702=VECTOR('',#9445,1.);
#2703=VECTOR('',#9446,1.);
#2704=VECTOR('',#9451,1.);
#2705=VECTOR('',#9454,1.);
#2706=VECTOR('',#9457,1.);
#2707=VECTOR('',#9460,1.);
#2708=VECTOR('',#9463,1.);
#2709=VECTOR('',#9464,1.);
#2710=VECTOR('',#9465,1.);
#2711=VECTOR('',#9468,1.);
#2712=VECTOR('',#9469,1.);
#2713=VECTOR('',#9470,1.);
#2714=VECTOR('',#9473,1.);
#2715=VECTOR('',#9474,1.);
#2716=VECTOR('',#9475,1.);
#2717=VECTOR('',#9476,1.);
#2718=VECTOR('',#9477,1.);
#2719=VECTOR('',#9478,1.);
#2720=VECTOR('',#9479,1.);
#2721=VECTOR('',#9480,1.);
#2722=VECTOR('',#9481,1.);
#2723=VECTOR('',#9482,1.);
#2724=VECTOR('',#9483,1.);
#2725=VECTOR('',#9484,1.);
#2726=VECTOR('',#9485,1.);
#2727=VECTOR('',#9486,1.);
#2728=VECTOR('',#9487,1.);
#2729=VECTOR('',#9488,1.);
#2730=VECTOR('',#9489,1.);
#2731=VECTOR('',#9490,1.);
#2732=VECTOR('',#9491,1.);
#2733=VECTOR('',#9492,1.);
#2734=VECTOR('',#9493,1.);
#2735=VECTOR('',#9494,1.);
#2736=VECTOR('',#9495,1.);
#2737=VECTOR('',#9496,1.);
#2738=VECTOR('',#9499,1.);
#2739=VECTOR('',#9504,1.);
#2740=VECTOR('',#9505,1.);
#2741=VECTOR('',#9508,1.);
#2742=VECTOR('',#9511,1.);
#2743=VECTOR('',#9514,1.);
#2744=VECTOR('',#9517,1.);
#2745=VECTOR('',#9520,1.);
#2746=VECTOR('',#9525,1.);
#2747=VECTOR('',#9526,1.);
#2748=VECTOR('',#9529,1.);
#2749=VECTOR('',#9534,1.);
#2750=VECTOR('',#9537,1.);
#2751=VECTOR('',#9540,1.);
#2752=VECTOR('',#9543,1.);
#2753=VECTOR('',#9546,1.);
#2754=VECTOR('',#9547,1.);
#2755=VECTOR('',#9550,1.);
#2756=VECTOR('',#9553,1.);
#2757=VECTOR('',#9556,1.);
#2758=VECTOR('',#9557,1.);
#2759=VECTOR('',#9560,1.);
#2760=VECTOR('',#9565,1.);
#2761=VECTOR('',#9568,1.);
#2762=VECTOR('',#9573,1.);
#2763=VECTOR('',#9576,1.);
#2764=VECTOR('',#9579,1.);
#2765=VECTOR('',#9582,1.);
#2766=VECTOR('',#9587,1.);
#2767=VECTOR('',#9592,1.);
#2768=VECTOR('',#9593,1.);
#2769=VECTOR('',#9596,1.);
#2770=VECTOR('',#9599,1.);
#2771=VECTOR('',#9602,1.);
#2772=VECTOR('',#9605,1.);
#2773=VECTOR('',#9610,1.);
#2774=VECTOR('',#9615,1.);
#2775=VECTOR('',#9616,1.);
#2776=VECTOR('',#9621,1.);
#2777=VECTOR('',#9624,1.);
#2778=VECTOR('',#9627,1.);
#2779=VECTOR('',#9640,1.);
#2780=VECTOR('',#9647,1.);
#2781=VECTOR('',#9652,1.);
#2782=VECTOR('',#9653,1.);
#2783=VECTOR('',#9656,1.);
#2784=VECTOR('',#9661,1.);
#2785=VECTOR('',#9678,1.);
#2786=VECTOR('',#9681,1.);
#2787=VECTOR('',#9694,1.);
#2788=VECTOR('',#9695,1.);
#2789=VECTOR('',#9706,1.);
#2790=VECTOR('',#9709,1.);
#2791=VECTOR('',#9714,1.);
#2792=VECTOR('',#9715,1.);
#2793=VECTOR('',#9718,1.);
#2794=VECTOR('',#9737,1.);
#2795=VECTOR('',#9740,1.);
#2796=VECTOR('',#9753,1.);
#2797=VECTOR('',#9754,1.);
#2798=VECTOR('',#9765,1.);
#2799=VECTOR('',#9768,1.);
#2800=VECTOR('',#9773,1.);
#2801=VECTOR('',#9774,1.);
#2802=VECTOR('',#9777,1.);
#2803=VECTOR('',#9798,0.215);
#2804=VECTOR('',#9805,1.);
#2805=VECTOR('',#9808,1.);
#2806=VECTOR('',#9811,1.);
#2807=VECTOR('',#9812,1.);
#2808=VECTOR('',#9827,1.);
#2809=VECTOR('',#9828,1.);
#2810=VECTOR('',#9831,1.);
#2811=VECTOR('',#9834,1.);
#2812=VECTOR('',#9847,1.);
#2813=VECTOR('',#9848,1.);
#2814=VECTOR('',#9859,1.);
#2815=VECTOR('',#9860,1.);
#2816=VECTOR('',#9863,1.);
#2817=VECTOR('',#9866,1.);
#2818=VECTOR('',#9869,1.);
#2819=VECTOR('',#9870,1.);
#2820=VECTOR('',#9871,1.);
#2821=VECTOR('',#9872,1.);
#2822=VECTOR('',#9875,1.);
#2823=VECTOR('',#9878,1.);
#2824=VECTOR('',#9879,1.);
#2825=VECTOR('',#9880,1.);
#2826=VECTOR('',#9881,1.);
#2827=VECTOR('',#9882,1.);
#2828=VECTOR('',#9883,1.);
#2829=VECTOR('',#9886,1.);
#2830=VECTOR('',#9889,1.);
#2831=VECTOR('',#9890,1.);
#2832=VECTOR('',#9891,1.);
#2833=VECTOR('',#9892,1.);
#2834=VECTOR('',#9895,1.);
#2835=VECTOR('',#9898,1.);
#2836=VECTOR('',#9899,1.);
#2837=VECTOR('',#9900,1.);
#2838=VECTOR('',#9901,1.);
#2839=VECTOR('',#9902,1.);
#2840=VECTOR('',#9905,1.);
#2841=VECTOR('',#9908,1.);
#2842=VECTOR('',#9909,1.);
#2843=VECTOR('',#9910,1.);
#2844=VECTOR('',#9911,1.);
#2845=VECTOR('',#9912,1.);
#2846=VECTOR('',#9915,1.);
#2847=VECTOR('',#9918,1.);
#2848=VECTOR('',#9919,1.);
#2849=VECTOR('',#9920,1.);
#2850=VECTOR('',#9921,1.);
#2851=VECTOR('',#9922,1.);
#2852=VECTOR('',#9925,1.);
#2853=VECTOR('',#9928,1.);
#2854=VECTOR('',#9929,1.);
#2855=VECTOR('',#9930,1.);
#2856=VECTOR('',#9931,1.);
#2857=VECTOR('',#9932,1.);
#2858=VECTOR('',#9933,1.);
#2859=VECTOR('',#9934,1.);
#2860=VECTOR('',#9937,1.);
#2861=VECTOR('',#9942,1.);
#2862=VECTOR('',#9943,1.);
#2863=VECTOR('',#9958,1.);
#2864=VECTOR('',#9961,1.);
#2865=VECTOR('',#9974,1.);
#2866=VECTOR('',#9983,1.);
#2867=VECTOR('',#9986,1.);
#2868=VECTOR('',#9989,1.);
#2869=VECTOR('',#9990,1.);
#2870=VECTOR('',#9991,1.);
#2871=VECTOR('',#9994,1.);
#2872=VECTOR('',#9997,1.);
#2873=VECTOR('',#10000,1.);
#2874=VECTOR('',#10001,1.);
#2875=VECTOR('',#10004,1.);
#2876=VECTOR('',#10007,1.);
#2877=VECTOR('',#10010,1.);
#2878=VECTOR('',#10011,1.);
#2879=VECTOR('',#10014,1.);
#2880=VECTOR('',#10017,1.);
#2881=VECTOR('',#10020,1.);
#2882=VECTOR('',#10023,1.);
#2883=VECTOR('',#10028,1.);
#2884=VECTOR('',#10031,1.);
#2885=VECTOR('',#10032,1.);
#2886=VECTOR('',#10033,1.);
#2887=VECTOR('',#10036,1.);
#2888=VECTOR('',#10037,1.);
#2889=VECTOR('',#10038,1.);
#2890=VECTOR('',#10041,1.);
#2891=VECTOR('',#10046,1.);
#2892=VECTOR('',#10049,1.);
#2893=VECTOR('',#10052,1.);
#2894=VECTOR('',#10053,1.);
#2895=VECTOR('',#10056,1.);
#2896=VECTOR('',#10059,1.);
#2897=VECTOR('',#10062,1.);
#2898=VECTOR('',#10069,1.);
#2899=VECTOR('',#10074,1.);
#2900=VECTOR('',#10075,1.);
#2901=VECTOR('',#10090,1.);
#2902=VECTOR('',#10093,1.);
#2903=VECTOR('',#10106,1.);
#2904=VECTOR('',#10115,1.);
#2905=VECTOR('',#10118,1.);
#2906=VECTOR('',#10123,1.);
#2907=VECTOR('',#10128,1.);
#2908=VECTOR('',#10129,1.);
#2909=VECTOR('',#10144,1.);
#2910=VECTOR('',#10147,1.);
#2911=VECTOR('',#10160,1.);
#2912=VECTOR('',#10169,1.);
#2913=VECTOR('',#10172,1.);
#2914=VECTOR('',#10175,1.);
#2915=VECTOR('',#10178,1.);
#2916=VECTOR('',#10181,1.);
#2917=VECTOR('',#10184,1.);
#2918=VECTOR('',#10185,1.);
#2919=VECTOR('',#10188,1.);
#2920=VECTOR('',#10191,1.);
#2921=VECTOR('',#10194,1.);
#2922=VECTOR('',#10197,1.);
#2923=VECTOR('',#10200,1.);
#2924=VECTOR('',#10203,1.);
#2925=VECTOR('',#10204,1.);
#2926=VECTOR('',#10209,1.);
#2927=VECTOR('',#10212,1.);
#2928=VECTOR('',#10215,1.);
#2929=VECTOR('',#10218,1.);
#2930=VECTOR('',#10221,1.);
#2931=VECTOR('',#10226,1.);
#2932=VECTOR('',#10227,1.);
#2933=VECTOR('',#10230,1.);
#2934=VECTOR('',#10235,1.);
#2935=VECTOR('',#10238,1.);
#2936=VECTOR('',#10239,1.);
#2937=VECTOR('',#10242,1.);
#2938=VECTOR('',#10247,1.);
#2939=VECTOR('',#10252,1.);
#2940=VECTOR('',#10253,1.);
#2941=VECTOR('',#10258,1.);
#2942=VECTOR('',#10263,1.);
#2943=VECTOR('',#10264,1.);
#2944=VECTOR('',#10279,1.);
#2945=VECTOR('',#10282,1.);
#2946=VECTOR('',#10295,1.);
#2947=VECTOR('',#10304,1.);
#2948=VECTOR('',#10307,1.);
#2949=VECTOR('',#10310,1.);
#2950=VECTOR('',#10311,1.);
#2951=VECTOR('',#10312,1.);
#2952=VECTOR('',#10327,1.);
#2953=VECTOR('',#10330,1.);
#2954=VECTOR('',#10343,1.);
#2955=VECTOR('',#10352,1.);
#2956=VECTOR('',#10355,1.);
#2957=VECTOR('',#10358,1.);
#2958=VECTOR('',#10359,1.);
#2959=VECTOR('',#10360,1.);
#2960=VECTOR('',#10363,1.);
#2961=VECTOR('',#10366,1.);
#2962=VECTOR('',#10369,1.);
#2963=VECTOR('',#10370,1.);
#2964=VECTOR('',#10375,1.);
#2965=VECTOR('',#10378,1.);
#2966=VECTOR('',#10381,1.);
#2967=VECTOR('',#10384,1.);
#2968=VECTOR('',#10385,1.);
#2969=VECTOR('',#10388,1.);
#2970=VECTOR('',#10391,1.);
#2971=VECTOR('',#10394,1.);
#2972=VECTOR('',#10397,1.);
#2973=VECTOR('',#10400,1.);
#2974=VECTOR('',#10403,1.);
#2975=VECTOR('',#10404,1.);
#2976=VECTOR('',#10405,1.);
#2977=VECTOR('',#10406,1.);
#2978=VECTOR('',#10409,1.);
#2979=VECTOR('',#10410,1.);
#2980=VECTOR('',#10413,1.);
#2981=VECTOR('',#10418,1.);
#2982=VECTOR('',#10423,1.);
#2983=VECTOR('',#10426,1.);
#2984=VECTOR('',#10427,1.);
#2985=VECTOR('',#10430,1.);
#2986=VECTOR('',#10443,1.);
#2987=VECTOR('',#10450,1.);
#2988=VECTOR('',#10455,1.);
#2989=VECTOR('',#10458,1.);
#2990=VECTOR('',#10459,1.);
#2991=VECTOR('',#10462,1.);
#2992=VECTOR('',#10463,1.);
#2993=VECTOR('',#10466,1.);
#2994=VECTOR('',#10475,1.);
#2995=VECTOR('',#10478,1.);
#2996=VECTOR('',#10485,1.);
#2997=VECTOR('',#10486,1.);
#2998=VECTOR('',#10487,1.);
#2999=VECTOR('',#10490,1.);
#3000=VECTOR('',#10493,1.);
#3001=VECTOR('',#10496,1.);
#3002=VECTOR('',#10499,1.);
#3003=VECTOR('',#10500,1.);
#3004=VECTOR('',#10501,1.);
#3005=VECTOR('',#10502,1.);
#3006=VECTOR('',#10505,1.);
#3007=VECTOR('',#10506,1.);
#3008=VECTOR('',#10515,1.);
#3009=VECTOR('',#10520,1.);
#3010=VECTOR('',#10529,1.);
#3011=VECTOR('',#10530,1.);
#3012=VECTOR('',#10535,1.);
#3013=VECTOR('',#10542,1.);
#3014=VECTOR('',#10559,1.);
#3015=VECTOR('',#10570,1.);
#3016=VECTOR('',#10581,1.);
#3017=VECTOR('',#10590,1.);
#3018=VECTOR('',#10591,1.);
#3019=VECTOR('',#10594,1.);
#3020=VECTOR('',#10595,1.);
#3021=VECTOR('',#10596,1.);
#3022=VECTOR('',#10599,1.);
#3023=VECTOR('',#10604,1.);
#3024=VECTOR('',#10605,1.);
#3025=VECTOR('',#10608,1.);
#3026=VECTOR('',#10625,1.);
#3027=VECTOR('',#10626,1.);
#3028=VECTOR('',#10639,1.);
#3029=VECTOR('',#10640,1.);
#3030=VECTOR('',#10651,1.);
#3031=VECTOR('',#10660,1.);
#3032=VECTOR('',#10663,1.);
#3033=VECTOR('',#10666,1.);
#3034=VECTOR('',#10667,1.);
#3035=VECTOR('',#10668,1.);
#3036=VECTOR('',#10669,1.);
#3037=VECTOR('',#10670,1.);
#3038=VECTOR('',#10671,1.);
#3039=VECTOR('',#10674,1.);
#3040=VECTOR('',#10677,1.);
#3041=VECTOR('',#10678,1.);
#3042=VECTOR('',#10681,1.);
#3043=VECTOR('',#10682,1.);
#3044=VECTOR('',#10695,1.);
#3045=VECTOR('',#10696,1.);
#3046=VECTOR('',#10705,1.);
#3047=VECTOR('',#10706,1.);
#3048=VECTOR('',#10715,1.);
#3049=VECTOR('',#10716,1.);
#3050=VECTOR('',#10725,1.);
#3051=VECTOR('',#10728,1.);
#3052=VECTOR('',#10731,1.);
#3053=VECTOR('',#10732,1.);
#3054=VECTOR('',#10735,1.);
#3055=VECTOR('',#10740,1.);
#3056=VECTOR('',#10741,1.);
#3057=VECTOR('',#10744,1.);
#3058=VECTOR('',#10749,1.);
#3059=VECTOR('',#10750,1.);
#3060=VECTOR('',#10753,1.);
#3061=VECTOR('',#10758,1.);
#3062=VECTOR('',#10759,1.);
#3063=VECTOR('',#10762,1.);
#3064=VECTOR('',#10765,1.);
#3065=VECTOR('',#10766,1.);
#3066=VECTOR('',#10775,1.);
#3067=VECTOR('',#10776,1.);
#3068=VECTOR('',#10785,1.);
#3069=VECTOR('',#10786,1.);
#3070=VECTOR('',#10795,1.);
#3071=VECTOR('',#10796,1.);
#3072=VECTOR('',#10805,1.);
#3073=VECTOR('',#10808,1.);
#3074=VECTOR('',#10811,1.);
#3075=VECTOR('',#10812,1.);
#3076=VECTOR('',#10815,1.);
#3077=VECTOR('',#10820,1.);
#3078=VECTOR('',#10821,1.);
#3079=VECTOR('',#10826,1.);
#3080=VECTOR('',#10829,1.);
#3081=VECTOR('',#10832,1.);
#3082=VECTOR('',#10835,1.);
#3083=VECTOR('',#10854,1.);
#3084=VECTOR('',#10857,1.);
#3085=VECTOR('',#10862,1.);
#3086=VECTOR('',#10875,1.);
#3087=VECTOR('',#10886,1.);
#3088=VECTOR('',#10895,1.);
#3089=VECTOR('',#10898,1.);
#3090=VECTOR('',#10907,1.);
#3091=VECTOR('',#10910,1.);
#3092=VECTOR('',#10915,1.);
#3093=VECTOR('',#10916,1.);
#3094=VECTOR('',#10919,1.);
#3095=VECTOR('',#10922,1.);
#3096=VECTOR('',#10925,1.);
#3097=VECTOR('',#10928,1.);
#3098=VECTOR('',#10931,1.);
#3099=VECTOR('',#10934,1.);
#3100=VECTOR('',#10935,1.);
#3101=VECTOR('',#10936,1.);
#3102=VECTOR('',#10939,1.);
#3103=VECTOR('',#10942,1.);
#3104=VECTOR('',#10945,1.);
#3105=VECTOR('',#10956,1.);
#3106=VECTOR('',#10959,1.);
#3107=VECTOR('',#10972,1.);
#3108=VECTOR('',#10983,1.);
#3109=VECTOR('',#11010,1.);
#3110=VECTOR('',#11013,1.);
#3111=VECTOR('',#11016,1.);
#3112=VECTOR('',#11017,1.);
#3113=VECTOR('',#11020,1.);
#3114=VECTOR('',#11023,1.);
#3115=VECTOR('',#11026,1.);
#3116=VECTOR('',#11029,1.);
#3117=VECTOR('',#11036,1.);
#3118=VECTOR('',#11039,1.);
#3119=VECTOR('',#11044,1.);
#3120=VECTOR('',#11057,1.);
#3121=VECTOR('',#11068,1.);
#3122=VECTOR('',#11077,1.);
#3123=VECTOR('',#11080,1.);
#3124=VECTOR('',#11087,1.);
#3125=VECTOR('',#11088,1.);
#3126=VECTOR('',#11089,1.);
#3127=VECTOR('',#11096,1.);
#3128=VECTOR('',#11101,1.);
#3129=VECTOR('',#11102,1.);
#3130=VECTOR('',#11105,1.);
#3131=VECTOR('',#11108,1.);
#3132=VECTOR('',#11111,1.);
#3133=VECTOR('',#11114,1.);
#3134=VECTOR('',#11117,1.);
#3135=VECTOR('',#11120,1.);
#3136=VECTOR('',#11131,1.);
#3137=VECTOR('',#11142,1.);
#3138=VECTOR('',#11153,1.);
#3139=VECTOR('',#11160,1.);
#3140=VECTOR('',#11165,1.);
#3141=VECTOR('',#11166,1.);
#3142=VECTOR('',#11169,1.);
#3143=VECTOR('',#11174,1.);
#3144=VECTOR('',#11175,1.);
#3145=VECTOR('',#11178,1.);
#3146=VECTOR('',#11183,1.);
#3147=VECTOR('',#11184,1.);
#3148=VECTOR('',#11191,1.);
#3149=VECTOR('',#11234,1.);
#3150=VECTOR('',#11243,1.);
#3151=VECTOR('',#11246,1.);
#3152=VECTOR('',#11247,1.);
#3153=VECTOR('',#11248,1.);
#3154=VECTOR('',#11251,1.);
#3155=VECTOR('',#11254,1.);
#3156=VECTOR('',#11255,1.);
#3157=VECTOR('',#11256,1.);
#3158=VECTOR('',#11259,1.);
#3159=VECTOR('',#11264,1.);
#3160=VECTOR('',#11265,1.);
#3161=VECTOR('',#11268,1.);
#3162=VECTOR('',#11271,1.);
#3163=VECTOR('',#11274,1.);
#3164=VECTOR('',#11277,1.);
#3165=VECTOR('',#11278,1.);
#3166=VECTOR('',#11281,1.);
#3167=VECTOR('',#11284,1.);
#3168=VECTOR('',#11285,1.);
#3169=VECTOR('',#11292,1.);
#3170=VECTOR('',#11307,1.);
#3171=VECTOR('',#11312,1.);
#3172=VECTOR('',#11315,1.);
#3173=VECTOR('',#11318,1.);
#3174=VECTOR('',#11321,1.);
#3175=VECTOR('',#11324,1.);
#3176=VECTOR('',#11327,1.);
#3177=VECTOR('',#11330,1.);
#3178=VECTOR('',#11333,1.);
#3179=VECTOR('',#11336,1.);
#3180=VECTOR('',#11339,1.);
#3181=VECTOR('',#11342,1.);
#3182=VECTOR('',#11345,1.);
#3183=VECTOR('',#11348,1.);
#3184=VECTOR('',#11351,1.);
#3185=VECTOR('',#11360,1.);
#3186=VECTOR('',#11381,1.);
#3187=VECTOR('',#11438,1.);
#3188=VECTOR('',#11469,1.);
#3189=VECTOR('',#11480,1.);
#3190=VECTOR('',#11491,1.);
#3191=VECTOR('',#11500,1.);
#3192=VECTOR('',#11503,1.);
#3193=VECTOR('',#11504,1.);
#3194=VECTOR('',#11505,1.);
#3195=VECTOR('',#11508,1.);
#3196=VECTOR('',#11513,1.);
#3197=VECTOR('',#11514,1.);
#3198=VECTOR('',#11517,1.);
#3199=VECTOR('',#11526,1.);
#3200=VECTOR('',#11541,1.);
#3201=VECTOR('',#11542,1.);
#3202=VECTOR('',#11549,1.);
#3203=VECTOR('',#11550,1.);
#3204=VECTOR('',#11563,1.);
#3205=VECTOR('',#11564,1.);
#3206=VECTOR('',#11575,1.);
#3207=VECTOR('',#11576,1.);
#3208=VECTOR('',#11579,1.);
#3209=VECTOR('',#11580,1.);
#3210=VECTOR('',#11583,1.);
#3211=VECTOR('',#11588,1.);
#3212=VECTOR('',#11589,1.);
#3213=VECTOR('',#11592,1.);
#3214=VECTOR('',#11597,1.);
#3215=VECTOR('',#11622,1.);
#3216=VECTOR('',#11633,1.);
#3217=VECTOR('',#11642,1.);
#3218=VECTOR('',#11647,1.);
#3219=VECTOR('',#11648,1.);
#3220=VECTOR('',#11661,1.);
#3221=VECTOR('',#11662,1.);
#3222=VECTOR('',#11673,1.);
#3223=VECTOR('',#11674,1.);
#3224=VECTOR('',#11677,1.);
#3225=VECTOR('',#11680,1.);
#3226=VECTOR('',#11683,1.);
#3227=VECTOR('',#11686,1.);
#3228=VECTOR('',#11693,1.);
#3229=VECTOR('',#11704,1.);
#3230=VECTOR('',#11713,1.);
#3231=VECTOR('',#11718,1.);
#3232=VECTOR('',#11719,1.);
#3233=VECTOR('',#11732,1.);
#3234=VECTOR('',#11733,1.);
#3235=VECTOR('',#11744,1.);
#3236=VECTOR('',#11745,1.);
#3237=VECTOR('',#11748,1.);
#3238=VECTOR('',#11751,1.);
#3239=VECTOR('',#11754,1.);
#3240=VECTOR('',#11757,1.);
#3241=VECTOR('',#11764,1.);
#3242=VECTOR('',#11765,1.);
#3243=VECTOR('',#11778,1.);
#3244=VECTOR('',#11779,1.);
#3245=VECTOR('',#11790,1.);
#3246=VECTOR('',#11791,1.);
#3247=VECTOR('',#11794,1.);
#3248=VECTOR('',#11795,1.);
#3249=VECTOR('',#11798,1.);
#3250=VECTOR('',#11803,1.);
#3251=VECTOR('',#11804,1.);
#3252=VECTOR('',#11807,1.);
#3253=VECTOR('',#11812,1.);
#3254=VECTOR('',#11835,1.);
#3255=VECTOR('',#11840,1.);
#3256=VECTOR('',#11841,1.);
#3257=VECTOR('',#11844,1.);
#3258=VECTOR('',#11847,1.);
#3259=VECTOR('',#11854,0.215);
#3260=VECTOR('',#11857,0.215);
#3261=VECTOR('',#11860,0.215);
#3262=VECTOR('',#11863,0.215);
#3263=VECTOR('',#11866,0.215);
#3264=VECTOR('',#11869,0.215);
#3265=VECTOR('',#11872,0.215);
#3266=VECTOR('',#11881,1.);
#3267=VECTOR('',#11884,1.);
#3268=VECTOR('',#11887,1.);
#3269=VERTEX_POINT('',#11894);
#3270=VERTEX_POINT('',#11895);
#3271=VERTEX_POINT('',#11897);
#3272=VERTEX_POINT('',#11899);
#3273=VERTEX_POINT('',#11901);
#3274=VERTEX_POINT('',#11903);
#3275=VERTEX_POINT('',#11905);
#3276=VERTEX_POINT('',#11907);
#3277=VERTEX_POINT('',#11909);
#3278=VERTEX_POINT('',#11911);
#3279=VERTEX_POINT('',#11913);
#3280=VERTEX_POINT('',#11915);
#3281=VERTEX_POINT('',#11917);
#3282=VERTEX_POINT('',#11919);
#3283=VERTEX_POINT('',#11921);
#3284=VERTEX_POINT('',#11923);
#3285=VERTEX_POINT('',#11925);
#3286=VERTEX_POINT('',#11927);
#3287=VERTEX_POINT('',#11929);
#3288=VERTEX_POINT('',#11931);
#3289=VERTEX_POINT('',#11933);
#3290=VERTEX_POINT('',#11935);
#3291=VERTEX_POINT('',#11938);
#3292=VERTEX_POINT('',#11939);
#3293=VERTEX_POINT('',#11941);
#3294=VERTEX_POINT('',#11943);
#3295=VERTEX_POINT('',#11945);
#3296=VERTEX_POINT('',#11947);
#3297=VERTEX_POINT('',#11949);
#3298=VERTEX_POINT('',#11951);
#3299=VERTEX_POINT('',#11953);
#3300=VERTEX_POINT('',#11955);
#3301=VERTEX_POINT('',#11957);
#3302=VERTEX_POINT('',#11959);
#3303=VERTEX_POINT('',#11961);
#3304=VERTEX_POINT('',#11963);
#3305=VERTEX_POINT('',#11966);
#3306=VERTEX_POINT('',#11967);
#3307=VERTEX_POINT('',#11969);
#3308=VERTEX_POINT('',#11971);
#3309=VERTEX_POINT('',#11973);
#3310=VERTEX_POINT('',#11975);
#3311=VERTEX_POINT('',#11977);
#3312=VERTEX_POINT('',#11979);
#3313=VERTEX_POINT('',#11982);
#3314=VERTEX_POINT('',#11983);
#3315=VERTEX_POINT('',#11985);
#3316=VERTEX_POINT('',#11987);
#3317=VERTEX_POINT('',#11989);
#3318=VERTEX_POINT('',#11991);
#3319=VERTEX_POINT('',#11993);
#3320=VERTEX_POINT('',#11995);
#3321=VERTEX_POINT('',#11998);
#3322=VERTEX_POINT('',#11999);
#3323=VERTEX_POINT('',#12001);
#3324=VERTEX_POINT('',#12003);
#3325=VERTEX_POINT('',#12005);
#3326=VERTEX_POINT('',#12007);
#3327=VERTEX_POINT('',#12009);
#3328=VERTEX_POINT('',#12011);
#3329=VERTEX_POINT('',#12015);
#3330=VERTEX_POINT('',#12016);
#3331=VERTEX_POINT('',#12021);
#3332=VERTEX_POINT('',#12025);
#3333=VERTEX_POINT('',#12029);
#3334=VERTEX_POINT('',#12033);
#3335=VERTEX_POINT('',#12037);
#3336=VERTEX_POINT('',#12041);
#3337=VERTEX_POINT('',#12045);
#3338=VERTEX_POINT('',#12049);
#3339=VERTEX_POINT('',#12053);
#3340=VERTEX_POINT('',#12057);
#3341=VERTEX_POINT('',#12061);
#3342=VERTEX_POINT('',#12065);
#3343=VERTEX_POINT('',#12071);
#3344=VERTEX_POINT('',#12072);
#3345=VERTEX_POINT('',#12077);
#3346=VERTEX_POINT('',#12081);
#3347=VERTEX_POINT('',#12082);
#3348=VERTEX_POINT('',#12087);
#3349=VERTEX_POINT('',#12091);
#3350=VERTEX_POINT('',#12095);
#3351=VERTEX_POINT('',#12099);
#3352=VERTEX_POINT('',#12103);
#3353=VERTEX_POINT('',#12107);
#3354=VERTEX_POINT('',#12111);
#3355=VERTEX_POINT('',#12115);
#3356=VERTEX_POINT('',#12119);
#3357=VERTEX_POINT('',#12125);
#3358=VERTEX_POINT('',#12127);
#3359=VERTEX_POINT('',#12131);
#3360=VERTEX_POINT('',#12134);
#3361=VERTEX_POINT('',#12135);
#3362=VERTEX_POINT('',#12137);
#3363=VERTEX_POINT('',#12139);
#3364=VERTEX_POINT('',#12141);
#3365=VERTEX_POINT('',#12143);
#3366=VERTEX_POINT('',#12146);
#3367=VERTEX_POINT('',#12147);
#3368=VERTEX_POINT('',#12149);
#3369=VERTEX_POINT('',#12151);
#3370=VERTEX_POINT('',#12154);
#3371=VERTEX_POINT('',#12155);
#3372=VERTEX_POINT('',#12157);
#3373=VERTEX_POINT('',#12159);
#3374=VERTEX_POINT('',#12162);
#3375=VERTEX_POINT('',#12163);
#3376=VERTEX_POINT('',#12165);
#3377=VERTEX_POINT('',#12167);
#3378=VERTEX_POINT('',#12170);
#3379=VERTEX_POINT('',#12171);
#3380=VERTEX_POINT('',#12173);
#3381=VERTEX_POINT('',#12175);
#3382=VERTEX_POINT('',#12178);
#3383=VERTEX_POINT('',#12179);
#3384=VERTEX_POINT('',#12181);
#3385=VERTEX_POINT('',#12183);
#3386=VERTEX_POINT('',#12186);
#3387=VERTEX_POINT('',#12187);
#3388=VERTEX_POINT('',#12189);
#3389=VERTEX_POINT('',#12191);
#3390=VERTEX_POINT('',#12195);
#3391=VERTEX_POINT('',#12199);
#3392=VERTEX_POINT('',#12201);
#3393=VERTEX_POINT('',#12203);
#3394=VERTEX_POINT('',#12205);
#3395=VERTEX_POINT('',#12207);
#3396=VERTEX_POINT('',#12209);
#3397=VERTEX_POINT('',#12211);
#3398=VERTEX_POINT('',#12213);
#3399=VERTEX_POINT('',#12215);
#3400=VERTEX_POINT('',#12219);
#3401=VERTEX_POINT('',#12223);
#3402=VERTEX_POINT('',#12227);
#3403=VERTEX_POINT('',#12231);
#3404=VERTEX_POINT('',#12233);
#3405=VERTEX_POINT('',#12235);
#3406=VERTEX_POINT('',#12237);
#3407=VERTEX_POINT('',#12239);
#3408=VERTEX_POINT('',#12241);
#3409=VERTEX_POINT('',#12243);
#3410=VERTEX_POINT('',#12245);
#3411=VERTEX_POINT('',#12248);
#3412=VERTEX_POINT('',#12255);
#3413=VERTEX_POINT('',#12264);
#3414=VERTEX_POINT('',#12266);
#3415=VERTEX_POINT('',#12270);
#3416=VERTEX_POINT('',#12274);
#3417=VERTEX_POINT('',#12278);
#3418=VERTEX_POINT('',#12280);
#3419=VERTEX_POINT('',#12282);
#3420=VERTEX_POINT('',#12286);
#3421=VERTEX_POINT('',#12288);
#3422=VERTEX_POINT('',#12292);
#3423=VERTEX_POINT('',#12294);
#3424=VERTEX_POINT('',#12296);
#3425=VERTEX_POINT('',#12300);
#3426=VERTEX_POINT('',#12304);
#3427=VERTEX_POINT('',#12308);
#3428=VERTEX_POINT('',#12310);
#3429=VERTEX_POINT('',#12314);
#3430=VERTEX_POINT('',#12316);
#3431=VERTEX_POINT('',#12318);
#3432=VERTEX_POINT('',#12322);
#3433=VERTEX_POINT('',#12326);
#3434=VERTEX_POINT('',#12330);
#3435=VERTEX_POINT('',#12332);
#3436=VERTEX_POINT('',#12334);
#3437=VERTEX_POINT('',#12338);
#3438=VERTEX_POINT('',#12342);
#3439=VERTEX_POINT('',#12346);
#3440=VERTEX_POINT('',#12352);
#3441=VERTEX_POINT('',#12356);
#3442=VERTEX_POINT('',#12360);
#3443=VERTEX_POINT('',#12373);
#3444=VERTEX_POINT('',#12375);
#3445=VERTEX_POINT('',#12379);
#3446=VERTEX_POINT('',#12380);
#3447=VERTEX_POINT('',#12385);
#3448=VERTEX_POINT('',#12386);
#3449=VERTEX_POINT('',#12391);
#3450=VERTEX_POINT('',#12398);
#3451=VERTEX_POINT('',#12402);
#3452=VERTEX_POINT('',#12416);
#3453=VERTEX_POINT('',#12418);
#3454=VERTEX_POINT('',#12422);
#3455=VERTEX_POINT('',#12423);
#3456=VERTEX_POINT('',#12428);
#3457=VERTEX_POINT('',#12429);
#3458=VERTEX_POINT('',#12434);
#3459=VERTEX_POINT('',#12441);
#3460=VERTEX_POINT('',#12445);
#3461=VERTEX_POINT('',#12459);
#3462=VERTEX_POINT('',#12461);
#3463=VERTEX_POINT('',#12465);
#3464=VERTEX_POINT('',#12466);
#3465=VERTEX_POINT('',#12468);
#3466=VERTEX_POINT('',#12470);
#3467=VERTEX_POINT('',#12506);
#3468=VERTEX_POINT('',#12507);
#3469=VERTEX_POINT('',#12509);
#3470=VERTEX_POINT('',#12537);
#3471=VERTEX_POINT('',#12538);
#3472=VERTEX_POINT('',#12540);
#3473=VERTEX_POINT('',#12547);
#3474=VERTEX_POINT('',#12549);
#3475=VERTEX_POINT('',#12553);
#3476=VERTEX_POINT('',#12554);
#3477=VERTEX_POINT('',#12559);
#3478=VERTEX_POINT('',#12560);
#3479=VERTEX_POINT('',#12565);
#3480=VERTEX_POINT('',#12566);
#3481=VERTEX_POINT('',#12574);
#3482=VERTEX_POINT('',#12576);
#3483=VERTEX_POINT('',#12580);
#3484=VERTEX_POINT('',#12581);
#3485=VERTEX_POINT('',#12583);
#3486=VERTEX_POINT('',#12585);
#3487=VERTEX_POINT('',#12587);
#3488=VERTEX_POINT('',#12589);
#3489=VERTEX_POINT('',#12591);
#3490=VERTEX_POINT('',#12593);
#3491=VERTEX_POINT('',#12595);
#3492=VERTEX_POINT('',#12597);
#3493=VERTEX_POINT('',#12600);
#3494=VERTEX_POINT('',#12602);
#3495=VERTEX_POINT('',#12604);
#3496=VERTEX_POINT('',#12606);
#3497=VERTEX_POINT('',#12608);
#3498=VERTEX_POINT('',#12610);
#3499=VERTEX_POINT('',#12612);
#3500=VERTEX_POINT('',#12615);
#3501=VERTEX_POINT('',#12616);
#3502=VERTEX_POINT('',#12618);
#3503=VERTEX_POINT('',#12620);
#3504=VERTEX_POINT('',#12622);
#3505=VERTEX_POINT('',#12624);
#3506=VERTEX_POINT('',#12626);
#3507=VERTEX_POINT('',#12628);
#3508=VERTEX_POINT('',#12630);
#3509=VERTEX_POINT('',#12632);
#3510=VERTEX_POINT('',#12634);
#3511=VERTEX_POINT('',#12636);
#3512=VERTEX_POINT('',#12638);
#3513=VERTEX_POINT('',#12640);
#3514=VERTEX_POINT('',#12642);
#3515=VERTEX_POINT('',#12644);
#3516=VERTEX_POINT('',#12647);
#3517=VERTEX_POINT('',#12648);
#3518=VERTEX_POINT('',#12650);
#3519=VERTEX_POINT('',#12652);
#3520=VERTEX_POINT('',#12654);
#3521=VERTEX_POINT('',#12656);
#3522=VERTEX_POINT('',#12658);
#3523=VERTEX_POINT('',#12660);
#3524=VERTEX_POINT('',#12662);
#3525=VERTEX_POINT('',#12664);
#3526=VERTEX_POINT('',#12666);
#3527=VERTEX_POINT('',#12668);
#3528=VERTEX_POINT('',#12670);
#3529=VERTEX_POINT('',#12672);
#3530=VERTEX_POINT('',#12674);
#3531=VERTEX_POINT('',#12676);
#3532=VERTEX_POINT('',#12679);
#3533=VERTEX_POINT('',#12680);
#3534=VERTEX_POINT('',#12682);
#3535=VERTEX_POINT('',#12684);
#3536=VERTEX_POINT('',#12688);
#3537=VERTEX_POINT('',#12724);
#3538=VERTEX_POINT('',#12726);
#3539=VERTEX_POINT('',#12754);
#3540=VERTEX_POINT('',#12756);
#3541=VERTEX_POINT('',#12762);
#3542=VERTEX_POINT('',#12766);
#3543=VERTEX_POINT('',#12770);
#3544=VERTEX_POINT('',#12774);
#3545=VERTEX_POINT('',#12782);
#3546=VERTEX_POINT('',#12784);
#3547=VERTEX_POINT('',#12788);
#3548=VERTEX_POINT('',#12790);
#3549=VERTEX_POINT('',#12794);
#3550=VERTEX_POINT('',#12798);
#3551=VERTEX_POINT('',#12800);
#3552=VERTEX_POINT('',#12804);
#3553=VERTEX_POINT('',#12808);
#3554=VERTEX_POINT('',#12810);
#3555=VERTEX_POINT('',#12816);
#3556=VERTEX_POINT('',#12820);
#3557=VERTEX_POINT('',#12823);
#3558=VERTEX_POINT('',#12826);
#3559=VERTEX_POINT('',#12828);
#3560=VERTEX_POINT('',#12830);
#3561=VERTEX_POINT('',#12832);
#3562=VERTEX_POINT('',#12834);
#3563=VERTEX_POINT('',#12836);
#3564=VERTEX_POINT('',#12838);
#3565=VERTEX_POINT('',#12856);
#3566=VERTEX_POINT('',#12858);
#3567=VERTEX_POINT('',#12894);
#3568=VERTEX_POINT('',#12896);
#3569=VERTEX_POINT('',#12924);
#3570=VERTEX_POINT('',#12926);
#3571=VERTEX_POINT('',#12932);
#3572=VERTEX_POINT('',#12936);
#3573=VERTEX_POINT('',#12940);
#3574=VERTEX_POINT('',#12944);
#3575=VERTEX_POINT('',#12950);
#3576=VERTEX_POINT('',#12954);
#3577=VERTEX_POINT('',#12990);
#3578=VERTEX_POINT('',#12992);
#3579=VERTEX_POINT('',#13020);
#3580=VERTEX_POINT('',#13022);
#3581=VERTEX_POINT('',#13028);
#3582=VERTEX_POINT('',#13032);
#3583=VERTEX_POINT('',#13036);
#3584=VERTEX_POINT('',#13040);
#3585=VERTEX_POINT('',#13050);
#3586=VERTEX_POINT('',#13052);
#3587=VERTEX_POINT('',#13056);
#3588=VERTEX_POINT('',#13060);
#3589=VERTEX_POINT('',#13062);
#3590=VERTEX_POINT('',#13068);
#3591=VERTEX_POINT('',#13070);
#3592=VERTEX_POINT('',#13074);
#3593=VERTEX_POINT('',#13078);
#3594=VERTEX_POINT('',#13082);
#3595=VERTEX_POINT('',#13084);
#3596=VERTEX_POINT('',#13090);
#3597=VERTEX_POINT('',#13094);
#3598=VERTEX_POINT('',#13098);
#3599=VERTEX_POINT('',#13102);
#3600=VERTEX_POINT('',#13104);
#3601=VERTEX_POINT('',#13111);
#3602=VERTEX_POINT('',#13113);
#3603=VERTEX_POINT('',#13120);
#3604=VERTEX_POINT('',#13122);
#3605=VERTEX_POINT('',#13153);
#3606=VERTEX_POINT('',#13155);
#3607=VERTEX_POINT('',#13188);
#3608=VERTEX_POINT('',#13190);
#3609=VERTEX_POINT('',#13196);
#3610=VERTEX_POINT('',#13200);
#3611=VERTEX_POINT('',#13204);
#3612=VERTEX_POINT('',#13208);
#3613=VERTEX_POINT('',#13216);
#3614=VERTEX_POINT('',#13218);
#3615=VERTEX_POINT('',#13246);
#3616=VERTEX_POINT('',#13248);
#3617=VERTEX_POINT('',#13276);
#3618=VERTEX_POINT('',#13278);
#3619=VERTEX_POINT('',#13284);
#3620=VERTEX_POINT('',#13288);
#3621=VERTEX_POINT('',#13292);
#3622=VERTEX_POINT('',#13296);
#3623=VERTEX_POINT('',#13304);
#3624=VERTEX_POINT('',#13306);
#3625=VERTEX_POINT('',#13310);
#3626=VERTEX_POINT('',#13312);
#3627=VERTEX_POINT('',#13316);
#3628=VERTEX_POINT('',#13320);
#3629=VERTEX_POINT('',#13324);
#3630=VERTEX_POINT('',#13326);
#3631=VERTEX_POINT('',#13330);
#3632=VERTEX_POINT('',#13334);
#3633=VERTEX_POINT('',#13336);
#3634=VERTEX_POINT('',#13342);
#3635=VERTEX_POINT('',#13344);
#3636=VERTEX_POINT('',#13351);
#3637=VERTEX_POINT('',#13354);
#3638=VERTEX_POINT('',#13356);
#3639=VERTEX_POINT('',#13358);
#3640=VERTEX_POINT('',#13360);
#3641=VERTEX_POINT('',#13388);
#3642=VERTEX_POINT('',#13392);
#3643=VERTEX_POINT('',#13400);
#3644=VERTEX_POINT('',#13401);
#3645=VERTEX_POINT('',#13403);
#3646=VERTEX_POINT('',#13405);
#3647=VERTEX_POINT('',#13441);
#3648=VERTEX_POINT('',#13443);
#3649=VERTEX_POINT('',#13447);
#3650=VERTEX_POINT('',#13449);
#3651=VERTEX_POINT('',#13451);
#3652=VERTEX_POINT('',#13453);
#3653=VERTEX_POINT('',#13455);
#3654=VERTEX_POINT('',#13458);
#3655=VERTEX_POINT('',#13459);
#3656=VERTEX_POINT('',#13461);
#3657=VERTEX_POINT('',#13463);
#3658=VERTEX_POINT('',#13467);
#3659=VERTEX_POINT('',#13500);
#3660=VERTEX_POINT('',#13508);
#3661=VERTEX_POINT('',#13541);
#3662=VERTEX_POINT('',#13549);
#3663=VERTEX_POINT('',#13588);
#3664=VERTEX_POINT('',#13590);
#3665=VERTEX_POINT('',#13594);
#3666=VERTEX_POINT('',#13598);
#3667=VERTEX_POINT('',#13602);
#3668=VERTEX_POINT('',#13606);
#3669=VERTEX_POINT('',#13610);
#3670=VERTEX_POINT('',#13614);
#3671=VERTEX_POINT('',#13621);
#3672=VERTEX_POINT('',#13623);
#3673=VERTEX_POINT('',#13627);
#3674=VERTEX_POINT('',#13631);
#3675=VERTEX_POINT('',#13635);
#3676=VERTEX_POINT('',#13639);
#3677=VERTEX_POINT('',#13641);
#3678=VERTEX_POINT('',#13643);
#3679=VERTEX_POINT('',#13647);
#3680=VERTEX_POINT('',#13648);
#3681=VERTEX_POINT('',#13653);
#3682=VERTEX_POINT('',#13654);
#3683=VERTEX_POINT('',#13659);
#3684=VERTEX_POINT('',#13664);
#3685=VERTEX_POINT('',#13668);
#3686=VERTEX_POINT('',#13672);
#3687=VERTEX_POINT('',#13680);
#3688=VERTEX_POINT('',#13682);
#3689=VERTEX_POINT('',#13684);
#3690=VERTEX_POINT('',#13686);
#3691=VERTEX_POINT('',#13688);
#3692=VERTEX_POINT('',#13690);
#3693=VERTEX_POINT('',#13692);
#3694=VERTEX_POINT('',#13694);
#3695=VERTEX_POINT('',#13696);
#3696=VERTEX_POINT('',#13698);
#3697=VERTEX_POINT('',#13707);
#3698=VERTEX_POINT('',#13708);
#3699=VERTEX_POINT('',#13710);
#3700=VERTEX_POINT('',#13725);
#3701=VERTEX_POINT('',#13742);
#3702=VERTEX_POINT('',#13744);
#3703=VERTEX_POINT('',#13761);
#3704=VERTEX_POINT('',#13763);
#3705=VERTEX_POINT('',#13780);
#3706=VERTEX_POINT('',#13782);
#3707=VERTEX_POINT('',#13799);
#3708=VERTEX_POINT('',#13801);
#3709=VERTEX_POINT('',#13818);
#3710=VERTEX_POINT('',#13820);
#3711=VERTEX_POINT('',#13837);
#3712=VERTEX_POINT('',#13839);
#3713=VERTEX_POINT('',#13856);
#3714=VERTEX_POINT('',#13858);
#3715=VERTEX_POINT('',#13862);
#3716=VERTEX_POINT('',#13866);
#3717=VERTEX_POINT('',#13870);
#3718=VERTEX_POINT('',#13874);
#3719=VERTEX_POINT('',#13878);
#3720=VERTEX_POINT('',#13882);
#3721=VERTEX_POINT('',#13891);
#3722=VERTEX_POINT('',#13892);
#3723=VERTEX_POINT('',#13894);
#3724=VERTEX_POINT('',#13909);
#3725=VERTEX_POINT('',#13926);
#3726=VERTEX_POINT('',#13928);
#3727=VERTEX_POINT('',#13945);
#3728=VERTEX_POINT('',#13947);
#3729=VERTEX_POINT('',#13964);
#3730=VERTEX_POINT('',#13966);
#3731=VERTEX_POINT('',#13983);
#3732=VERTEX_POINT('',#13985);
#3733=VERTEX_POINT('',#14002);
#3734=VERTEX_POINT('',#14004);
#3735=VERTEX_POINT('',#14021);
#3736=VERTEX_POINT('',#14023);
#3737=VERTEX_POINT('',#14043);
#3738=VERTEX_POINT('',#14045);
#3739=VERTEX_POINT('',#14049);
#3740=VERTEX_POINT('',#14053);
#3741=VERTEX_POINT('',#14057);
#3742=VERTEX_POINT('',#14061);
#3743=VERTEX_POINT('',#14062);
#3744=VERTEX_POINT('',#14064);
#3745=VERTEX_POINT('',#14066);
#3746=VERTEX_POINT('',#14068);
#3747=VERTEX_POINT('',#14070);
#3748=VERTEX_POINT('',#14072);
#3749=VERTEX_POINT('',#14074);
#3750=VERTEX_POINT('',#14077);
#3751=VERTEX_POINT('',#14079);
#3752=VERTEX_POINT('',#14081);
#3753=VERTEX_POINT('',#14083);
#3754=VERTEX_POINT('',#14085);
#3755=VERTEX_POINT('',#14087);
#3756=VERTEX_POINT('',#14089);
#3757=VERTEX_POINT('',#14092);
#3758=VERTEX_POINT('',#14093);
#3759=VERTEX_POINT('',#14095);
#3760=VERTEX_POINT('',#14097);
#3761=VERTEX_POINT('',#14102);
#3762=VERTEX_POINT('',#14106);
#3763=VERTEX_POINT('',#14110);
#3764=VERTEX_POINT('',#14114);
#3765=VERTEX_POINT('',#14118);
#3766=VERTEX_POINT('',#14124);
#3767=VERTEX_POINT('',#14126);
#3768=VERTEX_POINT('',#14128);
#3769=VERTEX_POINT('',#14134);
#3770=VERTEX_POINT('',#14138);
#3771=VERTEX_POINT('',#14142);
#3772=VERTEX_POINT('',#14146);
#3773=VERTEX_POINT('',#14148);
#3774=VERTEX_POINT('',#14154);
#3775=VERTEX_POINT('',#14156);
#3776=VERTEX_POINT('',#14162);
#3777=VERTEX_POINT('',#14164);
#3778=VERTEX_POINT('',#14166);
#3779=VERTEX_POINT('',#14168);
#3780=VERTEX_POINT('',#14170);
#3781=VERTEX_POINT('',#14172);
#3782=VERTEX_POINT('',#14174);
#3783=VERTEX_POINT('',#14177);
#3784=VERTEX_POINT('',#14179);
#3785=VERTEX_POINT('',#14181);
#3786=VERTEX_POINT('',#14183);
#3787=VERTEX_POINT('',#14185);
#3788=VERTEX_POINT('',#14187);
#3789=VERTEX_POINT('',#14192);
#3790=VERTEX_POINT('',#14196);
#3791=VERTEX_POINT('',#14200);
#3792=VERTEX_POINT('',#14204);
#3793=VERTEX_POINT('',#14208);
#3794=VERTEX_POINT('',#14212);
#3795=VERTEX_POINT('',#14216);
#3796=VERTEX_POINT('',#14220);
#3797=VERTEX_POINT('',#14240);
#3798=VERTEX_POINT('',#14241);
#3799=VERTEX_POINT('',#14243);
#3800=VERTEX_POINT('',#14245);
#3801=VERTEX_POINT('',#14250);
#3802=VERTEX_POINT('',#14254);
#3803=VERTEX_POINT('',#14258);
#3804=VERTEX_POINT('',#14262);
#3805=VERTEX_POINT('',#14266);
#3806=VERTEX_POINT('',#14272);
#3807=VERTEX_POINT('',#14274);
#3808=VERTEX_POINT('',#14276);
#3809=VERTEX_POINT('',#14282);
#3810=VERTEX_POINT('',#14284);
#3811=VERTEX_POINT('',#14290);
#3812=VERTEX_POINT('',#14294);
#3813=VERTEX_POINT('',#14298);
#3814=VERTEX_POINT('',#14300);
#3815=VERTEX_POINT('',#14306);
#3816=VERTEX_POINT('',#14308);
#3817=VERTEX_POINT('',#14314);
#3818=VERTEX_POINT('',#14318);
#3819=VERTEX_POINT('',#14322);
#3820=VERTEX_POINT('',#14326);
#3821=VERTEX_POINT('',#14330);
#3822=VERTEX_POINT('',#14334);
#3823=VERTEX_POINT('',#14340);
#3824=VERTEX_POINT('',#14344);
#3825=VERTEX_POINT('',#14348);
#3826=VERTEX_POINT('',#14352);
#3827=VERTEX_POINT('',#14356);
#3828=VERTEX_POINT('',#14360);
#3829=VERTEX_POINT('',#14368);
#3830=VERTEX_POINT('',#14370);
#3831=VERTEX_POINT('',#14372);
#3832=VERTEX_POINT('',#14374);
#3833=VERTEX_POINT('',#14377);
#3834=VERTEX_POINT('',#14389);
#3835=VERTEX_POINT('',#14393);
#3836=VERTEX_POINT('',#14397);
#3837=VERTEX_POINT('',#14403);
#3838=VERTEX_POINT('',#14405);
#3839=VERTEX_POINT('',#14407);
#3840=VERTEX_POINT('',#14409);
#3841=VERTEX_POINT('',#14411);
#3842=VERTEX_POINT('',#14413);
#3843=VERTEX_POINT('',#14415);
#3844=VERTEX_POINT('',#14417);
#3845=VERTEX_POINT('',#14421);
#3846=VERTEX_POINT('',#14425);
#3847=VERTEX_POINT('',#14427);
#3848=VERTEX_POINT('',#14429);
#3849=VERTEX_POINT('',#14431);
#3850=VERTEX_POINT('',#14433);
#3851=VERTEX_POINT('',#14435);
#3852=VERTEX_POINT('',#14437);
#3853=VERTEX_POINT('',#14439);
#3854=VERTEX_POINT('',#14441);
#3855=VERTEX_POINT('',#14443);
#3856=VERTEX_POINT('',#14445);
#3857=VERTEX_POINT('',#14447);
#3858=VERTEX_POINT('',#14449);
#3859=VERTEX_POINT('',#14451);
#3860=VERTEX_POINT('',#14453);
#3861=VERTEX_POINT('',#14459);
#3862=VERTEX_POINT('',#14460);
#3863=VERTEX_POINT('',#14467);
#3864=VERTEX_POINT('',#14470);
#3865=VERTEX_POINT('',#14483);
#3866=VERTEX_POINT('',#14487);
#3867=VERTEX_POINT('',#14488);
#3868=VERTEX_POINT('',#14495);
#3869=VERTEX_POINT('',#14509);
#3870=VERTEX_POINT('',#14511);
#3871=VERTEX_POINT('',#14513);
#3872=VERTEX_POINT('',#14515);
#3873=VERTEX_POINT('',#14517);
#3874=VERTEX_POINT('',#14519);
#3875=VERTEX_POINT('',#14521);
#3876=VERTEX_POINT('',#14523);
#3877=VERTEX_POINT('',#14525);
#3878=VERTEX_POINT('',#14527);
#3879=VERTEX_POINT('',#14529);
#3880=VERTEX_POINT('',#14531);
#3881=VERTEX_POINT('',#14533);
#3882=VERTEX_POINT('',#14535);
#3883=VERTEX_POINT('',#14537);
#3884=VERTEX_POINT('',#14539);
#3885=VERTEX_POINT('',#14541);
#3886=VERTEX_POINT('',#14543);
#3887=VERTEX_POINT('',#14545);
#3888=VERTEX_POINT('',#14547);
#3889=VERTEX_POINT('',#14550);
#3890=VERTEX_POINT('',#14551);
#3891=VERTEX_POINT('',#14553);
#3892=VERTEX_POINT('',#14555);
#3893=VERTEX_POINT('',#14557);
#3894=VERTEX_POINT('',#14559);
#3895=VERTEX_POINT('',#14561);
#3896=VERTEX_POINT('',#14563);
#3897=VERTEX_POINT('',#14567);
#3898=VERTEX_POINT('',#14581);
#3899=VERTEX_POINT('',#14588);
#3900=VERTEX_POINT('',#14600);
#3901=VERTEX_POINT('',#14617);
#3902=VERTEX_POINT('',#14624);
#3903=VERTEX_POINT('',#14637);
#3904=VERTEX_POINT('',#14639);
#3905=VERTEX_POINT('',#14643);
#3906=VERTEX_POINT('',#14647);
#3907=VERTEX_POINT('',#14651);
#3908=VERTEX_POINT('',#14658);
#3909=VERTEX_POINT('',#14675);
#3910=VERTEX_POINT('',#14682);
#3911=VERTEX_POINT('',#14696);
#3912=VERTEX_POINT('',#14703);
#3913=VERTEX_POINT('',#14720);
#3914=VERTEX_POINT('',#14727);
#3915=VERTEX_POINT('',#14746);
#3916=VERTEX_POINT('',#14760);
#3917=VERTEX_POINT('',#14784);
#3918=VERTEX_POINT('',#14786);
#3919=VERTEX_POINT('',#14790);
#3920=VERTEX_POINT('',#14794);
#3921=VERTEX_POINT('',#14798);
#3922=VERTEX_POINT('',#14802);
#3923=VERTEX_POINT('',#14806);
#3924=VERTEX_POINT('',#14810);
#3925=VERTEX_POINT('',#14816);
#3926=VERTEX_POINT('',#14818);
#3927=VERTEX_POINT('',#14822);
#3928=VERTEX_POINT('',#14833);
#3929=VERTEX_POINT('',#14847);
#3930=VERTEX_POINT('',#14848);
#3931=VERTEX_POINT('',#14853);
#3932=VERTEX_POINT('',#14854);
#3933=VERTEX_POINT('',#14859);
#3934=VERTEX_POINT('',#14860);
#3935=VERTEX_POINT('',#14865);
#3936=VERTEX_POINT('',#14866);
#3937=VERTEX_POINT('',#14874);
#3938=VERTEX_POINT('',#14878);
#3939=VERTEX_POINT('',#14882);
#3940=VERTEX_POINT('',#14886);
#3941=VERTEX_POINT('',#14902);
#3942=VERTEX_POINT('',#14906);
#3943=VERTEX_POINT('',#14910);
#3944=VERTEX_POINT('',#14914);
#3945=VERTEX_POINT('',#14920);
#3946=VERTEX_POINT('',#14921);
#3947=VERTEX_POINT('',#14926);
#3948=VERTEX_POINT('',#14927);
#3949=VERTEX_POINT('',#14932);
#3950=VERTEX_POINT('',#14933);
#3951=VERTEX_POINT('',#14938);
#3952=VERTEX_POINT('',#14939);
#3953=VERTEX_POINT('',#14956);
#3954=VERTEX_POINT('',#14960);
#3955=VERTEX_POINT('',#14964);
#3956=VERTEX_POINT('',#14968);
#3957=VERTEX_POINT('',#14974);
#3958=VERTEX_POINT('',#14975);
#3959=VERTEX_POINT('',#14980);
#3960=VERTEX_POINT('',#14981);
#3961=VERTEX_POINT('',#14986);
#3962=VERTEX_POINT('',#14987);
#3963=VERTEX_POINT('',#14992);
#3964=VERTEX_POINT('',#14993);
#3965=VERTEX_POINT('',#15010);
#3966=VERTEX_POINT('',#15011);
#3967=VERTEX_POINT('',#15016);
#3968=VERTEX_POINT('',#15017);
#3969=VERTEX_POINT('',#15022);
#3970=VERTEX_POINT('',#15023);
#3971=VERTEX_POINT('',#15028);
#3972=VERTEX_POINT('',#15029);
#3973=VERTEX_POINT('',#15037);
#3974=VERTEX_POINT('',#15041);
#3975=VERTEX_POINT('',#15045);
#3976=VERTEX_POINT('',#15049);
#3977=EDGE_CURVE('',#3269,#3270,#1993,.T.);
#3978=EDGE_CURVE('',#3270,#3271,#1511,.T.);
#3979=EDGE_CURVE('',#3271,#3272,#1994,.T.);
#3980=EDGE_CURVE('',#3272,#3273,#1512,.T.);
#3981=EDGE_CURVE('',#3273,#3274,#1995,.T.);
#3982=EDGE_CURVE('',#3274,#3275,#1996,.T.);
#3983=EDGE_CURVE('',#3275,#3276,#1513,.T.);
#3984=EDGE_CURVE('',#3276,#3277,#1997,.T.);
#3985=EDGE_CURVE('',#3277,#3278,#1514,.T.);
#3986=EDGE_CURVE('',#3278,#3279,#1998,.T.);
#3987=EDGE_CURVE('',#3279,#3280,#1515,.T.);
#3988=EDGE_CURVE('',#3281,#3280,#1999,.T.);
#3989=EDGE_CURVE('',#3282,#3281,#1516,.T.);
#3990=EDGE_CURVE('',#3283,#3282,#2000,.T.);
#3991=EDGE_CURVE('',#3284,#3283,#1517,.T.);
#3992=EDGE_CURVE('',#3285,#3284,#2001,.T.);
#3993=EDGE_CURVE('',#3286,#3285,#1518,.T.);
#3994=EDGE_CURVE('',#3287,#3286,#2002,.T.);
#3995=EDGE_CURVE('',#3288,#3287,#1519,.T.);
#3996=EDGE_CURVE('',#3289,#3288,#2003,.T.);
#3997=EDGE_CURVE('',#3289,#3290,#1520,.T.);
#3998=EDGE_CURVE('',#3290,#3269,#2004,.T.);
#3999=EDGE_CURVE('',#3291,#3292,#2005,.T.);
#4000=EDGE_CURVE('',#3292,#3293,#1521,.T.);
#4001=EDGE_CURVE('',#3293,#3294,#2006,.T.);
#4002=EDGE_CURVE('',#3294,#3295,#1522,.T.);
#4003=EDGE_CURVE('',#3295,#3296,#2007,.T.);
#4004=EDGE_CURVE('',#3296,#3297,#2008,.T.);
#4005=EDGE_CURVE('',#3297,#3298,#1523,.T.);
#4006=EDGE_CURVE('',#3298,#3299,#2009,.T.);
#4007=EDGE_CURVE('',#3299,#3300,#1524,.T.);
#4008=EDGE_CURVE('',#3300,#3301,#2010,.T.);
#4009=EDGE_CURVE('',#3301,#3302,#1525,.T.);
#4010=EDGE_CURVE('',#3302,#3303,#2011,.T.);
#4011=EDGE_CURVE('',#3303,#3304,#1526,.T.);
#4012=EDGE_CURVE('',#3304,#3291,#2012,.T.);
#4013=EDGE_CURVE('',#3305,#3306,#1527,.T.);
#4014=EDGE_CURVE('',#3307,#3305,#2013,.T.);
#4015=EDGE_CURVE('',#3308,#3307,#1528,.T.);
#4016=EDGE_CURVE('',#3309,#3308,#2014,.T.);
#4017=EDGE_CURVE('',#3310,#3309,#1529,.T.);
#4018=EDGE_CURVE('',#3311,#3310,#2015,.T.);
#4019=EDGE_CURVE('',#3312,#3311,#1530,.T.);
#4020=EDGE_CURVE('',#3306,#3312,#2016,.T.);
#4021=EDGE_CURVE('',#3313,#3314,#1531,.T.);
#4022=EDGE_CURVE('',#3315,#3313,#2017,.T.);
#4023=EDGE_CURVE('',#3316,#3315,#1532,.T.);
#4024=EDGE_CURVE('',#3317,#3316,#2018,.T.);
#4025=EDGE_CURVE('',#3318,#3317,#1533,.T.);
#4026=EDGE_CURVE('',#3319,#3318,#2019,.T.);
#4027=EDGE_CURVE('',#3320,#3319,#1534,.T.);
#4028=EDGE_CURVE('',#3314,#3320,#2020,.T.);
#4029=EDGE_CURVE('',#3321,#3322,#1535,.T.);
#4030=EDGE_CURVE('',#3323,#3321,#2021,.T.);
#4031=EDGE_CURVE('',#3324,#3323,#1536,.T.);
#4032=EDGE_CURVE('',#3325,#3324,#2022,.T.);
#4033=EDGE_CURVE('',#3326,#3325,#1537,.T.);
#4034=EDGE_CURVE('',#3327,#3326,#2023,.T.);
#4035=EDGE_CURVE('',#3328,#3327,#1538,.T.);
#4036=EDGE_CURVE('',#3322,#3328,#2024,.T.);
#4037=EDGE_CURVE('',#3329,#3330,#2025,.T.);
#4038=EDGE_CURVE('',#3329,#3291,#2026,.T.);
#4039=EDGE_CURVE('',#3330,#3304,#2027,.T.);
#4040=EDGE_CURVE('',#3330,#3331,#1539,.T.);
#4041=EDGE_CURVE('',#3331,#3303,#2028,.T.);
#4042=EDGE_CURVE('',#3331,#3332,#2029,.T.);
#4043=EDGE_CURVE('',#3332,#3302,#2030,.T.);
#4044=EDGE_CURVE('',#3332,#3333,#1540,.T.);
#4045=EDGE_CURVE('',#3333,#3301,#2031,.T.);
#4046=EDGE_CURVE('',#3333,#3334,#2032,.T.);
#4047=EDGE_CURVE('',#3334,#3300,#2033,.T.);
#4048=EDGE_CURVE('',#3334,#3335,#1541,.T.);
#4049=EDGE_CURVE('',#3335,#3299,#2034,.T.);
#4050=EDGE_CURVE('',#3335,#3336,#2035,.T.);
#4051=EDGE_CURVE('',#3336,#3298,#2036,.T.);
#4052=EDGE_CURVE('',#3336,#3337,#1542,.T.);
#4053=EDGE_CURVE('',#3337,#3297,#2037,.T.);
#4054=EDGE_CURVE('',#3337,#3338,#2038,.T.);
#4055=EDGE_CURVE('',#3338,#3296,#2039,.T.);
#4056=EDGE_CURVE('',#3338,#3339,#2040,.T.);
#4057=EDGE_CURVE('',#3339,#3295,#2041,.T.);
#4058=EDGE_CURVE('',#3339,#3340,#1543,.T.);
#4059=EDGE_CURVE('',#3340,#3294,#2042,.T.);
#4060=EDGE_CURVE('',#3340,#3341,#2043,.T.);
#4061=EDGE_CURVE('',#3341,#3293,#2044,.T.);
#4062=EDGE_CURVE('',#3341,#3342,#1544,.T.);
#4063=EDGE_CURVE('',#3342,#3292,#2045,.T.);
#4064=EDGE_CURVE('',#3342,#3329,#2046,.T.);
#4065=EDGE_CURVE('',#3343,#3344,#2047,.T.);
#4066=EDGE_CURVE('',#3343,#3269,#2048,.T.);
#4067=EDGE_CURVE('',#3344,#3290,#2049,.T.);
#4068=EDGE_CURVE('',#3344,#3345,#1545,.T.);
#4069=EDGE_CURVE('',#3345,#3289,#2050,.T.);
#4070=EDGE_CURVE('',#3346,#3347,#1546,.T.);
#4071=EDGE_CURVE('',#3280,#3346,#2051,.T.);
#4072=EDGE_CURVE('',#3347,#3279,#2052,.T.);
#4073=EDGE_CURVE('',#3347,#3348,#2053,.T.);
#4074=EDGE_CURVE('',#3348,#3278,#2054,.T.);
#4075=EDGE_CURVE('',#3348,#3349,#1547,.T.);
#4076=EDGE_CURVE('',#3349,#3277,#2055,.T.);
#4077=EDGE_CURVE('',#3349,#3350,#2056,.T.);
#4078=EDGE_CURVE('',#3350,#3276,#2057,.T.);
#4079=EDGE_CURVE('',#3350,#3351,#1548,.T.);
#4080=EDGE_CURVE('',#3351,#3275,#2058,.T.);
#4081=EDGE_CURVE('',#3351,#3352,#2059,.T.);
#4082=EDGE_CURVE('',#3352,#3274,#2060,.T.);
#4083=EDGE_CURVE('',#3352,#3353,#2061,.T.);
#4084=EDGE_CURVE('',#3353,#3273,#2062,.T.);
#4085=EDGE_CURVE('',#3353,#3354,#1549,.T.);
#4086=EDGE_CURVE('',#3354,#3272,#2063,.T.);
#4087=EDGE_CURVE('',#3354,#3355,#2064,.T.);
#4088=EDGE_CURVE('',#3355,#3271,#2065,.T.);
#4089=EDGE_CURVE('',#3355,#3356,#1550,.T.);
#4090=EDGE_CURVE('',#3356,#3270,#2066,.T.);
#4091=EDGE_CURVE('',#3356,#3343,#2067,.T.);
#4092=EDGE_CURVE('',#3287,#3357,#2068,.T.);
#4093=EDGE_CURVE('',#3358,#3357,#1551,.T.);
#4094=EDGE_CURVE('',#3358,#3288,#2069,.T.);
#4095=EDGE_CURVE('',#3359,#3286,#2070,.T.);
#4096=EDGE_CURVE('',#3357,#3359,#2071,.T.);
#4097=EDGE_CURVE('',#3360,#3361,#2072,.T.);
#4098=EDGE_CURVE('',#3362,#3360,#1552,.T.);
#4099=EDGE_CURVE('',#3362,#3363,#2073,.T.);
#4100=EDGE_CURVE('',#3363,#3364,#2074,.T.);
#4101=EDGE_CURVE('',#3364,#3365,#2075,.T.);
#4102=EDGE_CURVE('',#3361,#3365,#1553,.T.);
#4103=EDGE_CURVE('',#3366,#3367,#2076,.T.);
#4104=EDGE_CURVE('',#3367,#3368,#2077,.T.);
#4105=EDGE_CURVE('',#3368,#3369,#2078,.T.);
#4106=EDGE_CURVE('',#3369,#3366,#2079,.T.);
#4107=EDGE_CURVE('',#3370,#3371,#2080,.T.);
#4108=EDGE_CURVE('',#3371,#3372,#2081,.T.);
#4109=EDGE_CURVE('',#3372,#3373,#2082,.T.);
#4110=EDGE_CURVE('',#3373,#3370,#2083,.T.);
#4111=EDGE_CURVE('',#3374,#3375,#2084,.T.);
#4112=EDGE_CURVE('',#3375,#3376,#2085,.T.);
#4113=EDGE_CURVE('',#3376,#3377,#2086,.T.);
#4114=EDGE_CURVE('',#3377,#3374,#2087,.T.);
#4115=EDGE_CURVE('',#3378,#3379,#2088,.T.);
#4116=EDGE_CURVE('',#3379,#3380,#2089,.T.);
#4117=EDGE_CURVE('',#3380,#3381,#2090,.T.);
#4118=EDGE_CURVE('',#3381,#3378,#2091,.T.);
#4119=EDGE_CURVE('',#3382,#3383,#2092,.T.);
#4120=EDGE_CURVE('',#3383,#3384,#2093,.T.);
#4121=EDGE_CURVE('',#3384,#3385,#2094,.T.);
#4122=EDGE_CURVE('',#3385,#3382,#2095,.T.);
#4123=EDGE_CURVE('',#3386,#3387,#2096,.T.);
#4124=EDGE_CURVE('',#3387,#3388,#2097,.T.);
#4125=EDGE_CURVE('',#3388,#3389,#2098,.T.);
#4126=EDGE_CURVE('',#3389,#3386,#2099,.T.);
#4127=EDGE_CURVE('',#3285,#3390,#2100,.T.);
#4128=EDGE_CURVE('',#3359,#3390,#1554,.T.);
#4129=EDGE_CURVE('',#3391,#3284,#2101,.T.);
#4130=EDGE_CURVE('',#3392,#3391,#2102,.T.);
#4131=EDGE_CURVE('',#3393,#3392,#1555,.T.);
#4132=EDGE_CURVE('',#3394,#3393,#2103,.T.);
#4133=EDGE_CURVE('',#3395,#3394,#1556,.T.);
#4134=EDGE_CURVE('',#3396,#3395,#2104,.T.);
#4135=EDGE_CURVE('',#3397,#3396,#1557,.T.);
#4136=EDGE_CURVE('',#3398,#3397,#2105,.T.);
#4137=EDGE_CURVE('',#3399,#3398,#1558,.T.);
#4138=EDGE_CURVE('',#3390,#3399,#2106,.T.);
#4139=EDGE_CURVE('',#3283,#3400,#2107,.T.);
#4140=EDGE_CURVE('',#3391,#3400,#1559,.T.);
#4141=EDGE_CURVE('',#3401,#3282,#2108,.T.);
#4142=EDGE_CURVE('',#3400,#3401,#2109,.T.);
#4143=EDGE_CURVE('',#3281,#3402,#2110,.T.);
#4144=EDGE_CURVE('',#3401,#3402,#1560,.T.);
#4145=EDGE_CURVE('',#3403,#3358,#2111,.T.);
#4146=EDGE_CURVE('',#3404,#3403,#1561,.T.);
#4147=EDGE_CURVE('',#3405,#3404,#2112,.T.);
#4148=EDGE_CURVE('',#3406,#3405,#1562,.T.);
#4149=EDGE_CURVE('',#3407,#3406,#2113,.T.);
#4150=EDGE_CURVE('',#3408,#3407,#1563,.T.);
#4151=EDGE_CURVE('',#3409,#3408,#2114,.T.);
#4152=EDGE_CURVE('',#3410,#3409,#1564,.T.);
#4153=EDGE_CURVE('',#3402,#3410,#2115,.T.);
#4154=EDGE_CURVE('',#3411,#3346,#169,.F.);
#4155=EDGE_CURVE('',#3412,#3411,#2116,.F.);
#4156=EDGE_CURVE('',#3345,#3412,#170,.F.);
#4157=EDGE_CURVE('',#3325,#3413,#2117,.T.);
#4158=EDGE_CURVE('',#3413,#3414,#1565,.T.);
#4159=EDGE_CURVE('',#3414,#3326,#2118,.T.);
#4160=EDGE_CURVE('',#3415,#3324,#2119,.T.);
#4161=EDGE_CURVE('',#3413,#3415,#2120,.T.);
#4162=EDGE_CURVE('',#3323,#3416,#2121,.T.);
#4163=EDGE_CURVE('',#3415,#3416,#1566,.T.);
#4164=EDGE_CURVE('',#3417,#3321,#2122,.T.);
#4165=EDGE_CURVE('',#3418,#3417,#1567,.T.);
#4166=EDGE_CURVE('',#3419,#3418,#2123,.T.);
#4167=EDGE_CURVE('',#3416,#3419,#1568,.T.);
#4168=EDGE_CURVE('',#3317,#3420,#2124,.T.);
#4169=EDGE_CURVE('',#3421,#3420,#1569,.T.);
#4170=EDGE_CURVE('',#3421,#3318,#2125,.T.);
#4171=EDGE_CURVE('',#3422,#3316,#2126,.T.);
#4172=EDGE_CURVE('',#3423,#3422,#1570,.T.);
#4173=EDGE_CURVE('',#3424,#3423,#2127,.T.);
#4174=EDGE_CURVE('',#3420,#3424,#1571,.T.);
#4175=EDGE_CURVE('',#3315,#3425,#2128,.T.);
#4176=EDGE_CURVE('',#3425,#3422,#1572,.T.);
#4177=EDGE_CURVE('',#3426,#3313,#2129,.T.);
#4178=EDGE_CURVE('',#3425,#3426,#2130,.T.);
#4179=EDGE_CURVE('',#3309,#3427,#2131,.T.);
#4180=EDGE_CURVE('',#3428,#3427,#1573,.T.);
#4181=EDGE_CURVE('',#3428,#3310,#2132,.T.);
#4182=EDGE_CURVE('',#3429,#3308,#2133,.T.);
#4183=EDGE_CURVE('',#3430,#3429,#1574,.T.);
#4184=EDGE_CURVE('',#3431,#3430,#2134,.T.);
#4185=EDGE_CURVE('',#3427,#3431,#1575,.T.);
#4186=EDGE_CURVE('',#3307,#3432,#2135,.T.);
#4187=EDGE_CURVE('',#3432,#3429,#1576,.T.);
#4188=EDGE_CURVE('',#3433,#3305,#2136,.T.);
#4189=EDGE_CURVE('',#3432,#3433,#2137,.T.);
#4190=EDGE_CURVE('',#3434,#3414,#1577,.T.);
#4191=EDGE_CURVE('',#3435,#3434,#2138,.T.);
#4192=EDGE_CURVE('',#3436,#3435,#1578,.T.);
#4193=EDGE_CURVE('',#3327,#3436,#2139,.T.);
#4194=EDGE_CURVE('',#3322,#3437,#2140,.T.);
#4195=EDGE_CURVE('',#3437,#3417,#1579,.T.);
#4196=EDGE_CURVE('',#3438,#3418,#1580,.T.);
#4197=EDGE_CURVE('',#3437,#3438,#1581,.T.);
#4198=EDGE_CURVE('',#3439,#3419,#1582,.T.);
#4199=EDGE_CURVE('',#3438,#3439,#2141,.T.);
#4200=EDGE_CURVE('',#3439,#3415,#1583,.T.);
#4201=EDGE_CURVE('',#3439,#3440,#2142,.T.);
#4202=EDGE_CURVE('',#3413,#3440,#1584,.T.);
#4203=EDGE_CURVE('',#3441,#3438,#2143,.T.);
#4204=EDGE_CURVE('',#3440,#3441,#2144,.T.);
#4205=EDGE_CURVE('',#3437,#3442,#2145,.T.);
#4206=EDGE_CURVE('',#3441,#3442,#1585,.T.);
#4207=EDGE_CURVE('',#3442,#3328,#2146,.T.);
#4208=EDGE_CURVE('',#3440,#3434,#1586,.T.);
#4209=EDGE_CURVE('',#3441,#3435,#1587,.T.);
#4210=EDGE_CURVE('',#3442,#3436,#1588,.T.);
#4211=EDGE_CURVE('',#3319,#3443,#2147,.T.);
#4212=EDGE_CURVE('',#3443,#3444,#1589,.T.);
#4213=EDGE_CURVE('',#3444,#3320,#2148,.T.);
#4214=EDGE_CURVE('',#3445,#3446,#1590,.T.);
#4215=EDGE_CURVE('',#3446,#3444,#1591,.T.);
#4216=EDGE_CURVE('',#3443,#3445,#1592,.T.);
#4217=EDGE_CURVE('',#3447,#3448,#1593,.T.);
#4218=EDGE_CURVE('',#3448,#3446,#2149,.T.);
#4219=EDGE_CURVE('',#3445,#3447,#2150,.T.);
#4220=EDGE_CURVE('',#3426,#3449,#1594,.T.);
#4221=EDGE_CURVE('',#3449,#3448,#1595,.T.);
#4222=EDGE_CURVE('',#3447,#3426,#1596,.T.);
#4223=EDGE_CURVE('',#3314,#3449,#2151,.T.);
#4224=EDGE_CURVE('',#3447,#3450,#2152,.T.);
#4225=EDGE_CURVE('',#3425,#3450,#1597,.T.);
#4226=EDGE_CURVE('',#3451,#3445,#2153,.T.);
#4227=EDGE_CURVE('',#3450,#3451,#2154,.T.);
#4228=EDGE_CURVE('',#3443,#3421,#2155,.T.);
#4229=EDGE_CURVE('',#3451,#3421,#1598,.T.);
#4230=EDGE_CURVE('',#3450,#3423,#1599,.T.);
#4231=EDGE_CURVE('',#3451,#3424,#1600,.T.);
#4232=EDGE_CURVE('',#3311,#3452,#2156,.T.);
#4233=EDGE_CURVE('',#3452,#3453,#1601,.T.);
#4234=EDGE_CURVE('',#3453,#3312,#2157,.T.);
#4235=EDGE_CURVE('',#3454,#3455,#1602,.T.);
#4236=EDGE_CURVE('',#3455,#3453,#1603,.T.);
#4237=EDGE_CURVE('',#3452,#3454,#1604,.T.);
#4238=EDGE_CURVE('',#3456,#3457,#1605,.T.);
#4239=EDGE_CURVE('',#3457,#3455,#2158,.T.);
#4240=EDGE_CURVE('',#3454,#3456,#2159,.T.);
#4241=EDGE_CURVE('',#3433,#3458,#1606,.T.);
#4242=EDGE_CURVE('',#3458,#3457,#1607,.T.);
#4243=EDGE_CURVE('',#3456,#3433,#1608,.T.);
#4244=EDGE_CURVE('',#3306,#3458,#2160,.T.);
#4245=EDGE_CURVE('',#3456,#3459,#2161,.T.);
#4246=EDGE_CURVE('',#3432,#3459,#1609,.T.);
#4247=EDGE_CURVE('',#3460,#3454,#2162,.T.);
#4248=EDGE_CURVE('',#3459,#3460,#2163,.T.);
#4249=EDGE_CURVE('',#3452,#3428,#2164,.T.);
#4250=EDGE_CURVE('',#3460,#3428,#1610,.T.);
#4251=EDGE_CURVE('',#3459,#3430,#1611,.T.);
#4252=EDGE_CURVE('',#3460,#3431,#1612,.T.);
#4253=EDGE_CURVE('',#3461,#3461,#1613,.T.);
#4254=EDGE_CURVE('',#3461,#3462,#2165,.T.);
#4255=EDGE_CURVE('',#3462,#3462,#1614,.T.);
#4256=EDGE_CURVE('',#3463,#3464,#35,.F.);
#4257=EDGE_CURVE('',#3464,#3465,#2166,.T.);
#4258=EDGE_CURVE('',#3465,#3466,#36,.F.);
#4259=EDGE_CURVE('',#3466,#3463,#2167,.T.);
#4260=EDGE_CURVE('',#3464,#3376,#2168,.T.);
#4261=EDGE_CURVE('',#3465,#3375,#2169,.T.);
#4262=EDGE_CURVE('',#3467,#3468,#37,.T.);
#4263=EDGE_CURVE('',#3468,#3469,#38,.T.);
#4264=EDGE_CURVE('',#3469,#3467,#1615,.T.);
#4265=EDGE_CURVE('',#3470,#3471,#39,.T.);
#4266=EDGE_CURVE('',#3471,#3472,#40,.T.);
#4267=EDGE_CURVE('',#3472,#3470,#1616,.T.);
#4268=EDGE_CURVE('',#3471,#3466,#2170,.T.);
#4269=EDGE_CURVE('',#3465,#3472,#2171,.T.);
#4270=EDGE_CURVE('',#3470,#3473,#2172,.T.);
#4271=EDGE_CURVE('',#3473,#3474,#1617,.T.);
#4272=EDGE_CURVE('',#3474,#3471,#2173,.T.);
#4273=EDGE_CURVE('',#3475,#3476,#1618,.T.);
#4274=EDGE_CURVE('',#3476,#3474,#1619,.T.);
#4275=EDGE_CURVE('',#3473,#3475,#1620,.T.);
#4276=EDGE_CURVE('',#3477,#3478,#1621,.T.);
#4277=EDGE_CURVE('',#3478,#3476,#2174,.T.);
#4278=EDGE_CURVE('',#3475,#3477,#2175,.T.);
#4279=EDGE_CURVE('',#3479,#3480,#1622,.T.);
#4280=EDGE_CURVE('',#3480,#3478,#1623,.T.);
#4281=EDGE_CURVE('',#3477,#3479,#1624,.T.);
#4282=EDGE_CURVE('',#3468,#3480,#2176,.T.);
#4283=EDGE_CURVE('',#3479,#3469,#2177,.T.);
#4284=EDGE_CURVE('',#3467,#3481,#2178,.T.);
#4285=EDGE_CURVE('',#3481,#3482,#41,.F.);
#4286=EDGE_CURVE('',#3482,#3468,#2179,.T.);
#4287=EDGE_CURVE('',#3483,#3484,#2180,.T.);
#4288=EDGE_CURVE('',#3485,#3483,#2181,.T.);
#4289=EDGE_CURVE('',#3486,#3485,#2182,.T.);
#4290=EDGE_CURVE('',#3487,#3486,#2183,.T.);
#4291=EDGE_CURVE('',#3488,#3487,#1625,.T.);
#4292=EDGE_CURVE('',#3489,#3488,#2184,.T.);
#4293=EDGE_CURVE('',#3490,#3489,#1626,.T.);
#4294=EDGE_CURVE('',#3491,#3490,#2185,.T.);
#4295=EDGE_CURVE('',#3492,#3491,#2186,.T.);
#4296=EDGE_CURVE('',#3484,#3492,#2187,.T.);
#4297=EDGE_CURVE('',#3493,#3482,#2188,.T.);
#4298=EDGE_CURVE('',#3494,#3493,#2189,.T.);
#4299=EDGE_CURVE('',#3495,#3494,#2190,.T.);
#4300=EDGE_CURVE('',#3496,#3495,#1627,.T.);
#4301=EDGE_CURVE('',#3497,#3496,#2191,.T.);
#4302=EDGE_CURVE('',#3498,#3497,#1628,.T.);
#4303=EDGE_CURVE('',#3499,#3498,#2192,.T.);
#4304=EDGE_CURVE('',#3463,#3499,#2193,.T.);
#4305=EDGE_CURVE('',#3500,#3501,#2194,.T.);
#4306=EDGE_CURVE('',#3502,#3500,#2195,.T.);
#4307=EDGE_CURVE('',#3503,#3502,#1629,.T.);
#4308=EDGE_CURVE('',#3504,#3503,#2196,.T.);
#4309=EDGE_CURVE('',#3505,#3504,#1630,.T.);
#4310=EDGE_CURVE('',#3506,#3505,#2197,.T.);
#4311=EDGE_CURVE('',#3507,#3506,#2198,.T.);
#4312=EDGE_CURVE('',#3508,#3507,#2199,.T.);
#4313=EDGE_CURVE('',#3509,#3508,#2200,.T.);
#4314=EDGE_CURVE('',#3510,#3509,#2201,.T.);
#4315=EDGE_CURVE('',#3511,#3510,#1631,.T.);
#4316=EDGE_CURVE('',#3512,#3511,#2202,.T.);
#4317=EDGE_CURVE('',#3513,#3512,#1632,.T.);
#4318=EDGE_CURVE('',#3514,#3513,#2203,.T.);
#4319=EDGE_CURVE('',#3515,#3514,#2204,.T.);
#4320=EDGE_CURVE('',#3501,#3515,#2205,.T.);
#4321=EDGE_CURVE('',#3516,#3517,#2206,.T.);
#4322=EDGE_CURVE('',#3518,#3516,#2207,.T.);
#4323=EDGE_CURVE('',#3519,#3518,#1633,.T.);
#4324=EDGE_CURVE('',#3520,#3519,#2208,.T.);
#4325=EDGE_CURVE('',#3521,#3520,#1634,.T.);
#4326=EDGE_CURVE('',#3522,#3521,#2209,.T.);
#4327=EDGE_CURVE('',#3523,#3522,#2210,.T.);
#4328=EDGE_CURVE('',#3524,#3523,#2211,.T.);
#4329=EDGE_CURVE('',#3525,#3524,#2212,.T.);
#4330=EDGE_CURVE('',#3526,#3525,#2213,.T.);
#4331=EDGE_CURVE('',#3527,#3526,#1635,.T.);
#4332=EDGE_CURVE('',#3528,#3527,#2214,.T.);
#4333=EDGE_CURVE('',#3529,#3528,#1636,.T.);
#4334=EDGE_CURVE('',#3530,#3529,#2215,.T.);
#4335=EDGE_CURVE('',#3531,#3530,#2216,.T.);
#4336=EDGE_CURVE('',#3517,#3531,#2217,.T.);
#4337=EDGE_CURVE('',#3532,#3533,#2218,.T.);
#4338=EDGE_CURVE('',#3534,#3532,#2219,.T.);
#4339=EDGE_CURVE('',#3535,#3534,#2220,.T.);
#4340=EDGE_CURVE('',#3533,#3535,#2221,.T.);
#4341=EDGE_CURVE('',#3481,#3536,#2222,.T.);
#4342=EDGE_CURVE('',#3536,#3493,#42,.F.);
#4343=EDGE_CURVE('',#3481,#3380,#2223,.T.);
#4344=EDGE_CURVE('',#3536,#3379,#2224,.T.);
#4345=EDGE_CURVE('',#3537,#3499,#43,.T.);
#4346=EDGE_CURVE('',#3499,#3538,#44,.T.);
#4347=EDGE_CURVE('',#3538,#3537,#1637,.T.);
#4348=EDGE_CURVE('',#3539,#3494,#45,.T.);
#4349=EDGE_CURVE('',#3494,#3540,#46,.T.);
#4350=EDGE_CURVE('',#3540,#3539,#1638,.T.);
#4351=EDGE_CURVE('',#3536,#3540,#2225,.T.);
#4352=EDGE_CURVE('',#3539,#3541,#2226,.T.);
#4353=EDGE_CURVE('',#3541,#3495,#1639,.T.);
#4354=EDGE_CURVE('',#3542,#3496,#1640,.T.);
#4355=EDGE_CURVE('',#3541,#3542,#1641,.T.);
#4356=EDGE_CURVE('',#3543,#3497,#1642,.T.);
#4357=EDGE_CURVE('',#3542,#3543,#2227,.T.);
#4358=EDGE_CURVE('',#3544,#3498,#1643,.T.);
#4359=EDGE_CURVE('',#3543,#3544,#1644,.T.);
#4360=EDGE_CURVE('',#3544,#3538,#2228,.T.);
#4361=EDGE_CURVE('',#3537,#3464,#2229,.T.);
#4362=EDGE_CURVE('',#3545,#3378,#2230,.T.);
#4363=EDGE_CURVE('',#3545,#3546,#2231,.T.);
#4364=EDGE_CURVE('',#3540,#3546,#2232,.T.);
#4365=EDGE_CURVE('',#3541,#3547,#2233,.T.);
#4366=EDGE_CURVE('',#3548,#3547,#1645,.T.);
#4367=EDGE_CURVE('',#3548,#3542,#2234,.T.);
#4368=EDGE_CURVE('',#3548,#3549,#2235,.T.);
#4369=EDGE_CURVE('',#3543,#3549,#2236,.T.);
#4370=EDGE_CURVE('',#3477,#3550,#2237,.T.);
#4371=EDGE_CURVE('',#3551,#3550,#1646,.T.);
#4372=EDGE_CURVE('',#3551,#3479,#2238,.T.);
#4373=EDGE_CURVE('',#3552,#3475,#2239,.T.);
#4374=EDGE_CURVE('',#3552,#3550,#2240,.T.);
#4375=EDGE_CURVE('',#3469,#3553,#2241,.T.);
#4376=EDGE_CURVE('',#3553,#3554,#1647,.F.);
#4377=EDGE_CURVE('',#3554,#3467,#2242,.T.);
#4378=EDGE_CURVE('',#3551,#3553,#2243,.T.);
#4379=EDGE_CURVE('',#3473,#3555,#2244,.T.);
#4380=EDGE_CURVE('',#3552,#3555,#1648,.T.);
#4381=EDGE_CURVE('',#3556,#3547,#2245,.T.);
#4382=EDGE_CURVE('',#3546,#3556,#1649,.F.);
#4383=EDGE_CURVE('',#3557,#3545,#2246,.T.);
#4384=EDGE_CURVE('',#3554,#3557,#2247,.T.);
#4385=EDGE_CURVE('',#3558,#3555,#2248,.T.);
#4386=EDGE_CURVE('',#3559,#3558,#1650,.F.);
#4387=EDGE_CURVE('',#3559,#3560,#2249,.T.);
#4388=EDGE_CURVE('',#3561,#3560,#2250,.T.);
#4389=EDGE_CURVE('',#3561,#3562,#2251,.T.);
#4390=EDGE_CURVE('',#3562,#3563,#1651,.T.);
#4391=EDGE_CURVE('',#3564,#3563,#2252,.T.);
#4392=EDGE_CURVE('',#3564,#3549,#1652,.T.);
#4393=EDGE_CURVE('',#3558,#3470,#2253,.T.);
#4394=EDGE_CURVE('',#3556,#3539,#2254,.T.);
#4395=EDGE_CURVE('',#3538,#3563,#2255,.T.);
#4396=EDGE_CURVE('',#3562,#3537,#2256,.T.);
#4397=EDGE_CURVE('',#3564,#3544,#2257,.T.);
#4398=EDGE_CURVE('',#3472,#3559,#2258,.T.);
#4399=EDGE_CURVE('',#3560,#3374,#2259,.T.);
#4400=EDGE_CURVE('',#3515,#3565,#47,.F.);
#4401=EDGE_CURVE('',#3565,#3566,#2260,.T.);
#4402=EDGE_CURVE('',#3566,#3501,#48,.F.);
#4403=EDGE_CURVE('',#3565,#3384,#2261,.T.);
#4404=EDGE_CURVE('',#3566,#3383,#2262,.T.);
#4405=EDGE_CURVE('',#3567,#3506,#49,.T.);
#4406=EDGE_CURVE('',#3506,#3568,#50,.T.);
#4407=EDGE_CURVE('',#3568,#3567,#1653,.T.);
#4408=EDGE_CURVE('',#3569,#3500,#51,.T.);
#4409=EDGE_CURVE('',#3500,#3570,#52,.T.);
#4410=EDGE_CURVE('',#3570,#3569,#1654,.T.);
#4411=EDGE_CURVE('',#3566,#3570,#2263,.T.);
#4412=EDGE_CURVE('',#3569,#3571,#2264,.T.);
#4413=EDGE_CURVE('',#3571,#3502,#1655,.T.);
#4414=EDGE_CURVE('',#3572,#3503,#1656,.T.);
#4415=EDGE_CURVE('',#3571,#3572,#1657,.T.);
#4416=EDGE_CURVE('',#3573,#3504,#1658,.T.);
#4417=EDGE_CURVE('',#3572,#3573,#2265,.T.);
#4418=EDGE_CURVE('',#3574,#3505,#1659,.T.);
#4419=EDGE_CURVE('',#3573,#3574,#1660,.T.);
#4420=EDGE_CURVE('',#3574,#3568,#2266,.T.);
#4421=EDGE_CURVE('',#3567,#3575,#2267,.T.);
#4422=EDGE_CURVE('',#3575,#3507,#53,.F.);
#4423=EDGE_CURVE('',#3575,#3576,#2268,.T.);
#4424=EDGE_CURVE('',#3576,#3508,#54,.F.);
#4425=EDGE_CURVE('',#3575,#3364,#2269,.T.);
#4426=EDGE_CURVE('',#3576,#3363,#2270,.T.);
#4427=EDGE_CURVE('',#3577,#3514,#55,.T.);
#4428=EDGE_CURVE('',#3514,#3578,#56,.T.);
#4429=EDGE_CURVE('',#3578,#3577,#1661,.T.);
#4430=EDGE_CURVE('',#3579,#3509,#57,.T.);
#4431=EDGE_CURVE('',#3509,#3580,#58,.T.);
#4432=EDGE_CURVE('',#3580,#3579,#1662,.T.);
#4433=EDGE_CURVE('',#3576,#3580,#2271,.T.);
#4434=EDGE_CURVE('',#3579,#3581,#2272,.T.);
#4435=EDGE_CURVE('',#3581,#3510,#1663,.T.);
#4436=EDGE_CURVE('',#3582,#3511,#1664,.T.);
#4437=EDGE_CURVE('',#3581,#3582,#1665,.T.);
#4438=EDGE_CURVE('',#3583,#3512,#1666,.T.);
#4439=EDGE_CURVE('',#3582,#3583,#2273,.T.);
#4440=EDGE_CURVE('',#3584,#3513,#1667,.T.);
#4441=EDGE_CURVE('',#3583,#3584,#1668,.T.);
#4442=EDGE_CURVE('',#3584,#3578,#2274,.T.);
#4443=EDGE_CURVE('',#3577,#3565,#2275,.T.);
#4444=EDGE_CURVE('',#3580,#3362,#2276,.T.);
#4445=EDGE_CURVE('',#3583,#3585,#2277,.T.);
#4446=EDGE_CURVE('',#3586,#3585,#1669,.T.);
#4447=EDGE_CURVE('',#3586,#3584,#2278,.T.);
#4448=EDGE_CURVE('',#3587,#3582,#2279,.T.);
#4449=EDGE_CURVE('',#3587,#3585,#2280,.T.);
#4450=EDGE_CURVE('',#3578,#3588,#2281,.T.);
#4451=EDGE_CURVE('',#3589,#3588,#1670,.T.);
#4452=EDGE_CURVE('',#3589,#3577,#2282,.T.);
#4453=EDGE_CURVE('',#3586,#3588,#2283,.T.);
#4454=EDGE_CURVE('',#3570,#3590,#2284,.T.);
#4455=EDGE_CURVE('',#3590,#3591,#1671,.F.);
#4456=EDGE_CURVE('',#3591,#3569,#2285,.T.);
#4457=EDGE_CURVE('',#3591,#3592,#2286,.T.);
#4458=EDGE_CURVE('',#3571,#3592,#2287,.T.);
#4459=EDGE_CURVE('',#3593,#3592,#1672,.T.);
#4460=EDGE_CURVE('',#3593,#3572,#2288,.T.);
#4461=EDGE_CURVE('',#3573,#3594,#2289,.T.);
#4462=EDGE_CURVE('',#3595,#3594,#1673,.T.);
#4463=EDGE_CURVE('',#3595,#3574,#2290,.T.);
#4464=EDGE_CURVE('',#3593,#3594,#2291,.T.);
#4465=EDGE_CURVE('',#3581,#3596,#2292,.T.);
#4466=EDGE_CURVE('',#3587,#3596,#1674,.T.);
#4467=EDGE_CURVE('',#3597,#3579,#2293,.T.);
#4468=EDGE_CURVE('',#3597,#3596,#2294,.T.);
#4469=EDGE_CURVE('',#3598,#3360,#2295,.T.);
#4470=EDGE_CURVE('',#3598,#3597,#1675,.F.);
#4471=EDGE_CURVE('',#3568,#3599,#2296,.T.);
#4472=EDGE_CURVE('',#3600,#3599,#1676,.T.);
#4473=EDGE_CURVE('',#3600,#3361,#2297,.F.);
#4474=EDGE_CURVE('',#3365,#3567,#2298,.T.);
#4475=EDGE_CURVE('',#3595,#3599,#2299,.T.);
#4476=EDGE_CURVE('',#3531,#3601,#59,.F.);
#4477=EDGE_CURVE('',#3601,#3602,#2300,.T.);
#4478=EDGE_CURVE('',#3602,#3517,#60,.F.);
#4479=EDGE_CURVE('',#3601,#3368,#2301,.T.);
#4480=EDGE_CURVE('',#3602,#3367,#2302,.T.);
#4481=EDGE_CURVE('',#3523,#3603,#61,.F.);
#4482=EDGE_CURVE('',#3603,#3604,#2303,.T.);
#4483=EDGE_CURVE('',#3604,#3524,#62,.F.);
#4484=EDGE_CURVE('',#3603,#3372,#2304,.T.);
#4485=EDGE_CURVE('',#3604,#3371,#2305,.T.);
#4486=EDGE_CURVE('',#3605,#3522,#63,.T.);
#4487=EDGE_CURVE('',#3522,#3606,#64,.T.);
#4488=EDGE_CURVE('',#3606,#3605,#1677,.T.);
#4489=EDGE_CURVE('',#3607,#3516,#65,.T.);
#4490=EDGE_CURVE('',#3516,#3608,#66,.T.);
#4491=EDGE_CURVE('',#3608,#3607,#1678,.T.);
#4492=EDGE_CURVE('',#3602,#3608,#2306,.T.);
#4493=EDGE_CURVE('',#3607,#3609,#2307,.T.);
#4494=EDGE_CURVE('',#3609,#3518,#1679,.T.);
#4495=EDGE_CURVE('',#3610,#3519,#1680,.T.);
#4496=EDGE_CURVE('',#3609,#3610,#1681,.T.);
#4497=EDGE_CURVE('',#3611,#3520,#1682,.T.);
#4498=EDGE_CURVE('',#3610,#3611,#2308,.T.);
#4499=EDGE_CURVE('',#3612,#3521,#1683,.T.);
#4500=EDGE_CURVE('',#3611,#3612,#1684,.T.);
#4501=EDGE_CURVE('',#3612,#3606,#2309,.T.);
#4502=EDGE_CURVE('',#3605,#3603,#2310,.T.);
#4503=EDGE_CURVE('',#3613,#3366,#2311,.T.);
#4504=EDGE_CURVE('',#3614,#3613,#2312,.T.);
#4505=EDGE_CURVE('',#3608,#3614,#2313,.T.);
#4506=EDGE_CURVE('',#3615,#3530,#67,.T.);
#4507=EDGE_CURVE('',#3530,#3616,#68,.T.);
#4508=EDGE_CURVE('',#3616,#3615,#1685,.T.);
#4509=EDGE_CURVE('',#3617,#3525,#69,.T.);
#4510=EDGE_CURVE('',#3525,#3618,#70,.T.);
#4511=EDGE_CURVE('',#3618,#3617,#1686,.T.);
#4512=EDGE_CURVE('',#3604,#3618,#2314,.T.);
#4513=EDGE_CURVE('',#3617,#3619,#2315,.T.);
#4514=EDGE_CURVE('',#3619,#3526,#1687,.T.);
#4515=EDGE_CURVE('',#3620,#3527,#1688,.T.);
#4516=EDGE_CURVE('',#3619,#3620,#1689,.T.);
#4517=EDGE_CURVE('',#3621,#3528,#1690,.T.);
#4518=EDGE_CURVE('',#3620,#3621,#2316,.T.);
#4519=EDGE_CURVE('',#3622,#3529,#1691,.T.);
#4520=EDGE_CURVE('',#3621,#3622,#1692,.T.);
#4521=EDGE_CURVE('',#3622,#3616,#2317,.T.);
#4522=EDGE_CURVE('',#3615,#3601,#2318,.T.);
#4523=EDGE_CURVE('',#3623,#3370,#2319,.T.);
#4524=EDGE_CURVE('',#3623,#3624,#2320,.T.);
#4525=EDGE_CURVE('',#3618,#3624,#2321,.T.);
#4526=EDGE_CURVE('',#3619,#3625,#2322,.T.);
#4527=EDGE_CURVE('',#3626,#3625,#1693,.T.);
#4528=EDGE_CURVE('',#3626,#3620,#2323,.T.);
#4529=EDGE_CURVE('',#3626,#3627,#2324,.T.);
#4530=EDGE_CURVE('',#3621,#3627,#2325,.T.);
#4531=EDGE_CURVE('',#3624,#3628,#1694,.F.);
#4532=EDGE_CURVE('',#3628,#3617,#2326,.T.);
#4533=EDGE_CURVE('',#3606,#3629,#2327,.T.);
#4534=EDGE_CURVE('',#3629,#3630,#1695,.F.);
#4535=EDGE_CURVE('',#3630,#3605,#2328,.T.);
#4536=EDGE_CURVE('',#3630,#3631,#2329,.T.);
#4537=EDGE_CURVE('',#3631,#3373,#2330,.T.);
#4538=EDGE_CURVE('',#3611,#3632,#2331,.T.);
#4539=EDGE_CURVE('',#3633,#3632,#1696,.T.);
#4540=EDGE_CURVE('',#3633,#3612,#2332,.T.);
#4541=EDGE_CURVE('',#3633,#3629,#2333,.T.);
#4542=EDGE_CURVE('',#3609,#3634,#2334,.T.);
#4543=EDGE_CURVE('',#3635,#3634,#1697,.T.);
#4544=EDGE_CURVE('',#3635,#3610,#2335,.T.);
#4545=EDGE_CURVE('',#3628,#3625,#2336,.T.);
#4546=EDGE_CURVE('',#3631,#3623,#2337,.T.);
#4547=EDGE_CURVE('',#3635,#3632,#2338,.T.);
#4548=EDGE_CURVE('',#3636,#3634,#2339,.T.);
#4549=EDGE_CURVE('',#3614,#3636,#1698,.F.);
#4550=EDGE_CURVE('',#3637,#3613,#2340,.T.);
#4551=EDGE_CURVE('',#3637,#3638,#2341,.T.);
#4552=EDGE_CURVE('',#3638,#3639,#1699,.T.);
#4553=EDGE_CURVE('',#3640,#3639,#2342,.T.);
#4554=EDGE_CURVE('',#3640,#3627,#1700,.T.);
#4555=EDGE_CURVE('',#3636,#3607,#2343,.T.);
#4556=EDGE_CURVE('',#3640,#3622,#2344,.T.);
#4557=EDGE_CURVE('',#3616,#3639,#2345,.T.);
#4558=EDGE_CURVE('',#3638,#3615,#2346,.T.);
#4559=EDGE_CURVE('',#3637,#3369,#2347,.T.);
#4560=EDGE_CURVE('',#3561,#3377,#2348,.T.);
#4561=EDGE_CURVE('',#3557,#3381,#2349,.T.);
#4562=EDGE_CURVE('',#3598,#3600,#2350,.T.);
#4563=EDGE_CURVE('',#3641,#3589,#2351,.T.);
#4564=EDGE_CURVE('',#3641,#3385,#2352,.T.);
#4565=EDGE_CURVE('',#3641,#3642,#2353,.T.);
#4566=EDGE_CURVE('',#3642,#3382,#2354,.T.);
#4567=EDGE_CURVE('',#3590,#3642,#2355,.T.);
#4568=EDGE_CURVE('',#3643,#3644,#1701,.T.);
#4569=EDGE_CURVE('',#3643,#3645,#2356,.T.);
#4570=EDGE_CURVE('',#3645,#3646,#1702,.T.);
#4571=EDGE_CURVE('',#3646,#3644,#2357,.T.);
#4572=EDGE_CURVE('',#3645,#3532,#71,.T.);
#4573=EDGE_CURVE('',#3532,#3646,#72,.T.);
#4574=EDGE_CURVE('',#3643,#3647,#2358,.T.);
#4575=EDGE_CURVE('',#3648,#3647,#2359,.T.);
#4576=EDGE_CURVE('',#3645,#3648,#2360,.T.);
#4577=EDGE_CURVE('',#3649,#3644,#2361,.T.);
#4578=EDGE_CURVE('',#3649,#3650,#1703,.T.);
#4579=EDGE_CURVE('',#3651,#3650,#2362,.T.);
#4580=EDGE_CURVE('',#3651,#3652,#1704,.T.);
#4581=EDGE_CURVE('',#3653,#3652,#2363,.T.);
#4582=EDGE_CURVE('',#3653,#3647,#1705,.T.);
#4583=EDGE_CURVE('',#3654,#3655,#2364,.T.);
#4584=EDGE_CURVE('',#3655,#3656,#2365,.T.);
#4585=EDGE_CURVE('',#3656,#3657,#2366,.T.);
#4586=EDGE_CURVE('',#3657,#3654,#2367,.T.);
#4587=EDGE_CURVE('',#3658,#3646,#2368,.T.);
#4588=EDGE_CURVE('',#3649,#3658,#2369,.T.);
#4589=EDGE_CURVE('',#3648,#3659,#1706,.T.);
#4590=EDGE_CURVE('',#3659,#3534,#73,.T.);
#4591=EDGE_CURVE('',#3534,#3648,#74,.T.);
#4592=EDGE_CURVE('',#3653,#3659,#2370,.T.);
#4593=EDGE_CURVE('',#3659,#3660,#2371,.T.);
#4594=EDGE_CURVE('',#3535,#3660,#75,.T.);
#4595=EDGE_CURVE('',#3660,#3661,#1707,.T.);
#4596=EDGE_CURVE('',#3661,#3535,#76,.T.);
#4597=EDGE_CURVE('',#3651,#3661,#2372,.T.);
#4598=EDGE_CURVE('',#3660,#3652,#2373,.T.);
#4599=EDGE_CURVE('',#3661,#3662,#2374,.T.);
#4600=EDGE_CURVE('',#3533,#3662,#77,.T.);
#4601=EDGE_CURVE('',#3658,#3662,#1708,.T.);
#4602=EDGE_CURVE('',#3662,#3650,#2375,.T.);
#4603=EDGE_CURVE('',#3658,#3533,#78,.T.);
#4604=EDGE_CURVE('',#3663,#3410,#1709,.T.);
#4605=EDGE_CURVE('',#3409,#3664,#1710,.T.);
#4606=EDGE_CURVE('',#3664,#3663,#1711,.T.);
#4607=EDGE_CURVE('',#3408,#3665,#1712,.T.);
#4608=EDGE_CURVE('',#3665,#3664,#2376,.T.);
#4609=EDGE_CURVE('',#3407,#3666,#1713,.T.);
#4610=EDGE_CURVE('',#3666,#3665,#1714,.T.);
#4611=EDGE_CURVE('',#3406,#3667,#1715,.T.);
#4612=EDGE_CURVE('',#3667,#3666,#2377,.T.);
#4613=EDGE_CURVE('',#3405,#3668,#1716,.T.);
#4614=EDGE_CURVE('',#3668,#3667,#1717,.T.);
#4615=EDGE_CURVE('',#3404,#3669,#1718,.T.);
#4616=EDGE_CURVE('',#3669,#3668,#2378,.T.);
#4617=EDGE_CURVE('',#3403,#3670,#1719,.T.);
#4618=EDGE_CURVE('',#3670,#3669,#1720,.T.);
#4619=EDGE_CURVE('',#3663,#3670,#2379,.T.);
#4620=EDGE_CURVE('',#3410,#3403,#2380,.T.);
#4621=EDGE_CURVE('',#3671,#3669,#2381,.T.);
#4622=EDGE_CURVE('',#3672,#3671,#2382,.T.);
#4623=EDGE_CURVE('',#3668,#3672,#2383,.T.);
#4624=EDGE_CURVE('',#3670,#3673,#2384,.T.);
#4625=EDGE_CURVE('',#3671,#3673,#1721,.T.);
#4626=EDGE_CURVE('',#3674,#3663,#2385,.T.);
#4627=EDGE_CURVE('',#3673,#3674,#2386,.T.);
#4628=EDGE_CURVE('',#3664,#3675,#2387,.T.);
#4629=EDGE_CURVE('',#3674,#3675,#1722,.T.);
#4630=EDGE_CURVE('',#3672,#3676,#1723,.T.);
#4631=EDGE_CURVE('',#3676,#3677,#1724,.T.);
#4632=EDGE_CURVE('',#3677,#3678,#1725,.T.);
#4633=EDGE_CURVE('',#3678,#3672,#1726,.T.);
#4634=EDGE_CURVE('',#3679,#3680,#1727,.T.);
#4635=EDGE_CURVE('',#3680,#3678,#2388,.T.);
#4636=EDGE_CURVE('',#3677,#3679,#2389,.T.);
#4637=EDGE_CURVE('',#3681,#3682,#1728,.T.);
#4638=EDGE_CURVE('',#3682,#3680,#1729,.T.);
#4639=EDGE_CURVE('',#3679,#3681,#1730,.T.);
#4640=EDGE_CURVE('',#3683,#3675,#1731,.T.);
#4641=EDGE_CURVE('',#3675,#3682,#2390,.T.);
#4642=EDGE_CURVE('',#3681,#3683,#2391,.T.);
#4643=EDGE_CURVE('',#3684,#3674,#1732,.T.);
#4644=EDGE_CURVE('',#3683,#3684,#1733,.T.);
#4645=EDGE_CURVE('',#3685,#3673,#1734,.T.);
#4646=EDGE_CURVE('',#3685,#3684,#2392,.T.);
#4647=EDGE_CURVE('',#3686,#3671,#1735,.T.);
#4648=EDGE_CURVE('',#3685,#3686,#1736,.T.);
#4649=EDGE_CURVE('',#3686,#3676,#2393,.T.);
#4650=EDGE_CURVE('',#3678,#3667,#2394,.T.);
#4651=EDGE_CURVE('',#3687,#3685,#2395,.T.);
#4652=EDGE_CURVE('',#3688,#3687,#2396,.T.);
#4653=EDGE_CURVE('',#3689,#3688,#2397,.T.);
#4654=EDGE_CURVE('',#3690,#3689,#2398,.T.);
#4655=EDGE_CURVE('',#3691,#3690,#2399,.T.);
#4656=EDGE_CURVE('',#3692,#3691,#2400,.T.);
#4657=EDGE_CURVE('',#3693,#3692,#1737,.T.);
#4658=EDGE_CURVE('',#3694,#3693,#2401,.T.);
#4659=EDGE_CURVE('',#3695,#3694,#1738,.T.);
#4660=EDGE_CURVE('',#3696,#3695,#2402,.T.);
#4661=EDGE_CURVE('',#3684,#3696,#2403,.T.);
#4662=EDGE_CURVE('',#3666,#3680,#2404,.T.);
#4663=EDGE_CURVE('',#3682,#3665,#2405,.T.);
#4664=EDGE_CURVE('',#3697,#3698,#1739,.T.);
#4665=EDGE_CURVE('',#3698,#3699,#171,.F.);
#4666=EDGE_CURVE('',#3699,#3700,#1740,.T.);
#4667=EDGE_CURVE('',#3700,#3697,#172,.T.);
#4668=EDGE_CURVE('',#3700,#3701,#2406,.T.);
#4669=EDGE_CURVE('',#3701,#3702,#173,.T.);
#4670=EDGE_CURVE('',#3702,#3697,#2407,.T.);
#4671=EDGE_CURVE('',#3701,#3703,#1741,.T.);
#4672=EDGE_CURVE('',#3703,#3704,#174,.T.);
#4673=EDGE_CURVE('',#3704,#3702,#1742,.T.);
#4674=EDGE_CURVE('',#3703,#3705,#2408,.T.);
#4675=EDGE_CURVE('',#3705,#3706,#175,.T.);
#4676=EDGE_CURVE('',#3706,#3704,#2409,.T.);
#4677=EDGE_CURVE('',#3705,#3707,#1743,.T.);
#4678=EDGE_CURVE('',#3707,#3708,#176,.T.);
#4679=EDGE_CURVE('',#3708,#3706,#1744,.T.);
#4680=EDGE_CURVE('',#3707,#3709,#2410,.T.);
#4681=EDGE_CURVE('',#3709,#3710,#177,.T.);
#4682=EDGE_CURVE('',#3710,#3708,#2411,.T.);
#4683=EDGE_CURVE('',#3709,#3711,#1745,.T.);
#4684=EDGE_CURVE('',#3711,#3712,#178,.F.);
#4685=EDGE_CURVE('',#3712,#3710,#1746,.T.);
#4686=EDGE_CURVE('',#3713,#3697,#2412,.T.);
#4687=EDGE_CURVE('',#3714,#3713,#1747,.T.);
#4688=EDGE_CURVE('',#3714,#3698,#2413,.T.);
#4689=EDGE_CURVE('',#3715,#3702,#2414,.T.);
#4690=EDGE_CURVE('',#3713,#3715,#2415,.T.);
#4691=EDGE_CURVE('',#3716,#3704,#2416,.T.);
#4692=EDGE_CURVE('',#3715,#3716,#1748,.T.);
#4693=EDGE_CURVE('',#3717,#3706,#2417,.T.);
#4694=EDGE_CURVE('',#3716,#3717,#2418,.T.);
#4695=EDGE_CURVE('',#3718,#3708,#2419,.T.);
#4696=EDGE_CURVE('',#3717,#3718,#1749,.T.);
#4697=EDGE_CURVE('',#3719,#3710,#2420,.T.);
#4698=EDGE_CURVE('',#3718,#3719,#2421,.T.);
#4699=EDGE_CURVE('',#3720,#3712,#2422,.T.);
#4700=EDGE_CURVE('',#3719,#3720,#1750,.T.);
#4701=EDGE_CURVE('',#3698,#3712,#2423,.T.);
#4702=EDGE_CURVE('',#3711,#3699,#2424,.T.);
#4703=EDGE_CURVE('',#3720,#3714,#2425,.T.);
#4704=EDGE_CURVE('',#3721,#3722,#2426,.T.);
#4705=EDGE_CURVE('',#3722,#3723,#179,.T.);
#4706=EDGE_CURVE('',#3723,#3724,#2427,.T.);
#4707=EDGE_CURVE('',#3721,#3724,#180,.T.);
#4708=EDGE_CURVE('',#3722,#3725,#1751,.T.);
#4709=EDGE_CURVE('',#3725,#3726,#181,.T.);
#4710=EDGE_CURVE('',#3726,#3723,#1752,.T.);
#4711=EDGE_CURVE('',#3725,#3727,#2428,.T.);
#4712=EDGE_CURVE('',#3727,#3728,#182,.T.);
#4713=EDGE_CURVE('',#3728,#3726,#2429,.T.);
#4714=EDGE_CURVE('',#3727,#3729,#1753,.T.);
#4715=EDGE_CURVE('',#3729,#3730,#183,.T.);
#4716=EDGE_CURVE('',#3730,#3728,#1754,.T.);
#4717=EDGE_CURVE('',#3729,#3731,#2430,.T.);
#4718=EDGE_CURVE('',#3731,#3732,#184,.T.);
#4719=EDGE_CURVE('',#3732,#3730,#2431,.T.);
#4720=EDGE_CURVE('',#3733,#3732,#1755,.T.);
#4721=EDGE_CURVE('',#3731,#3734,#1756,.T.);
#4722=EDGE_CURVE('',#3734,#3733,#185,.T.);
#4723=EDGE_CURVE('',#3735,#3733,#2432,.T.);
#4724=EDGE_CURVE('',#3734,#3736,#2433,.T.);
#4725=EDGE_CURVE('',#3736,#3735,#186,.T.);
#4726=EDGE_CURVE('',#3724,#3735,#1757,.T.);
#4727=EDGE_CURVE('',#3736,#3721,#1758,.T.);
#4728=EDGE_CURVE('',#3737,#3733,#2434,.T.);
#4729=EDGE_CURVE('',#3738,#3737,#1759,.T.);
#4730=EDGE_CURVE('',#3738,#3732,#2435,.T.);
#4731=EDGE_CURVE('',#3739,#3735,#2436,.T.);
#4732=EDGE_CURVE('',#3737,#3739,#2437,.T.);
#4733=EDGE_CURVE('',#3740,#3724,#2438,.T.);
#4734=EDGE_CURVE('',#3739,#3740,#1760,.T.);
#4735=EDGE_CURVE('',#3741,#3723,#2439,.T.);
#4736=EDGE_CURVE('',#3740,#3741,#2440,.T.);
#4737=EDGE_CURVE('',#3742,#3743,#1761,.T.);
#4738=EDGE_CURVE('',#3744,#3742,#2441,.T.);
#4739=EDGE_CURVE('',#3745,#3744,#1762,.T.);
#4740=EDGE_CURVE('',#3746,#3745,#2442,.T.);
#4741=EDGE_CURVE('',#3747,#3746,#1763,.T.);
#4742=EDGE_CURVE('',#3748,#3747,#2443,.T.);
#4743=EDGE_CURVE('',#3749,#3748,#1764,.T.);
#4744=EDGE_CURVE('',#3743,#3749,#2444,.T.);
#4745=EDGE_CURVE('',#3750,#3750,#1765,.T.);
#4746=EDGE_CURVE('',#3751,#3751,#1766,.T.);
#4747=EDGE_CURVE('',#3752,#3752,#1767,.T.);
#4748=EDGE_CURVE('',#3753,#3753,#1768,.T.);
#4749=EDGE_CURVE('',#3754,#3754,#1769,.T.);
#4750=EDGE_CURVE('',#3755,#3755,#1770,.T.);
#4751=EDGE_CURVE('',#3756,#3756,#1771,.T.);
#4752=EDGE_CURVE('',#3757,#3758,#1772,.T.);
#4753=EDGE_CURVE('',#3758,#3759,#2445,.T.);
#4754=EDGE_CURVE('',#3759,#3760,#1773,.F.);
#4755=EDGE_CURVE('',#3760,#3757,#2446,.T.);
#4756=EDGE_CURVE('',#3343,#3757,#1774,.T.);
#4757=EDGE_CURVE('',#3757,#3761,#2447,.T.);
#4758=EDGE_CURVE('',#3761,#3356,#1775,.T.);
#4759=EDGE_CURVE('',#3762,#3355,#1776,.T.);
#4760=EDGE_CURVE('',#3761,#3762,#1777,.T.);
#4761=EDGE_CURVE('',#3763,#3354,#1778,.T.);
#4762=EDGE_CURVE('',#3762,#3763,#2448,.T.);
#4763=EDGE_CURVE('',#3764,#3353,#1779,.T.);
#4764=EDGE_CURVE('',#3763,#3764,#1780,.T.);
#4765=EDGE_CURVE('',#3765,#3352,#1781,.T.);
#4766=EDGE_CURVE('',#3764,#3765,#2449,.T.);
#4767=EDGE_CURVE('',#3343,#3758,#1782,.T.);
#4768=EDGE_CURVE('',#3766,#3765,#1783,.T.);
#4769=EDGE_CURVE('',#3765,#3767,#2450,.T.);
#4770=EDGE_CURVE('',#3767,#3768,#1784,.F.);
#4771=EDGE_CURVE('',#3768,#3766,#2451,.T.);
#4772=EDGE_CURVE('',#3766,#3352,#1785,.T.);
#4773=EDGE_CURVE('',#3769,#3344,#1786,.T.);
#4774=EDGE_CURVE('',#3769,#3758,#2452,.T.);
#4775=EDGE_CURVE('',#3766,#3770,#2453,.T.);
#4776=EDGE_CURVE('',#3770,#3351,#1787,.T.);
#4777=EDGE_CURVE('',#3768,#3771,#2454,.T.);
#4778=EDGE_CURVE('',#3770,#3771,#2455,.T.);
#4779=EDGE_CURVE('',#3763,#3772,#2456,.T.);
#4780=EDGE_CURVE('',#3773,#3772,#1788,.T.);
#4781=EDGE_CURVE('',#3773,#3764,#2457,.T.);
#4782=EDGE_CURVE('',#3773,#3767,#2458,.T.);
#4783=EDGE_CURVE('',#3761,#3774,#2459,.T.);
#4784=EDGE_CURVE('',#3775,#3774,#1789,.T.);
#4785=EDGE_CURVE('',#3775,#3762,#2460,.T.);
#4786=EDGE_CURVE('',#3775,#3772,#2461,.T.);
#4787=EDGE_CURVE('',#3760,#3774,#2462,.T.);
#4788=EDGE_CURVE('',#3776,#3759,#2463,.T.);
#4789=EDGE_CURVE('',#3776,#3777,#1790,.T.);
#4790=EDGE_CURVE('',#3778,#3777,#2464,.T.);
#4791=EDGE_CURVE('',#3778,#3779,#1791,.T.);
#4792=EDGE_CURVE('',#3780,#3779,#2465,.T.);
#4793=EDGE_CURVE('',#3780,#3781,#1792,.T.);
#4794=EDGE_CURVE('',#3782,#3781,#2466,.T.);
#4795=EDGE_CURVE('',#3782,#3771,#1793,.T.);
#4796=EDGE_CURVE('',#3783,#3783,#1794,.T.);
#4797=EDGE_CURVE('',#3784,#3784,#1795,.T.);
#4798=EDGE_CURVE('',#3785,#3785,#1796,.T.);
#4799=EDGE_CURVE('',#3741,#3786,#1797,.T.);
#4800=EDGE_CURVE('',#3786,#3787,#2467,.T.);
#4801=EDGE_CURVE('',#3787,#3788,#1798,.T.);
#4802=EDGE_CURVE('',#3788,#3738,#2468,.T.);
#4803=EDGE_CURVE('',#3789,#3350,#1799,.T.);
#4804=EDGE_CURVE('',#3770,#3789,#1800,.T.);
#4805=EDGE_CURVE('',#3790,#3349,#1801,.T.);
#4806=EDGE_CURVE('',#3789,#3790,#2469,.T.);
#4807=EDGE_CURVE('',#3791,#3348,#1802,.T.);
#4808=EDGE_CURVE('',#3790,#3791,#1803,.T.);
#4809=EDGE_CURVE('',#3792,#3347,#1804,.T.);
#4810=EDGE_CURVE('',#3791,#3792,#2470,.T.);
#4811=EDGE_CURVE('',#3793,#3346,#1805,.T.);
#4812=EDGE_CURVE('',#3792,#3793,#1806,.T.);
#4813=EDGE_CURVE('',#3793,#3794,#1807,.T.);
#4814=EDGE_CURVE('',#3794,#3411,#1808,.T.);
#4815=EDGE_CURVE('',#3345,#3795,#1809,.T.);
#4816=EDGE_CURVE('',#3795,#3769,#1810,.T.);
#4817=EDGE_CURVE('',#3412,#3796,#1811,.T.);
#4818=EDGE_CURVE('',#3796,#3795,#1812,.T.);
#4819=EDGE_CURVE('',#3794,#3796,#2471,.T.);
#4820=EDGE_CURVE('',#3776,#3769,#2472,.T.);
#4821=EDGE_CURVE('',#3790,#3781,#2473,.T.);
#4822=EDGE_CURVE('',#3780,#3791,#2474,.T.);
#4823=EDGE_CURVE('',#3792,#3779,#2475,.T.);
#4824=EDGE_CURVE('',#3778,#3794,#2476,.T.);
#4825=EDGE_CURVE('',#3796,#3777,#2477,.T.);
#4826=EDGE_CURVE('',#3782,#3789,#2478,.T.);
#4827=EDGE_CURVE('',#3797,#3798,#1813,.T.);
#4828=EDGE_CURVE('',#3798,#3799,#2479,.T.);
#4829=EDGE_CURVE('',#3799,#3800,#1814,.F.);
#4830=EDGE_CURVE('',#3800,#3797,#2480,.T.);
#4831=EDGE_CURVE('',#3329,#3797,#1815,.T.);
#4832=EDGE_CURVE('',#3797,#3801,#2481,.T.);
#4833=EDGE_CURVE('',#3801,#3342,#1816,.T.);
#4834=EDGE_CURVE('',#3802,#3341,#1817,.T.);
#4835=EDGE_CURVE('',#3801,#3802,#1818,.T.);
#4836=EDGE_CURVE('',#3803,#3340,#1819,.T.);
#4837=EDGE_CURVE('',#3802,#3803,#2482,.T.);
#4838=EDGE_CURVE('',#3804,#3339,#1820,.T.);
#4839=EDGE_CURVE('',#3803,#3804,#1821,.T.);
#4840=EDGE_CURVE('',#3805,#3338,#1822,.T.);
#4841=EDGE_CURVE('',#3804,#3805,#2483,.T.);
#4842=EDGE_CURVE('',#3329,#3798,#1823,.T.);
#4843=EDGE_CURVE('',#3806,#3805,#1824,.T.);
#4844=EDGE_CURVE('',#3805,#3807,#2484,.T.);
#4845=EDGE_CURVE('',#3807,#3808,#1825,.F.);
#4846=EDGE_CURVE('',#3808,#3806,#2485,.T.);
#4847=EDGE_CURVE('',#3806,#3338,#1826,.T.);
#4848=EDGE_CURVE('',#3809,#3798,#2486,.T.);
#4849=EDGE_CURVE('',#3810,#3809,#2487,.T.);
#4850=EDGE_CURVE('',#3810,#3799,#2488,.T.);
#4851=EDGE_CURVE('',#3809,#3330,#1827,.T.);
#4852=EDGE_CURVE('',#3806,#3811,#2489,.T.);
#4853=EDGE_CURVE('',#3811,#3337,#1828,.T.);
#4854=EDGE_CURVE('',#3808,#3812,#2490,.T.);
#4855=EDGE_CURVE('',#3811,#3812,#2491,.T.);
#4856=EDGE_CURVE('',#3801,#3813,#2492,.T.);
#4857=EDGE_CURVE('',#3814,#3813,#1829,.T.);
#4858=EDGE_CURVE('',#3814,#3802,#2493,.T.);
#4859=EDGE_CURVE('',#3800,#3813,#2494,.T.);
#4860=EDGE_CURVE('',#3803,#3815,#2495,.T.);
#4861=EDGE_CURVE('',#3816,#3815,#1830,.T.);
#4862=EDGE_CURVE('',#3816,#3804,#2496,.T.);
#4863=EDGE_CURVE('',#3814,#3815,#2497,.T.);
#4864=EDGE_CURVE('',#3817,#3336,#1831,.T.);
#4865=EDGE_CURVE('',#3811,#3817,#1832,.T.);
#4866=EDGE_CURVE('',#3818,#3335,#1833,.T.);
#4867=EDGE_CURVE('',#3817,#3818,#2498,.T.);
#4868=EDGE_CURVE('',#3819,#3334,#1834,.T.);
#4869=EDGE_CURVE('',#3818,#3819,#1835,.T.);
#4870=EDGE_CURVE('',#3820,#3333,#1836,.T.);
#4871=EDGE_CURVE('',#3819,#3820,#2499,.T.);
#4872=EDGE_CURVE('',#3821,#3332,#1837,.T.);
#4873=EDGE_CURVE('',#3820,#3821,#1838,.T.);
#4874=EDGE_CURVE('',#3822,#3331,#1839,.T.);
#4875=EDGE_CURVE('',#3821,#3822,#2500,.T.);
#4876=EDGE_CURVE('',#3822,#3809,#1840,.T.);
#4877=EDGE_CURVE('',#3822,#3823,#2501,.T.);
#4878=EDGE_CURVE('',#3810,#3823,#1841,.T.);
#4879=EDGE_CURVE('',#3824,#3821,#2502,.T.);
#4880=EDGE_CURVE('',#3824,#3823,#2503,.T.);
#4881=EDGE_CURVE('',#3820,#3825,#2504,.T.);
#4882=EDGE_CURVE('',#3824,#3825,#1842,.T.);
#4883=EDGE_CURVE('',#3826,#3819,#2505,.T.);
#4884=EDGE_CURVE('',#3826,#3825,#2506,.T.);
#4885=EDGE_CURVE('',#3818,#3827,#2507,.T.);
#4886=EDGE_CURVE('',#3826,#3827,#1843,.T.);
#4887=EDGE_CURVE('',#3828,#3817,#2508,.T.);
#4888=EDGE_CURVE('',#3828,#3827,#2509,.T.);
#4889=EDGE_CURVE('',#3828,#3812,#1844,.T.);
#4890=EDGE_CURVE('',#3816,#3807,#2510,.T.);
#4891=EDGE_CURVE('',#3829,#3829,#1845,.T.);
#4892=EDGE_CURVE('',#3830,#3830,#1846,.T.);
#4893=EDGE_CURVE('',#3831,#3831,#1847,.T.);
#4894=EDGE_CURVE('',#3832,#3832,#1848,.T.);
#4895=EDGE_CURVE('',#3833,#3742,#1849,.T.);
#4896=EDGE_CURVE('',#3743,#3484,#1850,.T.);
#4897=EDGE_CURVE('',#3484,#3833,#1851,.T.);
#4898=EDGE_CURVE('',#3749,#3483,#1852,.T.);
#4899=EDGE_CURVE('',#3748,#3688,#1853,.T.);
#4900=EDGE_CURVE('',#3688,#3483,#1854,.T.);
#4901=EDGE_CURVE('',#3747,#3689,#1855,.T.);
#4902=EDGE_CURVE('',#3746,#3834,#1856,.T.);
#4903=EDGE_CURVE('',#3834,#3689,#1857,.T.);
#4904=EDGE_CURVE('',#3745,#3835,#1858,.T.);
#4905=EDGE_CURVE('',#3835,#3834,#2511,.T.);
#4906=EDGE_CURVE('',#3744,#3836,#1859,.T.);
#4907=EDGE_CURVE('',#3836,#3835,#1860,.T.);
#4908=EDGE_CURVE('',#3833,#3836,#2512,.T.);
#4909=EDGE_CURVE('',#3837,#3835,#2513,.T.);
#4910=EDGE_CURVE('',#3838,#3837,#2514,.T.);
#4911=EDGE_CURVE('',#3839,#3838,#2515,.T.);
#4912=EDGE_CURVE('',#3840,#3839,#1861,.T.);
#4913=EDGE_CURVE('',#3841,#3840,#2516,.T.);
#4914=EDGE_CURVE('',#3842,#3841,#1862,.T.);
#4915=EDGE_CURVE('',#3842,#3843,#2517,.T.);
#4916=EDGE_CURVE('',#3844,#3843,#2518,.T.);
#4917=EDGE_CURVE('',#3834,#3844,#2519,.T.);
#4918=EDGE_CURVE('',#3836,#3845,#2520,.T.);
#4919=EDGE_CURVE('',#3837,#3845,#1863,.T.);
#4920=EDGE_CURVE('',#3846,#3833,#2521,.T.);
#4921=EDGE_CURVE('',#3847,#3846,#2522,.T.);
#4922=EDGE_CURVE('',#3848,#3847,#1864,.T.);
#4923=EDGE_CURVE('',#3849,#3848,#2523,.T.);
#4924=EDGE_CURVE('',#3850,#3849,#1865,.T.);
#4925=EDGE_CURVE('',#3851,#3850,#2524,.T.);
#4926=EDGE_CURVE('',#3852,#3851,#1866,.T.);
#4927=EDGE_CURVE('',#3853,#3852,#2525,.T.);
#4928=EDGE_CURVE('',#3854,#3853,#1867,.T.);
#4929=EDGE_CURVE('',#3855,#3854,#2526,.T.);
#4930=EDGE_CURVE('',#3856,#3855,#2527,.T.);
#4931=EDGE_CURVE('',#3857,#3856,#1868,.T.);
#4932=EDGE_CURVE('',#3858,#3857,#2528,.T.);
#4933=EDGE_CURVE('',#3859,#3858,#1869,.T.);
#4934=EDGE_CURVE('',#3860,#3859,#2529,.T.);
#4935=EDGE_CURVE('',#3845,#3860,#2530,.T.);
#4936=EDGE_CURVE('',#3846,#3492,#1870,.T.);
#4937=EDGE_CURVE('',#3861,#3862,#187,.T.);
#4938=EDGE_CURVE('',#3861,#3863,#2531,.T.);
#4939=EDGE_CURVE('',#3863,#3845,#1871,.T.);
#4940=EDGE_CURVE('',#3860,#3864,#188,.F.);
#4941=EDGE_CURVE('',#3864,#3862,#1872,.F.);
#4942=EDGE_CURVE('',#3865,#3837,#1873,.T.);
#4943=EDGE_CURVE('',#3863,#3865,#1874,.T.);
#4944=EDGE_CURVE('',#3866,#3867,#189,.F.);
#4945=EDGE_CURVE('',#3868,#3867,#1875,.T.);
#4946=EDGE_CURVE('',#3838,#3868,#190,.T.);
#4947=EDGE_CURVE('',#3865,#3866,#2532,.T.);
#4948=EDGE_CURVE('',#3869,#3861,#1876,.F.);
#4949=EDGE_CURVE('',#3869,#3870,#2533,.T.);
#4950=EDGE_CURVE('',#3871,#3870,#1877,.F.);
#4951=EDGE_CURVE('',#3872,#3871,#2534,.T.);
#4952=EDGE_CURVE('',#3873,#3872,#1878,.T.);
#4953=EDGE_CURVE('',#3874,#3873,#2535,.T.);
#4954=EDGE_CURVE('',#3875,#3874,#1879,.F.);
#4955=EDGE_CURVE('',#3875,#3876,#2536,.T.);
#4956=EDGE_CURVE('',#3877,#3876,#1880,.F.);
#4957=EDGE_CURVE('',#3878,#3877,#2537,.T.);
#4958=EDGE_CURVE('',#3879,#3878,#1881,.T.);
#4959=EDGE_CURVE('',#3880,#3879,#2538,.T.);
#4960=EDGE_CURVE('',#3881,#3880,#1882,.F.);
#4961=EDGE_CURVE('',#3881,#3882,#2539,.T.);
#4962=EDGE_CURVE('',#3883,#3882,#1883,.F.);
#4963=EDGE_CURVE('',#3884,#3883,#2540,.T.);
#4964=EDGE_CURVE('',#3885,#3884,#1884,.T.);
#4965=EDGE_CURVE('',#3886,#3885,#2541,.T.);
#4966=EDGE_CURVE('',#3887,#3886,#1885,.F.);
#4967=EDGE_CURVE('',#3887,#3888,#2542,.T.);
#4968=EDGE_CURVE('',#3866,#3888,#1886,.F.);
#4969=EDGE_CURVE('',#3889,#3890,#2543,.T.);
#4970=EDGE_CURVE('',#3891,#3889,#1887,.T.);
#4971=EDGE_CURVE('',#3892,#3891,#2544,.T.);
#4972=EDGE_CURVE('',#3893,#3892,#1888,.T.);
#4973=EDGE_CURVE('',#3894,#3893,#2545,.T.);
#4974=EDGE_CURVE('',#3895,#3894,#1889,.T.);
#4975=EDGE_CURVE('',#3896,#3895,#2546,.T.);
#4976=EDGE_CURVE('',#3890,#3896,#1890,.T.);
#4977=EDGE_CURVE('',#3897,#3847,#191,.T.);
#4978=EDGE_CURVE('',#3846,#3872,#1891,.T.);
#4979=EDGE_CURVE('',#3871,#3898,#192,.F.);
#4980=EDGE_CURVE('',#3899,#3898,#1892,.T.);
#4981=EDGE_CURVE('',#3855,#3899,#193,.T.);
#4982=EDGE_CURVE('',#3854,#3900,#194,.T.);
#4983=EDGE_CURVE('',#3900,#3897,#2547,.T.);
#4984=EDGE_CURVE('',#3492,#3873,#1893,.T.);
#4985=EDGE_CURVE('',#3874,#3901,#195,.T.);
#4986=EDGE_CURVE('',#3491,#3902,#196,.F.);
#4987=EDGE_CURVE('',#3902,#3901,#1894,.F.);
#4988=EDGE_CURVE('',#3903,#3897,#1895,.T.);
#4989=EDGE_CURVE('',#3903,#3904,#1896,.T.);
#4990=EDGE_CURVE('',#3904,#3848,#1897,.T.);
#4991=EDGE_CURVE('',#3905,#3900,#1898,.T.);
#4992=EDGE_CURVE('',#3905,#3903,#2548,.T.);
#4993=EDGE_CURVE('',#3906,#3853,#1899,.T.);
#4994=EDGE_CURVE('',#3906,#3905,#1900,.T.);
#4995=EDGE_CURVE('',#3877,#3907,#197,.F.);
#4996=EDGE_CURVE('',#3908,#3907,#1901,.T.);
#4997=EDGE_CURVE('',#3486,#3908,#198,.T.);
#4998=EDGE_CURVE('',#3485,#3878,#1902,.T.);
#4999=EDGE_CURVE('',#3687,#3879,#1903,.T.);
#5000=EDGE_CURVE('',#3485,#3687,#1904,.T.);
#5001=EDGE_CURVE('',#3880,#3909,#199,.T.);
#5002=EDGE_CURVE('',#3696,#3910,#200,.F.);
#5003=EDGE_CURVE('',#3910,#3909,#1905,.F.);
#5004=EDGE_CURVE('',#3883,#3911,#201,.F.);
#5005=EDGE_CURVE('',#3912,#3911,#1906,.T.);
#5006=EDGE_CURVE('',#3691,#3912,#202,.T.);
#5007=EDGE_CURVE('',#3690,#3884,#1907,.T.);
#5008=EDGE_CURVE('',#3844,#3885,#1908,.T.);
#5009=EDGE_CURVE('',#3690,#3844,#1909,.T.);
#5010=EDGE_CURVE('',#3886,#3913,#203,.T.);
#5011=EDGE_CURVE('',#3843,#3914,#204,.F.);
#5012=EDGE_CURVE('',#3914,#3913,#1910,.F.);
#5013=EDGE_CURVE('',#3401,#3889,#1911,.T.);
#5014=EDGE_CURVE('',#3890,#3400,#1912,.T.);
#5015=EDGE_CURVE('',#3896,#3391,#1913,.T.);
#5016=EDGE_CURVE('',#3915,#3392,#205,.T.);
#5017=EDGE_CURVE('',#3895,#3390,#1914,.T.);
#5018=EDGE_CURVE('',#3399,#3916,#206,.T.);
#5019=EDGE_CURVE('',#3916,#3915,#2549,.T.);
#5020=EDGE_CURVE('',#3894,#3359,#1915,.T.);
#5021=EDGE_CURVE('',#3893,#3357,#1916,.T.);
#5022=EDGE_CURVE('',#3892,#3358,#1917,.T.);
#5023=EDGE_CURVE('',#3891,#3402,#1918,.T.);
#5024=EDGE_CURVE('',#3915,#3917,#1919,.T.);
#5025=EDGE_CURVE('',#3917,#3918,#1920,.T.);
#5026=EDGE_CURVE('',#3918,#3393,#1921,.T.);
#5027=EDGE_CURVE('',#3916,#3919,#1922,.T.);
#5028=EDGE_CURVE('',#3919,#3917,#2550,.T.);
#5029=EDGE_CURVE('',#3398,#3920,#1923,.T.);
#5030=EDGE_CURVE('',#3920,#3919,#1924,.T.);
#5031=EDGE_CURVE('',#3397,#3921,#1925,.T.);
#5032=EDGE_CURVE('',#3921,#3920,#2551,.T.);
#5033=EDGE_CURVE('',#3396,#3922,#1926,.T.);
#5034=EDGE_CURVE('',#3922,#3921,#1927,.T.);
#5035=EDGE_CURVE('',#3395,#3923,#1928,.T.);
#5036=EDGE_CURVE('',#3923,#3922,#2552,.T.);
#5037=EDGE_CURVE('',#3394,#3924,#1929,.T.);
#5038=EDGE_CURVE('',#3924,#3923,#1930,.T.);
#5039=EDGE_CURVE('',#3918,#3924,#2553,.T.);
#5040=EDGE_CURVE('',#3923,#3925,#2554,.T.);
#5041=EDGE_CURVE('',#3926,#3925,#2555,.T.);
#5042=EDGE_CURVE('',#3922,#3926,#2556,.T.);
#5043=EDGE_CURVE('',#3924,#3927,#2557,.T.);
#5044=EDGE_CURVE('',#3925,#3927,#1931,.T.);
#5045=EDGE_CURVE('',#3918,#3906,#2558,.T.);
#5046=EDGE_CURVE('',#3927,#3906,#2559,.T.);
#5047=EDGE_CURVE('',#3917,#3905,#2560,.T.);
#5048=EDGE_CURVE('',#3852,#3927,#1932,.T.);
#5049=EDGE_CURVE('',#3928,#3849,#1933,.T.);
#5050=EDGE_CURVE('',#3904,#3928,#2561,.T.);
#5051=EDGE_CURVE('',#3926,#3850,#1934,.T.);
#5052=EDGE_CURVE('',#3928,#3926,#1935,.T.);
#5053=EDGE_CURVE('',#3925,#3851,#1936,.T.);
#5054=EDGE_CURVE('',#3920,#3904,#2562,.T.);
#5055=EDGE_CURVE('',#3919,#3903,#2563,.T.);
#5056=EDGE_CURVE('',#3929,#3930,#1937,.T.);
#5057=EDGE_CURVE('',#3930,#3869,#2564,.T.);
#5058=EDGE_CURVE('',#3862,#3929,#2565,.T.);
#5059=EDGE_CURVE('',#3931,#3932,#1938,.T.);
#5060=EDGE_CURVE('',#3932,#3930,#1939,.T.);
#5061=EDGE_CURVE('',#3929,#3931,#1940,.T.);
#5062=EDGE_CURVE('',#3933,#3934,#1941,.T.);
#5063=EDGE_CURVE('',#3934,#3932,#2566,.T.);
#5064=EDGE_CURVE('',#3931,#3933,#2567,.T.);
#5065=EDGE_CURVE('',#3935,#3936,#1942,.T.);
#5066=EDGE_CURVE('',#3936,#3934,#1943,.T.);
#5067=EDGE_CURVE('',#3933,#3935,#1944,.T.);
#5068=EDGE_CURVE('',#3870,#3936,#2568,.T.);
#5069=EDGE_CURVE('',#3935,#3898,#2569,.T.);
#5070=EDGE_CURVE('',#3937,#3935,#2570,.T.);
#5071=EDGE_CURVE('',#3899,#3937,#2571,.T.);
#5072=EDGE_CURVE('',#3933,#3938,#2572,.T.);
#5073=EDGE_CURVE('',#3937,#3938,#1945,.T.);
#5074=EDGE_CURVE('',#3939,#3931,#2573,.T.);
#5075=EDGE_CURVE('',#3938,#3939,#2574,.T.);
#5076=EDGE_CURVE('',#3929,#3940,#2575,.T.);
#5077=EDGE_CURVE('',#3939,#3940,#1946,.T.);
#5078=EDGE_CURVE('',#3940,#3864,#2576,.T.);
#5079=EDGE_CURVE('',#3859,#3940,#1947,.T.);
#5080=EDGE_CURVE('',#3858,#3939,#1948,.T.);
#5081=EDGE_CURVE('',#3857,#3938,#1949,.T.);
#5082=EDGE_CURVE('',#3856,#3937,#1950,.T.);
#5083=EDGE_CURVE('',#3490,#3941,#1951,.T.);
#5084=EDGE_CURVE('',#3941,#3902,#2577,.T.);
#5085=EDGE_CURVE('',#3489,#3942,#1952,.T.);
#5086=EDGE_CURVE('',#3942,#3941,#1953,.T.);
#5087=EDGE_CURVE('',#3488,#3943,#1954,.T.);
#5088=EDGE_CURVE('',#3943,#3942,#2578,.T.);
#5089=EDGE_CURVE('',#3487,#3944,#1955,.T.);
#5090=EDGE_CURVE('',#3944,#3943,#1956,.T.);
#5091=EDGE_CURVE('',#3908,#3944,#2579,.T.);
#5092=EDGE_CURVE('',#3945,#3946,#1957,.T.);
#5093=EDGE_CURVE('',#3946,#3875,#2580,.T.);
#5094=EDGE_CURVE('',#3901,#3945,#2581,.T.);
#5095=EDGE_CURVE('',#3947,#3948,#1958,.T.);
#5096=EDGE_CURVE('',#3948,#3946,#1959,.T.);
#5097=EDGE_CURVE('',#3945,#3947,#1960,.T.);
#5098=EDGE_CURVE('',#3949,#3950,#1961,.T.);
#5099=EDGE_CURVE('',#3950,#3948,#2582,.T.);
#5100=EDGE_CURVE('',#3947,#3949,#2583,.T.);
#5101=EDGE_CURVE('',#3951,#3952,#1962,.T.);
#5102=EDGE_CURVE('',#3952,#3950,#1963,.T.);
#5103=EDGE_CURVE('',#3949,#3951,#1964,.T.);
#5104=EDGE_CURVE('',#3876,#3952,#2584,.T.);
#5105=EDGE_CURVE('',#3951,#3907,#2585,.T.);
#5106=EDGE_CURVE('',#3944,#3951,#2586,.T.);
#5107=EDGE_CURVE('',#3949,#3943,#2587,.T.);
#5108=EDGE_CURVE('',#3942,#3947,#2588,.T.);
#5109=EDGE_CURVE('',#3945,#3941,#2589,.T.);
#5110=EDGE_CURVE('',#3695,#3953,#1965,.T.);
#5111=EDGE_CURVE('',#3953,#3910,#2590,.T.);
#5112=EDGE_CURVE('',#3694,#3954,#1966,.T.);
#5113=EDGE_CURVE('',#3954,#3953,#1967,.T.);
#5114=EDGE_CURVE('',#3693,#3955,#1968,.T.);
#5115=EDGE_CURVE('',#3955,#3954,#2591,.T.);
#5116=EDGE_CURVE('',#3692,#3956,#1969,.T.);
#5117=EDGE_CURVE('',#3956,#3955,#1970,.T.);
#5118=EDGE_CURVE('',#3912,#3956,#2592,.T.);
#5119=EDGE_CURVE('',#3957,#3958,#1971,.T.);
#5120=EDGE_CURVE('',#3958,#3881,#2593,.T.);
#5121=EDGE_CURVE('',#3909,#3957,#2594,.T.);
#5122=EDGE_CURVE('',#3959,#3960,#1972,.T.);
#5123=EDGE_CURVE('',#3960,#3958,#1973,.T.);
#5124=EDGE_CURVE('',#3957,#3959,#1974,.T.);
#5125=EDGE_CURVE('',#3961,#3962,#1975,.T.);
#5126=EDGE_CURVE('',#3962,#3960,#2595,.T.);
#5127=EDGE_CURVE('',#3959,#3961,#2596,.T.);
#5128=EDGE_CURVE('',#3963,#3964,#1976,.T.);
#5129=EDGE_CURVE('',#3964,#3962,#1977,.T.);
#5130=EDGE_CURVE('',#3961,#3963,#1978,.T.);
#5131=EDGE_CURVE('',#3882,#3964,#2597,.T.);
#5132=EDGE_CURVE('',#3963,#3911,#2598,.T.);
#5133=EDGE_CURVE('',#3956,#3963,#2599,.T.);
#5134=EDGE_CURVE('',#3961,#3955,#2600,.T.);
#5135=EDGE_CURVE('',#3954,#3959,#2601,.T.);
#5136=EDGE_CURVE('',#3957,#3953,#2602,.T.);
#5137=EDGE_CURVE('',#3965,#3966,#1979,.T.);
#5138=EDGE_CURVE('',#3966,#3887,#2603,.T.);
#5139=EDGE_CURVE('',#3913,#3965,#2604,.T.);
#5140=EDGE_CURVE('',#3967,#3968,#1980,.T.);
#5141=EDGE_CURVE('',#3968,#3966,#1981,.T.);
#5142=EDGE_CURVE('',#3965,#3967,#1982,.T.);
#5143=EDGE_CURVE('',#3969,#3970,#1983,.T.);
#5144=EDGE_CURVE('',#3970,#3968,#2605,.T.);
#5145=EDGE_CURVE('',#3967,#3969,#2606,.T.);
#5146=EDGE_CURVE('',#3971,#3972,#1984,.T.);
#5147=EDGE_CURVE('',#3972,#3970,#1985,.T.);
#5148=EDGE_CURVE('',#3969,#3971,#1986,.T.);
#5149=EDGE_CURVE('',#3888,#3972,#2607,.T.);
#5150=EDGE_CURVE('',#3971,#3867,#2608,.T.);
#5151=EDGE_CURVE('',#3973,#3971,#2609,.T.);
#5152=EDGE_CURVE('',#3868,#3973,#2610,.T.);
#5153=EDGE_CURVE('',#3969,#3974,#2611,.T.);
#5154=EDGE_CURVE('',#3973,#3974,#1987,.T.);
#5155=EDGE_CURVE('',#3975,#3967,#2612,.T.);
#5156=EDGE_CURVE('',#3974,#3975,#2613,.T.);
#5157=EDGE_CURVE('',#3965,#3976,#2614,.T.);
#5158=EDGE_CURVE('',#3975,#3976,#1988,.T.);
#5159=EDGE_CURVE('',#3976,#3914,#2615,.T.);
#5160=EDGE_CURVE('',#3973,#3839,#1989,.T.);
#5161=EDGE_CURVE('',#3974,#3840,#1990,.T.);
#5162=EDGE_CURVE('',#3975,#3841,#1991,.T.);
#5163=EDGE_CURVE('',#3976,#3842,#1992,.T.);
#5164=EDGE_CURVE('',#3921,#3928,#2616,.T.);
#5165=EDGE_CURVE('',#3656,#3389,#2617,.T.);
#5166=EDGE_CURVE('',#3657,#3388,#2618,.T.);
#5167=EDGE_CURVE('',#3654,#3387,#2619,.T.);
#5168=EDGE_CURVE('',#3655,#3386,#2620,.T.);
#5169=EDGE_CURVE('',#3829,#3756,#2621,.T.);
#5170=EDGE_CURVE('',#3830,#3750,#2622,.T.);
#5171=EDGE_CURVE('',#3831,#3755,#2623,.T.);
#5172=EDGE_CURVE('',#3832,#3754,#2624,.T.);
#5173=EDGE_CURVE('',#3783,#3753,#2625,.T.);
#5174=EDGE_CURVE('',#3784,#3751,#2626,.T.);
#5175=EDGE_CURVE('',#3785,#3752,#2627,.T.);
#5176=EDGE_CURVE('',#3786,#3726,#2628,.T.);
#5177=EDGE_CURVE('',#3788,#3730,#2629,.T.);
#5178=EDGE_CURVE('',#3787,#3728,#2630,.T.);
#5179=ORIENTED_EDGE('',*,*,#3977,.T.);
#5180=ORIENTED_EDGE('',*,*,#3978,.T.);
#5181=ORIENTED_EDGE('',*,*,#3979,.T.);
#5182=ORIENTED_EDGE('',*,*,#3980,.T.);
#5183=ORIENTED_EDGE('',*,*,#3981,.T.);
#5184=ORIENTED_EDGE('',*,*,#3982,.T.);
#5185=ORIENTED_EDGE('',*,*,#3983,.T.);
#5186=ORIENTED_EDGE('',*,*,#3984,.T.);
#5187=ORIENTED_EDGE('',*,*,#3985,.T.);
#5188=ORIENTED_EDGE('',*,*,#3986,.T.);
#5189=ORIENTED_EDGE('',*,*,#3987,.T.);
#5190=ORIENTED_EDGE('',*,*,#3988,.F.);
#5191=ORIENTED_EDGE('',*,*,#3989,.F.);
#5192=ORIENTED_EDGE('',*,*,#3990,.F.);
#5193=ORIENTED_EDGE('',*,*,#3991,.F.);
#5194=ORIENTED_EDGE('',*,*,#3992,.F.);
#5195=ORIENTED_EDGE('',*,*,#3993,.F.);
#5196=ORIENTED_EDGE('',*,*,#3994,.F.);
#5197=ORIENTED_EDGE('',*,*,#3995,.F.);
#5198=ORIENTED_EDGE('',*,*,#3996,.F.);
#5199=ORIENTED_EDGE('',*,*,#3997,.T.);
#5200=ORIENTED_EDGE('',*,*,#3998,.T.);
#5201=ORIENTED_EDGE('',*,*,#3999,.T.);
#5202=ORIENTED_EDGE('',*,*,#4000,.T.);
#5203=ORIENTED_EDGE('',*,*,#4001,.T.);
#5204=ORIENTED_EDGE('',*,*,#4002,.T.);
#5205=ORIENTED_EDGE('',*,*,#4003,.T.);
#5206=ORIENTED_EDGE('',*,*,#4004,.T.);
#5207=ORIENTED_EDGE('',*,*,#4005,.T.);
#5208=ORIENTED_EDGE('',*,*,#4006,.T.);
#5209=ORIENTED_EDGE('',*,*,#4007,.T.);
#5210=ORIENTED_EDGE('',*,*,#4008,.T.);
#5211=ORIENTED_EDGE('',*,*,#4009,.T.);
#5212=ORIENTED_EDGE('',*,*,#4010,.T.);
#5213=ORIENTED_EDGE('',*,*,#4011,.T.);
#5214=ORIENTED_EDGE('',*,*,#4012,.T.);
#5215=ORIENTED_EDGE('',*,*,#4013,.F.);
#5216=ORIENTED_EDGE('',*,*,#4014,.F.);
#5217=ORIENTED_EDGE('',*,*,#4015,.F.);
#5218=ORIENTED_EDGE('',*,*,#4016,.F.);
#5219=ORIENTED_EDGE('',*,*,#4017,.F.);
#5220=ORIENTED_EDGE('',*,*,#4018,.F.);
#5221=ORIENTED_EDGE('',*,*,#4019,.F.);
#5222=ORIENTED_EDGE('',*,*,#4020,.F.);
#5223=ORIENTED_EDGE('',*,*,#4021,.F.);
#5224=ORIENTED_EDGE('',*,*,#4022,.F.);
#5225=ORIENTED_EDGE('',*,*,#4023,.F.);
#5226=ORIENTED_EDGE('',*,*,#4024,.F.);
#5227=ORIENTED_EDGE('',*,*,#4025,.F.);
#5228=ORIENTED_EDGE('',*,*,#4026,.F.);
#5229=ORIENTED_EDGE('',*,*,#4027,.F.);
#5230=ORIENTED_EDGE('',*,*,#4028,.F.);
#5231=ORIENTED_EDGE('',*,*,#4029,.F.);
#5232=ORIENTED_EDGE('',*,*,#4030,.F.);
#5233=ORIENTED_EDGE('',*,*,#4031,.F.);
#5234=ORIENTED_EDGE('',*,*,#4032,.F.);
#5235=ORIENTED_EDGE('',*,*,#4033,.F.);
#5236=ORIENTED_EDGE('',*,*,#4034,.F.);
#5237=ORIENTED_EDGE('',*,*,#4035,.F.);
#5238=ORIENTED_EDGE('',*,*,#4036,.F.);
#5239=ORIENTED_EDGE('',*,*,#4037,.F.);
#5240=ORIENTED_EDGE('',*,*,#4038,.T.);
#5241=ORIENTED_EDGE('',*,*,#4012,.F.);
#5242=ORIENTED_EDGE('',*,*,#4039,.F.);
#5243=ORIENTED_EDGE('',*,*,#4040,.F.);
#5244=ORIENTED_EDGE('',*,*,#4039,.T.);
#5245=ORIENTED_EDGE('',*,*,#4011,.F.);
#5246=ORIENTED_EDGE('',*,*,#4041,.F.);
#5247=ORIENTED_EDGE('',*,*,#4042,.F.);
#5248=ORIENTED_EDGE('',*,*,#4041,.T.);
#5249=ORIENTED_EDGE('',*,*,#4010,.F.);
#5250=ORIENTED_EDGE('',*,*,#4043,.F.);
#5251=ORIENTED_EDGE('',*,*,#4044,.F.);
#5252=ORIENTED_EDGE('',*,*,#4043,.T.);
#5253=ORIENTED_EDGE('',*,*,#4009,.F.);
#5254=ORIENTED_EDGE('',*,*,#4045,.F.);
#5255=ORIENTED_EDGE('',*,*,#4046,.F.);
#5256=ORIENTED_EDGE('',*,*,#4045,.T.);
#5257=ORIENTED_EDGE('',*,*,#4008,.F.);
#5258=ORIENTED_EDGE('',*,*,#4047,.F.);
#5259=ORIENTED_EDGE('',*,*,#4048,.F.);
#5260=ORIENTED_EDGE('',*,*,#4047,.T.);
#5261=ORIENTED_EDGE('',*,*,#4007,.F.);
#5262=ORIENTED_EDGE('',*,*,#4049,.F.);
#5263=ORIENTED_EDGE('',*,*,#4050,.F.);
#5264=ORIENTED_EDGE('',*,*,#4049,.T.);
#5265=ORIENTED_EDGE('',*,*,#4006,.F.);
#5266=ORIENTED_EDGE('',*,*,#4051,.F.);
#5267=ORIENTED_EDGE('',*,*,#4052,.F.);
#5268=ORIENTED_EDGE('',*,*,#4051,.T.);
#5269=ORIENTED_EDGE('',*,*,#4005,.F.);
#5270=ORIENTED_EDGE('',*,*,#4053,.F.);
#5271=ORIENTED_EDGE('',*,*,#4054,.F.);
#5272=ORIENTED_EDGE('',*,*,#4053,.T.);
#5273=ORIENTED_EDGE('',*,*,#4004,.F.);
#5274=ORIENTED_EDGE('',*,*,#4055,.F.);
#5275=ORIENTED_EDGE('',*,*,#4056,.F.);
#5276=ORIENTED_EDGE('',*,*,#4055,.T.);
#5277=ORIENTED_EDGE('',*,*,#4003,.F.);
#5278=ORIENTED_EDGE('',*,*,#4057,.F.);
#5279=ORIENTED_EDGE('',*,*,#4058,.F.);
#5280=ORIENTED_EDGE('',*,*,#4057,.T.);
#5281=ORIENTED_EDGE('',*,*,#4002,.F.);
#5282=ORIENTED_EDGE('',*,*,#4059,.F.);
#5283=ORIENTED_EDGE('',*,*,#4060,.F.);
#5284=ORIENTED_EDGE('',*,*,#4059,.T.);
#5285=ORIENTED_EDGE('',*,*,#4001,.F.);
#5286=ORIENTED_EDGE('',*,*,#4061,.F.);
#5287=ORIENTED_EDGE('',*,*,#4062,.F.);
#5288=ORIENTED_EDGE('',*,*,#4061,.T.);
#5289=ORIENTED_EDGE('',*,*,#4000,.F.);
#5290=ORIENTED_EDGE('',*,*,#4063,.F.);
#5291=ORIENTED_EDGE('',*,*,#4064,.F.);
#5292=ORIENTED_EDGE('',*,*,#4063,.T.);
#5293=ORIENTED_EDGE('',*,*,#3999,.F.);
#5294=ORIENTED_EDGE('',*,*,#4038,.F.);
#5295=ORIENTED_EDGE('',*,*,#4065,.F.);
#5296=ORIENTED_EDGE('',*,*,#4066,.T.);
#5297=ORIENTED_EDGE('',*,*,#3998,.F.);
#5298=ORIENTED_EDGE('',*,*,#4067,.F.);
#5299=ORIENTED_EDGE('',*,*,#4068,.F.);
#5300=ORIENTED_EDGE('',*,*,#4067,.T.);
#5301=ORIENTED_EDGE('',*,*,#3997,.F.);
#5302=ORIENTED_EDGE('',*,*,#4069,.F.);
#5303=ORIENTED_EDGE('',*,*,#4070,.F.);
#5304=ORIENTED_EDGE('',*,*,#4071,.F.);
#5305=ORIENTED_EDGE('',*,*,#3987,.F.);
#5306=ORIENTED_EDGE('',*,*,#4072,.F.);
#5307=ORIENTED_EDGE('',*,*,#4073,.F.);
#5308=ORIENTED_EDGE('',*,*,#4072,.T.);
#5309=ORIENTED_EDGE('',*,*,#3986,.F.);
#5310=ORIENTED_EDGE('',*,*,#4074,.F.);
#5311=ORIENTED_EDGE('',*,*,#4075,.F.);
#5312=ORIENTED_EDGE('',*,*,#4074,.T.);
#5313=ORIENTED_EDGE('',*,*,#3985,.F.);
#5314=ORIENTED_EDGE('',*,*,#4076,.F.);
#5315=ORIENTED_EDGE('',*,*,#4077,.F.);
#5316=ORIENTED_EDGE('',*,*,#4076,.T.);
#5317=ORIENTED_EDGE('',*,*,#3984,.F.);
#5318=ORIENTED_EDGE('',*,*,#4078,.F.);
#5319=ORIENTED_EDGE('',*,*,#4079,.F.);
#5320=ORIENTED_EDGE('',*,*,#4078,.T.);
#5321=ORIENTED_EDGE('',*,*,#3983,.F.);
#5322=ORIENTED_EDGE('',*,*,#4080,.F.);
#5323=ORIENTED_EDGE('',*,*,#4081,.F.);
#5324=ORIENTED_EDGE('',*,*,#4080,.T.);
#5325=ORIENTED_EDGE('',*,*,#3982,.F.);
#5326=ORIENTED_EDGE('',*,*,#4082,.F.);
#5327=ORIENTED_EDGE('',*,*,#4083,.F.);
#5328=ORIENTED_EDGE('',*,*,#4082,.T.);
#5329=ORIENTED_EDGE('',*,*,#3981,.F.);
#5330=ORIENTED_EDGE('',*,*,#4084,.F.);
#5331=ORIENTED_EDGE('',*,*,#4085,.F.);
#5332=ORIENTED_EDGE('',*,*,#4084,.T.);
#5333=ORIENTED_EDGE('',*,*,#3980,.F.);
#5334=ORIENTED_EDGE('',*,*,#4086,.F.);
#5335=ORIENTED_EDGE('',*,*,#4087,.F.);
#5336=ORIENTED_EDGE('',*,*,#4086,.T.);
#5337=ORIENTED_EDGE('',*,*,#3979,.F.);
#5338=ORIENTED_EDGE('',*,*,#4088,.F.);
#5339=ORIENTED_EDGE('',*,*,#4089,.F.);
#5340=ORIENTED_EDGE('',*,*,#4088,.T.);
#5341=ORIENTED_EDGE('',*,*,#3978,.F.);
#5342=ORIENTED_EDGE('',*,*,#4090,.F.);
#5343=ORIENTED_EDGE('',*,*,#4091,.F.);
#5344=ORIENTED_EDGE('',*,*,#4090,.T.);
#5345=ORIENTED_EDGE('',*,*,#3977,.F.);
#5346=ORIENTED_EDGE('',*,*,#4066,.F.);
#5347=ORIENTED_EDGE('',*,*,#3995,.T.);
#5348=ORIENTED_EDGE('',*,*,#4092,.T.);
#5349=ORIENTED_EDGE('',*,*,#4093,.F.);
#5350=ORIENTED_EDGE('',*,*,#4094,.T.);
#5351=ORIENTED_EDGE('',*,*,#3994,.T.);
#5352=ORIENTED_EDGE('',*,*,#4095,.F.);
#5353=ORIENTED_EDGE('',*,*,#4096,.F.);
#5354=ORIENTED_EDGE('',*,*,#4092,.F.);
#5355=ORIENTED_EDGE('',*,*,#4097,.F.);
#5356=ORIENTED_EDGE('',*,*,#4098,.F.);
#5357=ORIENTED_EDGE('',*,*,#4099,.T.);
#5358=ORIENTED_EDGE('',*,*,#4100,.T.);
#5359=ORIENTED_EDGE('',*,*,#4101,.T.);
#5360=ORIENTED_EDGE('',*,*,#4102,.F.);
#5361=ORIENTED_EDGE('',*,*,#4103,.T.);
#5362=ORIENTED_EDGE('',*,*,#4104,.T.);
#5363=ORIENTED_EDGE('',*,*,#4105,.T.);
#5364=ORIENTED_EDGE('',*,*,#4106,.T.);
#5365=ORIENTED_EDGE('',*,*,#4107,.T.);
#5366=ORIENTED_EDGE('',*,*,#4108,.T.);
#5367=ORIENTED_EDGE('',*,*,#4109,.T.);
#5368=ORIENTED_EDGE('',*,*,#4110,.T.);
#5369=ORIENTED_EDGE('',*,*,#4111,.T.);
#5370=ORIENTED_EDGE('',*,*,#4112,.T.);
#5371=ORIENTED_EDGE('',*,*,#4113,.T.);
#5372=ORIENTED_EDGE('',*,*,#4114,.T.);
#5373=ORIENTED_EDGE('',*,*,#4115,.T.);
#5374=ORIENTED_EDGE('',*,*,#4116,.T.);
#5375=ORIENTED_EDGE('',*,*,#4117,.T.);
#5376=ORIENTED_EDGE('',*,*,#4118,.T.);
#5377=ORIENTED_EDGE('',*,*,#4119,.T.);
#5378=ORIENTED_EDGE('',*,*,#4120,.T.);
#5379=ORIENTED_EDGE('',*,*,#4121,.T.);
#5380=ORIENTED_EDGE('',*,*,#4122,.T.);
#5381=ORIENTED_EDGE('',*,*,#4123,.T.);
#5382=ORIENTED_EDGE('',*,*,#4124,.T.);
#5383=ORIENTED_EDGE('',*,*,#4125,.T.);
#5384=ORIENTED_EDGE('',*,*,#4126,.T.);
#5385=ORIENTED_EDGE('',*,*,#3993,.T.);
#5386=ORIENTED_EDGE('',*,*,#4127,.T.);
#5387=ORIENTED_EDGE('',*,*,#4128,.F.);
#5388=ORIENTED_EDGE('',*,*,#4095,.T.);
#5389=ORIENTED_EDGE('',*,*,#3992,.T.);
#5390=ORIENTED_EDGE('',*,*,#4129,.F.);
#5391=ORIENTED_EDGE('',*,*,#4130,.F.);
#5392=ORIENTED_EDGE('',*,*,#4131,.F.);
#5393=ORIENTED_EDGE('',*,*,#4132,.F.);
#5394=ORIENTED_EDGE('',*,*,#4133,.F.);
#5395=ORIENTED_EDGE('',*,*,#4134,.F.);
#5396=ORIENTED_EDGE('',*,*,#4135,.F.);
#5397=ORIENTED_EDGE('',*,*,#4136,.F.);
#5398=ORIENTED_EDGE('',*,*,#4137,.F.);
#5399=ORIENTED_EDGE('',*,*,#4138,.F.);
#5400=ORIENTED_EDGE('',*,*,#4127,.F.);
#5401=ORIENTED_EDGE('',*,*,#3991,.T.);
#5402=ORIENTED_EDGE('',*,*,#4139,.T.);
#5403=ORIENTED_EDGE('',*,*,#4140,.F.);
#5404=ORIENTED_EDGE('',*,*,#4129,.T.);
#5405=ORIENTED_EDGE('',*,*,#3990,.T.);
#5406=ORIENTED_EDGE('',*,*,#4141,.F.);
#5407=ORIENTED_EDGE('',*,*,#4142,.F.);
#5408=ORIENTED_EDGE('',*,*,#4139,.F.);
#5409=ORIENTED_EDGE('',*,*,#3989,.T.);
#5410=ORIENTED_EDGE('',*,*,#4143,.T.);
#5411=ORIENTED_EDGE('',*,*,#4144,.F.);
#5412=ORIENTED_EDGE('',*,*,#4141,.T.);
#5413=ORIENTED_EDGE('',*,*,#4069,.T.);
#5414=ORIENTED_EDGE('',*,*,#3996,.T.);
#5415=ORIENTED_EDGE('',*,*,#4094,.F.);
#5416=ORIENTED_EDGE('',*,*,#4145,.F.);
#5417=ORIENTED_EDGE('',*,*,#4146,.F.);
#5418=ORIENTED_EDGE('',*,*,#4147,.F.);
#5419=ORIENTED_EDGE('',*,*,#4148,.F.);
#5420=ORIENTED_EDGE('',*,*,#4149,.F.);
#5421=ORIENTED_EDGE('',*,*,#4150,.F.);
#5422=ORIENTED_EDGE('',*,*,#4151,.F.);
#5423=ORIENTED_EDGE('',*,*,#4152,.F.);
#5424=ORIENTED_EDGE('',*,*,#4153,.F.);
#5425=ORIENTED_EDGE('',*,*,#4143,.F.);
#5426=ORIENTED_EDGE('',*,*,#3988,.T.);
#5427=ORIENTED_EDGE('',*,*,#4071,.T.);
#5428=ORIENTED_EDGE('',*,*,#4154,.F.);
#5429=ORIENTED_EDGE('',*,*,#4155,.F.);
#5430=ORIENTED_EDGE('',*,*,#4156,.F.);
#5431=ORIENTED_EDGE('',*,*,#4033,.T.);
#5432=ORIENTED_EDGE('',*,*,#4157,.T.);
#5433=ORIENTED_EDGE('',*,*,#4158,.T.);
#5434=ORIENTED_EDGE('',*,*,#4159,.T.);
#5435=ORIENTED_EDGE('',*,*,#4032,.T.);
#5436=ORIENTED_EDGE('',*,*,#4160,.F.);
#5437=ORIENTED_EDGE('',*,*,#4161,.F.);
#5438=ORIENTED_EDGE('',*,*,#4157,.F.);
#5439=ORIENTED_EDGE('',*,*,#4031,.T.);
#5440=ORIENTED_EDGE('',*,*,#4162,.T.);
#5441=ORIENTED_EDGE('',*,*,#4163,.F.);
#5442=ORIENTED_EDGE('',*,*,#4160,.T.);
#5443=ORIENTED_EDGE('',*,*,#4030,.T.);
#5444=ORIENTED_EDGE('',*,*,#4164,.F.);
#5445=ORIENTED_EDGE('',*,*,#4165,.F.);
#5446=ORIENTED_EDGE('',*,*,#4166,.F.);
#5447=ORIENTED_EDGE('',*,*,#4167,.F.);
#5448=ORIENTED_EDGE('',*,*,#4162,.F.);
#5449=ORIENTED_EDGE('',*,*,#4025,.T.);
#5450=ORIENTED_EDGE('',*,*,#4168,.T.);
#5451=ORIENTED_EDGE('',*,*,#4169,.F.);
#5452=ORIENTED_EDGE('',*,*,#4170,.T.);
#5453=ORIENTED_EDGE('',*,*,#4024,.T.);
#5454=ORIENTED_EDGE('',*,*,#4171,.F.);
#5455=ORIENTED_EDGE('',*,*,#4172,.F.);
#5456=ORIENTED_EDGE('',*,*,#4173,.F.);
#5457=ORIENTED_EDGE('',*,*,#4174,.F.);
#5458=ORIENTED_EDGE('',*,*,#4168,.F.);
#5459=ORIENTED_EDGE('',*,*,#4023,.T.);
#5460=ORIENTED_EDGE('',*,*,#4175,.T.);
#5461=ORIENTED_EDGE('',*,*,#4176,.T.);
#5462=ORIENTED_EDGE('',*,*,#4171,.T.);
#5463=ORIENTED_EDGE('',*,*,#4022,.T.);
#5464=ORIENTED_EDGE('',*,*,#4177,.F.);
#5465=ORIENTED_EDGE('',*,*,#4178,.F.);
#5466=ORIENTED_EDGE('',*,*,#4175,.F.);
#5467=ORIENTED_EDGE('',*,*,#4017,.T.);
#5468=ORIENTED_EDGE('',*,*,#4179,.T.);
#5469=ORIENTED_EDGE('',*,*,#4180,.F.);
#5470=ORIENTED_EDGE('',*,*,#4181,.T.);
#5471=ORIENTED_EDGE('',*,*,#4016,.T.);
#5472=ORIENTED_EDGE('',*,*,#4182,.F.);
#5473=ORIENTED_EDGE('',*,*,#4183,.F.);
#5474=ORIENTED_EDGE('',*,*,#4184,.F.);
#5475=ORIENTED_EDGE('',*,*,#4185,.F.);
#5476=ORIENTED_EDGE('',*,*,#4179,.F.);
#5477=ORIENTED_EDGE('',*,*,#4015,.T.);
#5478=ORIENTED_EDGE('',*,*,#4186,.T.);
#5479=ORIENTED_EDGE('',*,*,#4187,.T.);
#5480=ORIENTED_EDGE('',*,*,#4182,.T.);
#5481=ORIENTED_EDGE('',*,*,#4014,.T.);
#5482=ORIENTED_EDGE('',*,*,#4188,.F.);
#5483=ORIENTED_EDGE('',*,*,#4189,.F.);
#5484=ORIENTED_EDGE('',*,*,#4186,.F.);
#5485=ORIENTED_EDGE('',*,*,#4034,.T.);
#5486=ORIENTED_EDGE('',*,*,#4159,.F.);
#5487=ORIENTED_EDGE('',*,*,#4190,.F.);
#5488=ORIENTED_EDGE('',*,*,#4191,.F.);
#5489=ORIENTED_EDGE('',*,*,#4192,.F.);
#5490=ORIENTED_EDGE('',*,*,#4193,.F.);
#5491=ORIENTED_EDGE('',*,*,#4029,.T.);
#5492=ORIENTED_EDGE('',*,*,#4194,.T.);
#5493=ORIENTED_EDGE('',*,*,#4195,.T.);
#5494=ORIENTED_EDGE('',*,*,#4164,.T.);
#5495=ORIENTED_EDGE('',*,*,#4196,.T.);
#5496=ORIENTED_EDGE('',*,*,#4165,.T.);
#5497=ORIENTED_EDGE('',*,*,#4195,.F.);
#5498=ORIENTED_EDGE('',*,*,#4197,.T.);
#5499=ORIENTED_EDGE('',*,*,#4198,.T.);
#5500=ORIENTED_EDGE('',*,*,#4166,.T.);
#5501=ORIENTED_EDGE('',*,*,#4196,.F.);
#5502=ORIENTED_EDGE('',*,*,#4199,.T.);
#5503=ORIENTED_EDGE('',*,*,#4163,.T.);
#5504=ORIENTED_EDGE('',*,*,#4167,.T.);
#5505=ORIENTED_EDGE('',*,*,#4198,.F.);
#5506=ORIENTED_EDGE('',*,*,#4200,.T.);
#5507=ORIENTED_EDGE('',*,*,#4200,.F.);
#5508=ORIENTED_EDGE('',*,*,#4201,.T.);
#5509=ORIENTED_EDGE('',*,*,#4202,.F.);
#5510=ORIENTED_EDGE('',*,*,#4161,.T.);
#5511=ORIENTED_EDGE('',*,*,#4199,.F.);
#5512=ORIENTED_EDGE('',*,*,#4203,.F.);
#5513=ORIENTED_EDGE('',*,*,#4204,.F.);
#5514=ORIENTED_EDGE('',*,*,#4201,.F.);
#5515=ORIENTED_EDGE('',*,*,#4197,.F.);
#5516=ORIENTED_EDGE('',*,*,#4205,.T.);
#5517=ORIENTED_EDGE('',*,*,#4206,.F.);
#5518=ORIENTED_EDGE('',*,*,#4203,.T.);
#5519=ORIENTED_EDGE('',*,*,#4036,.T.);
#5520=ORIENTED_EDGE('',*,*,#4207,.F.);
#5521=ORIENTED_EDGE('',*,*,#4205,.F.);
#5522=ORIENTED_EDGE('',*,*,#4194,.F.);
#5523=ORIENTED_EDGE('',*,*,#4208,.T.);
#5524=ORIENTED_EDGE('',*,*,#4190,.T.);
#5525=ORIENTED_EDGE('',*,*,#4158,.F.);
#5526=ORIENTED_EDGE('',*,*,#4202,.T.);
#5527=ORIENTED_EDGE('',*,*,#4209,.T.);
#5528=ORIENTED_EDGE('',*,*,#4191,.T.);
#5529=ORIENTED_EDGE('',*,*,#4208,.F.);
#5530=ORIENTED_EDGE('',*,*,#4204,.T.);
#5531=ORIENTED_EDGE('',*,*,#4210,.T.);
#5532=ORIENTED_EDGE('',*,*,#4192,.T.);
#5533=ORIENTED_EDGE('',*,*,#4209,.F.);
#5534=ORIENTED_EDGE('',*,*,#4206,.T.);
#5535=ORIENTED_EDGE('',*,*,#4035,.T.);
#5536=ORIENTED_EDGE('',*,*,#4193,.T.);
#5537=ORIENTED_EDGE('',*,*,#4210,.F.);
#5538=ORIENTED_EDGE('',*,*,#4207,.T.);
#5539=ORIENTED_EDGE('',*,*,#4027,.T.);
#5540=ORIENTED_EDGE('',*,*,#4211,.T.);
#5541=ORIENTED_EDGE('',*,*,#4212,.T.);
#5542=ORIENTED_EDGE('',*,*,#4213,.T.);
#5543=ORIENTED_EDGE('',*,*,#4214,.T.);
#5544=ORIENTED_EDGE('',*,*,#4215,.T.);
#5545=ORIENTED_EDGE('',*,*,#4212,.F.);
#5546=ORIENTED_EDGE('',*,*,#4216,.T.);
#5547=ORIENTED_EDGE('',*,*,#4217,.T.);
#5548=ORIENTED_EDGE('',*,*,#4218,.T.);
#5549=ORIENTED_EDGE('',*,*,#4214,.F.);
#5550=ORIENTED_EDGE('',*,*,#4219,.T.);
#5551=ORIENTED_EDGE('',*,*,#4220,.T.);
#5552=ORIENTED_EDGE('',*,*,#4221,.T.);
#5553=ORIENTED_EDGE('',*,*,#4217,.F.);
#5554=ORIENTED_EDGE('',*,*,#4222,.T.);
#5555=ORIENTED_EDGE('',*,*,#4021,.T.);
#5556=ORIENTED_EDGE('',*,*,#4223,.T.);
#5557=ORIENTED_EDGE('',*,*,#4220,.F.);
#5558=ORIENTED_EDGE('',*,*,#4177,.T.);
#5559=ORIENTED_EDGE('',*,*,#4222,.F.);
#5560=ORIENTED_EDGE('',*,*,#4224,.T.);
#5561=ORIENTED_EDGE('',*,*,#4225,.F.);
#5562=ORIENTED_EDGE('',*,*,#4178,.T.);
#5563=ORIENTED_EDGE('',*,*,#4219,.F.);
#5564=ORIENTED_EDGE('',*,*,#4226,.F.);
#5565=ORIENTED_EDGE('',*,*,#4227,.F.);
#5566=ORIENTED_EDGE('',*,*,#4224,.F.);
#5567=ORIENTED_EDGE('',*,*,#4216,.F.);
#5568=ORIENTED_EDGE('',*,*,#4228,.T.);
#5569=ORIENTED_EDGE('',*,*,#4229,.F.);
#5570=ORIENTED_EDGE('',*,*,#4226,.T.);
#5571=ORIENTED_EDGE('',*,*,#4026,.T.);
#5572=ORIENTED_EDGE('',*,*,#4170,.F.);
#5573=ORIENTED_EDGE('',*,*,#4228,.F.);
#5574=ORIENTED_EDGE('',*,*,#4211,.F.);
#5575=ORIENTED_EDGE('',*,*,#4230,.T.);
#5576=ORIENTED_EDGE('',*,*,#4172,.T.);
#5577=ORIENTED_EDGE('',*,*,#4176,.F.);
#5578=ORIENTED_EDGE('',*,*,#4225,.T.);
#5579=ORIENTED_EDGE('',*,*,#4231,.T.);
#5580=ORIENTED_EDGE('',*,*,#4173,.T.);
#5581=ORIENTED_EDGE('',*,*,#4230,.F.);
#5582=ORIENTED_EDGE('',*,*,#4227,.T.);
#5583=ORIENTED_EDGE('',*,*,#4169,.T.);
#5584=ORIENTED_EDGE('',*,*,#4174,.T.);
#5585=ORIENTED_EDGE('',*,*,#4231,.F.);
#5586=ORIENTED_EDGE('',*,*,#4229,.T.);
#5587=ORIENTED_EDGE('',*,*,#4028,.T.);
#5588=ORIENTED_EDGE('',*,*,#4213,.F.);
#5589=ORIENTED_EDGE('',*,*,#4215,.F.);
#5590=ORIENTED_EDGE('',*,*,#4218,.F.);
#5591=ORIENTED_EDGE('',*,*,#4221,.F.);
#5592=ORIENTED_EDGE('',*,*,#4223,.F.);
#5593=ORIENTED_EDGE('',*,*,#4019,.T.);
#5594=ORIENTED_EDGE('',*,*,#4232,.T.);
#5595=ORIENTED_EDGE('',*,*,#4233,.T.);
#5596=ORIENTED_EDGE('',*,*,#4234,.T.);
#5597=ORIENTED_EDGE('',*,*,#4235,.T.);
#5598=ORIENTED_EDGE('',*,*,#4236,.T.);
#5599=ORIENTED_EDGE('',*,*,#4233,.F.);
#5600=ORIENTED_EDGE('',*,*,#4237,.T.);
#5601=ORIENTED_EDGE('',*,*,#4238,.T.);
#5602=ORIENTED_EDGE('',*,*,#4239,.T.);
#5603=ORIENTED_EDGE('',*,*,#4235,.F.);
#5604=ORIENTED_EDGE('',*,*,#4240,.T.);
#5605=ORIENTED_EDGE('',*,*,#4241,.T.);
#5606=ORIENTED_EDGE('',*,*,#4242,.T.);
#5607=ORIENTED_EDGE('',*,*,#4238,.F.);
#5608=ORIENTED_EDGE('',*,*,#4243,.T.);
#5609=ORIENTED_EDGE('',*,*,#4013,.T.);
#5610=ORIENTED_EDGE('',*,*,#4244,.T.);
#5611=ORIENTED_EDGE('',*,*,#4241,.F.);
#5612=ORIENTED_EDGE('',*,*,#4188,.T.);
#5613=ORIENTED_EDGE('',*,*,#4243,.F.);
#5614=ORIENTED_EDGE('',*,*,#4245,.T.);
#5615=ORIENTED_EDGE('',*,*,#4246,.F.);
#5616=ORIENTED_EDGE('',*,*,#4189,.T.);
#5617=ORIENTED_EDGE('',*,*,#4240,.F.);
#5618=ORIENTED_EDGE('',*,*,#4247,.F.);
#5619=ORIENTED_EDGE('',*,*,#4248,.F.);
#5620=ORIENTED_EDGE('',*,*,#4245,.F.);
#5621=ORIENTED_EDGE('',*,*,#4237,.F.);
#5622=ORIENTED_EDGE('',*,*,#4249,.T.);
#5623=ORIENTED_EDGE('',*,*,#4250,.F.);
#5624=ORIENTED_EDGE('',*,*,#4247,.T.);
#5625=ORIENTED_EDGE('',*,*,#4018,.T.);
#5626=ORIENTED_EDGE('',*,*,#4181,.F.);
#5627=ORIENTED_EDGE('',*,*,#4249,.F.);
#5628=ORIENTED_EDGE('',*,*,#4232,.F.);
#5629=ORIENTED_EDGE('',*,*,#4251,.T.);
#5630=ORIENTED_EDGE('',*,*,#4183,.T.);
#5631=ORIENTED_EDGE('',*,*,#4187,.F.);
#5632=ORIENTED_EDGE('',*,*,#4246,.T.);
#5633=ORIENTED_EDGE('',*,*,#4252,.T.);
#5634=ORIENTED_EDGE('',*,*,#4184,.T.);
#5635=ORIENTED_EDGE('',*,*,#4251,.F.);
#5636=ORIENTED_EDGE('',*,*,#4248,.T.);
#5637=ORIENTED_EDGE('',*,*,#4180,.T.);
#5638=ORIENTED_EDGE('',*,*,#4185,.T.);
#5639=ORIENTED_EDGE('',*,*,#4252,.F.);
#5640=ORIENTED_EDGE('',*,*,#4250,.T.);
#5641=ORIENTED_EDGE('',*,*,#4020,.T.);
#5642=ORIENTED_EDGE('',*,*,#4234,.F.);
#5643=ORIENTED_EDGE('',*,*,#4236,.F.);
#5644=ORIENTED_EDGE('',*,*,#4239,.F.);
#5645=ORIENTED_EDGE('',*,*,#4242,.F.);
#5646=ORIENTED_EDGE('',*,*,#4244,.F.);
#5647=ORIENTED_EDGE('',*,*,#4253,.F.);
#5648=ORIENTED_EDGE('',*,*,#4254,.T.);
#5649=ORIENTED_EDGE('',*,*,#4255,.F.);
#5650=ORIENTED_EDGE('',*,*,#4254,.F.);
#5651=ORIENTED_EDGE('',*,*,#4256,.T.);
#5652=ORIENTED_EDGE('',*,*,#4257,.T.);
#5653=ORIENTED_EDGE('',*,*,#4258,.T.);
#5654=ORIENTED_EDGE('',*,*,#4259,.T.);
#5655=ORIENTED_EDGE('',*,*,#4257,.F.);
#5656=ORIENTED_EDGE('',*,*,#4260,.T.);
#5657=ORIENTED_EDGE('',*,*,#4112,.F.);
#5658=ORIENTED_EDGE('',*,*,#4261,.F.);
#5659=ORIENTED_EDGE('',*,*,#4262,.T.);
#5660=ORIENTED_EDGE('',*,*,#4263,.T.);
#5661=ORIENTED_EDGE('',*,*,#4264,.T.);
#5662=ORIENTED_EDGE('',*,*,#4265,.T.);
#5663=ORIENTED_EDGE('',*,*,#4266,.T.);
#5664=ORIENTED_EDGE('',*,*,#4267,.T.);
#5665=ORIENTED_EDGE('',*,*,#4266,.F.);
#5666=ORIENTED_EDGE('',*,*,#4268,.T.);
#5667=ORIENTED_EDGE('',*,*,#4258,.F.);
#5668=ORIENTED_EDGE('',*,*,#4269,.T.);
#5669=ORIENTED_EDGE('',*,*,#4265,.F.);
#5670=ORIENTED_EDGE('',*,*,#4270,.T.);
#5671=ORIENTED_EDGE('',*,*,#4271,.T.);
#5672=ORIENTED_EDGE('',*,*,#4272,.T.);
#5673=ORIENTED_EDGE('',*,*,#4273,.T.);
#5674=ORIENTED_EDGE('',*,*,#4274,.T.);
#5675=ORIENTED_EDGE('',*,*,#4271,.F.);
#5676=ORIENTED_EDGE('',*,*,#4275,.T.);
#5677=ORIENTED_EDGE('',*,*,#4276,.T.);
#5678=ORIENTED_EDGE('',*,*,#4277,.T.);
#5679=ORIENTED_EDGE('',*,*,#4273,.F.);
#5680=ORIENTED_EDGE('',*,*,#4278,.T.);
#5681=ORIENTED_EDGE('',*,*,#4279,.T.);
#5682=ORIENTED_EDGE('',*,*,#4280,.T.);
#5683=ORIENTED_EDGE('',*,*,#4276,.F.);
#5684=ORIENTED_EDGE('',*,*,#4281,.T.);
#5685=ORIENTED_EDGE('',*,*,#4263,.F.);
#5686=ORIENTED_EDGE('',*,*,#4282,.T.);
#5687=ORIENTED_EDGE('',*,*,#4279,.F.);
#5688=ORIENTED_EDGE('',*,*,#4283,.T.);
#5689=ORIENTED_EDGE('',*,*,#4262,.F.);
#5690=ORIENTED_EDGE('',*,*,#4284,.T.);
#5691=ORIENTED_EDGE('',*,*,#4285,.T.);
#5692=ORIENTED_EDGE('',*,*,#4286,.T.);
#5693=ORIENTED_EDGE('',*,*,#4287,.F.);
#5694=ORIENTED_EDGE('',*,*,#4288,.F.);
#5695=ORIENTED_EDGE('',*,*,#4289,.F.);
#5696=ORIENTED_EDGE('',*,*,#4290,.F.);
#5697=ORIENTED_EDGE('',*,*,#4291,.F.);
#5698=ORIENTED_EDGE('',*,*,#4292,.F.);
#5699=ORIENTED_EDGE('',*,*,#4293,.F.);
#5700=ORIENTED_EDGE('',*,*,#4294,.F.);
#5701=ORIENTED_EDGE('',*,*,#4295,.F.);
#5702=ORIENTED_EDGE('',*,*,#4296,.F.);
#5703=ORIENTED_EDGE('',*,*,#4268,.F.);
#5704=ORIENTED_EDGE('',*,*,#4272,.F.);
#5705=ORIENTED_EDGE('',*,*,#4274,.F.);
#5706=ORIENTED_EDGE('',*,*,#4277,.F.);
#5707=ORIENTED_EDGE('',*,*,#4280,.F.);
#5708=ORIENTED_EDGE('',*,*,#4282,.F.);
#5709=ORIENTED_EDGE('',*,*,#4286,.F.);
#5710=ORIENTED_EDGE('',*,*,#4297,.F.);
#5711=ORIENTED_EDGE('',*,*,#4298,.F.);
#5712=ORIENTED_EDGE('',*,*,#4299,.F.);
#5713=ORIENTED_EDGE('',*,*,#4300,.F.);
#5714=ORIENTED_EDGE('',*,*,#4301,.F.);
#5715=ORIENTED_EDGE('',*,*,#4302,.F.);
#5716=ORIENTED_EDGE('',*,*,#4303,.F.);
#5717=ORIENTED_EDGE('',*,*,#4304,.F.);
#5718=ORIENTED_EDGE('',*,*,#4259,.F.);
#5719=ORIENTED_EDGE('',*,*,#4305,.F.);
#5720=ORIENTED_EDGE('',*,*,#4306,.F.);
#5721=ORIENTED_EDGE('',*,*,#4307,.F.);
#5722=ORIENTED_EDGE('',*,*,#4308,.F.);
#5723=ORIENTED_EDGE('',*,*,#4309,.F.);
#5724=ORIENTED_EDGE('',*,*,#4310,.F.);
#5725=ORIENTED_EDGE('',*,*,#4311,.F.);
#5726=ORIENTED_EDGE('',*,*,#4312,.F.);
#5727=ORIENTED_EDGE('',*,*,#4313,.F.);
#5728=ORIENTED_EDGE('',*,*,#4314,.F.);
#5729=ORIENTED_EDGE('',*,*,#4315,.F.);
#5730=ORIENTED_EDGE('',*,*,#4316,.F.);
#5731=ORIENTED_EDGE('',*,*,#4317,.F.);
#5732=ORIENTED_EDGE('',*,*,#4318,.F.);
#5733=ORIENTED_EDGE('',*,*,#4319,.F.);
#5734=ORIENTED_EDGE('',*,*,#4320,.F.);
#5735=ORIENTED_EDGE('',*,*,#4321,.F.);
#5736=ORIENTED_EDGE('',*,*,#4322,.F.);
#5737=ORIENTED_EDGE('',*,*,#4323,.F.);
#5738=ORIENTED_EDGE('',*,*,#4324,.F.);
#5739=ORIENTED_EDGE('',*,*,#4325,.F.);
#5740=ORIENTED_EDGE('',*,*,#4326,.F.);
#5741=ORIENTED_EDGE('',*,*,#4327,.F.);
#5742=ORIENTED_EDGE('',*,*,#4328,.F.);
#5743=ORIENTED_EDGE('',*,*,#4329,.F.);
#5744=ORIENTED_EDGE('',*,*,#4330,.F.);
#5745=ORIENTED_EDGE('',*,*,#4331,.F.);
#5746=ORIENTED_EDGE('',*,*,#4332,.F.);
#5747=ORIENTED_EDGE('',*,*,#4333,.F.);
#5748=ORIENTED_EDGE('',*,*,#4334,.F.);
#5749=ORIENTED_EDGE('',*,*,#4335,.F.);
#5750=ORIENTED_EDGE('',*,*,#4336,.F.);
#5751=ORIENTED_EDGE('',*,*,#4337,.F.);
#5752=ORIENTED_EDGE('',*,*,#4338,.F.);
#5753=ORIENTED_EDGE('',*,*,#4339,.F.);
#5754=ORIENTED_EDGE('',*,*,#4340,.F.);
#5755=ORIENTED_EDGE('',*,*,#4341,.T.);
#5756=ORIENTED_EDGE('',*,*,#4342,.T.);
#5757=ORIENTED_EDGE('',*,*,#4297,.T.);
#5758=ORIENTED_EDGE('',*,*,#4285,.F.);
#5759=ORIENTED_EDGE('',*,*,#4341,.F.);
#5760=ORIENTED_EDGE('',*,*,#4343,.T.);
#5761=ORIENTED_EDGE('',*,*,#4116,.F.);
#5762=ORIENTED_EDGE('',*,*,#4344,.F.);
#5763=ORIENTED_EDGE('',*,*,#4345,.T.);
#5764=ORIENTED_EDGE('',*,*,#4346,.T.);
#5765=ORIENTED_EDGE('',*,*,#4347,.T.);
#5766=ORIENTED_EDGE('',*,*,#4348,.T.);
#5767=ORIENTED_EDGE('',*,*,#4349,.T.);
#5768=ORIENTED_EDGE('',*,*,#4350,.T.);
#5769=ORIENTED_EDGE('',*,*,#4349,.F.);
#5770=ORIENTED_EDGE('',*,*,#4298,.T.);
#5771=ORIENTED_EDGE('',*,*,#4342,.F.);
#5772=ORIENTED_EDGE('',*,*,#4351,.T.);
#5773=ORIENTED_EDGE('',*,*,#4348,.F.);
#5774=ORIENTED_EDGE('',*,*,#4352,.T.);
#5775=ORIENTED_EDGE('',*,*,#4353,.T.);
#5776=ORIENTED_EDGE('',*,*,#4299,.T.);
#5777=ORIENTED_EDGE('',*,*,#4354,.T.);
#5778=ORIENTED_EDGE('',*,*,#4300,.T.);
#5779=ORIENTED_EDGE('',*,*,#4353,.F.);
#5780=ORIENTED_EDGE('',*,*,#4355,.T.);
#5781=ORIENTED_EDGE('',*,*,#4356,.T.);
#5782=ORIENTED_EDGE('',*,*,#4301,.T.);
#5783=ORIENTED_EDGE('',*,*,#4354,.F.);
#5784=ORIENTED_EDGE('',*,*,#4357,.T.);
#5785=ORIENTED_EDGE('',*,*,#4358,.T.);
#5786=ORIENTED_EDGE('',*,*,#4302,.T.);
#5787=ORIENTED_EDGE('',*,*,#4356,.F.);
#5788=ORIENTED_EDGE('',*,*,#4359,.T.);
#5789=ORIENTED_EDGE('',*,*,#4346,.F.);
#5790=ORIENTED_EDGE('',*,*,#4303,.T.);
#5791=ORIENTED_EDGE('',*,*,#4358,.F.);
#5792=ORIENTED_EDGE('',*,*,#4360,.T.);
#5793=ORIENTED_EDGE('',*,*,#4345,.F.);
#5794=ORIENTED_EDGE('',*,*,#4361,.T.);
#5795=ORIENTED_EDGE('',*,*,#4256,.F.);
#5796=ORIENTED_EDGE('',*,*,#4304,.T.);
#5797=ORIENTED_EDGE('',*,*,#4351,.F.);
#5798=ORIENTED_EDGE('',*,*,#4344,.T.);
#5799=ORIENTED_EDGE('',*,*,#4115,.F.);
#5800=ORIENTED_EDGE('',*,*,#4362,.F.);
#5801=ORIENTED_EDGE('',*,*,#4363,.T.);
#5802=ORIENTED_EDGE('',*,*,#4364,.F.);
#5803=ORIENTED_EDGE('',*,*,#4355,.F.);
#5804=ORIENTED_EDGE('',*,*,#4365,.T.);
#5805=ORIENTED_EDGE('',*,*,#4366,.F.);
#5806=ORIENTED_EDGE('',*,*,#4367,.T.);
#5807=ORIENTED_EDGE('',*,*,#4357,.F.);
#5808=ORIENTED_EDGE('',*,*,#4367,.F.);
#5809=ORIENTED_EDGE('',*,*,#4368,.T.);
#5810=ORIENTED_EDGE('',*,*,#4369,.F.);
#5811=ORIENTED_EDGE('',*,*,#4281,.F.);
#5812=ORIENTED_EDGE('',*,*,#4370,.T.);
#5813=ORIENTED_EDGE('',*,*,#4371,.F.);
#5814=ORIENTED_EDGE('',*,*,#4372,.T.);
#5815=ORIENTED_EDGE('',*,*,#4278,.F.);
#5816=ORIENTED_EDGE('',*,*,#4373,.F.);
#5817=ORIENTED_EDGE('',*,*,#4374,.T.);
#5818=ORIENTED_EDGE('',*,*,#4370,.F.);
#5819=ORIENTED_EDGE('',*,*,#4264,.F.);
#5820=ORIENTED_EDGE('',*,*,#4375,.T.);
#5821=ORIENTED_EDGE('',*,*,#4376,.T.);
#5822=ORIENTED_EDGE('',*,*,#4377,.T.);
#5823=ORIENTED_EDGE('',*,*,#4283,.F.);
#5824=ORIENTED_EDGE('',*,*,#4372,.F.);
#5825=ORIENTED_EDGE('',*,*,#4378,.T.);
#5826=ORIENTED_EDGE('',*,*,#4375,.F.);
#5827=ORIENTED_EDGE('',*,*,#4275,.F.);
#5828=ORIENTED_EDGE('',*,*,#4379,.T.);
#5829=ORIENTED_EDGE('',*,*,#4380,.F.);
#5830=ORIENTED_EDGE('',*,*,#4373,.T.);
#5831=ORIENTED_EDGE('',*,*,#4366,.T.);
#5832=ORIENTED_EDGE('',*,*,#4381,.F.);
#5833=ORIENTED_EDGE('',*,*,#4382,.F.);
#5834=ORIENTED_EDGE('',*,*,#4363,.F.);
#5835=ORIENTED_EDGE('',*,*,#4383,.F.);
#5836=ORIENTED_EDGE('',*,*,#4384,.F.);
#5837=ORIENTED_EDGE('',*,*,#4376,.F.);
#5838=ORIENTED_EDGE('',*,*,#4378,.F.);
#5839=ORIENTED_EDGE('',*,*,#4371,.T.);
#5840=ORIENTED_EDGE('',*,*,#4374,.F.);
#5841=ORIENTED_EDGE('',*,*,#4380,.T.);
#5842=ORIENTED_EDGE('',*,*,#4385,.F.);
#5843=ORIENTED_EDGE('',*,*,#4386,.F.);
#5844=ORIENTED_EDGE('',*,*,#4387,.T.);
#5845=ORIENTED_EDGE('',*,*,#4388,.F.);
#5846=ORIENTED_EDGE('',*,*,#4389,.T.);
#5847=ORIENTED_EDGE('',*,*,#4390,.T.);
#5848=ORIENTED_EDGE('',*,*,#4391,.F.);
#5849=ORIENTED_EDGE('',*,*,#4392,.T.);
#5850=ORIENTED_EDGE('',*,*,#4368,.F.);
#5851=ORIENTED_EDGE('',*,*,#4270,.F.);
#5852=ORIENTED_EDGE('',*,*,#4393,.F.);
#5853=ORIENTED_EDGE('',*,*,#4385,.T.);
#5854=ORIENTED_EDGE('',*,*,#4379,.F.);
#5855=ORIENTED_EDGE('',*,*,#4350,.F.);
#5856=ORIENTED_EDGE('',*,*,#4364,.T.);
#5857=ORIENTED_EDGE('',*,*,#4382,.T.);
#5858=ORIENTED_EDGE('',*,*,#4394,.T.);
#5859=ORIENTED_EDGE('',*,*,#4347,.F.);
#5860=ORIENTED_EDGE('',*,*,#4395,.T.);
#5861=ORIENTED_EDGE('',*,*,#4390,.F.);
#5862=ORIENTED_EDGE('',*,*,#4396,.T.);
#5863=ORIENTED_EDGE('',*,*,#4360,.F.);
#5864=ORIENTED_EDGE('',*,*,#4397,.F.);
#5865=ORIENTED_EDGE('',*,*,#4391,.T.);
#5866=ORIENTED_EDGE('',*,*,#4395,.F.);
#5867=ORIENTED_EDGE('',*,*,#4267,.F.);
#5868=ORIENTED_EDGE('',*,*,#4398,.T.);
#5869=ORIENTED_EDGE('',*,*,#4386,.T.);
#5870=ORIENTED_EDGE('',*,*,#4393,.T.);
#5871=ORIENTED_EDGE('',*,*,#4269,.F.);
#5872=ORIENTED_EDGE('',*,*,#4261,.T.);
#5873=ORIENTED_EDGE('',*,*,#4111,.F.);
#5874=ORIENTED_EDGE('',*,*,#4399,.F.);
#5875=ORIENTED_EDGE('',*,*,#4387,.F.);
#5876=ORIENTED_EDGE('',*,*,#4398,.F.);
#5877=ORIENTED_EDGE('',*,*,#4359,.F.);
#5878=ORIENTED_EDGE('',*,*,#4369,.T.);
#5879=ORIENTED_EDGE('',*,*,#4392,.F.);
#5880=ORIENTED_EDGE('',*,*,#4397,.T.);
#5881=ORIENTED_EDGE('',*,*,#4400,.T.);
#5882=ORIENTED_EDGE('',*,*,#4401,.T.);
#5883=ORIENTED_EDGE('',*,*,#4402,.T.);
#5884=ORIENTED_EDGE('',*,*,#4320,.T.);
#5885=ORIENTED_EDGE('',*,*,#4401,.F.);
#5886=ORIENTED_EDGE('',*,*,#4403,.T.);
#5887=ORIENTED_EDGE('',*,*,#4120,.F.);
#5888=ORIENTED_EDGE('',*,*,#4404,.F.);
#5889=ORIENTED_EDGE('',*,*,#4405,.T.);
#5890=ORIENTED_EDGE('',*,*,#4406,.T.);
#5891=ORIENTED_EDGE('',*,*,#4407,.T.);
#5892=ORIENTED_EDGE('',*,*,#4408,.T.);
#5893=ORIENTED_EDGE('',*,*,#4409,.T.);
#5894=ORIENTED_EDGE('',*,*,#4410,.T.);
#5895=ORIENTED_EDGE('',*,*,#4409,.F.);
#5896=ORIENTED_EDGE('',*,*,#4305,.T.);
#5897=ORIENTED_EDGE('',*,*,#4402,.F.);
#5898=ORIENTED_EDGE('',*,*,#4411,.T.);
#5899=ORIENTED_EDGE('',*,*,#4408,.F.);
#5900=ORIENTED_EDGE('',*,*,#4412,.T.);
#5901=ORIENTED_EDGE('',*,*,#4413,.T.);
#5902=ORIENTED_EDGE('',*,*,#4306,.T.);
#5903=ORIENTED_EDGE('',*,*,#4414,.T.);
#5904=ORIENTED_EDGE('',*,*,#4307,.T.);
#5905=ORIENTED_EDGE('',*,*,#4413,.F.);
#5906=ORIENTED_EDGE('',*,*,#4415,.T.);
#5907=ORIENTED_EDGE('',*,*,#4416,.T.);
#5908=ORIENTED_EDGE('',*,*,#4308,.T.);
#5909=ORIENTED_EDGE('',*,*,#4414,.F.);
#5910=ORIENTED_EDGE('',*,*,#4417,.T.);
#5911=ORIENTED_EDGE('',*,*,#4418,.T.);
#5912=ORIENTED_EDGE('',*,*,#4309,.T.);
#5913=ORIENTED_EDGE('',*,*,#4416,.F.);
#5914=ORIENTED_EDGE('',*,*,#4419,.T.);
#5915=ORIENTED_EDGE('',*,*,#4406,.F.);
#5916=ORIENTED_EDGE('',*,*,#4310,.T.);
#5917=ORIENTED_EDGE('',*,*,#4418,.F.);
#5918=ORIENTED_EDGE('',*,*,#4420,.T.);
#5919=ORIENTED_EDGE('',*,*,#4405,.F.);
#5920=ORIENTED_EDGE('',*,*,#4421,.T.);
#5921=ORIENTED_EDGE('',*,*,#4422,.T.);
#5922=ORIENTED_EDGE('',*,*,#4311,.T.);
#5923=ORIENTED_EDGE('',*,*,#4423,.T.);
#5924=ORIENTED_EDGE('',*,*,#4424,.T.);
#5925=ORIENTED_EDGE('',*,*,#4312,.T.);
#5926=ORIENTED_EDGE('',*,*,#4422,.F.);
#5927=ORIENTED_EDGE('',*,*,#4423,.F.);
#5928=ORIENTED_EDGE('',*,*,#4425,.T.);
#5929=ORIENTED_EDGE('',*,*,#4100,.F.);
#5930=ORIENTED_EDGE('',*,*,#4426,.F.);
#5931=ORIENTED_EDGE('',*,*,#4427,.T.);
#5932=ORIENTED_EDGE('',*,*,#4428,.T.);
#5933=ORIENTED_EDGE('',*,*,#4429,.T.);
#5934=ORIENTED_EDGE('',*,*,#4430,.T.);
#5935=ORIENTED_EDGE('',*,*,#4431,.T.);
#5936=ORIENTED_EDGE('',*,*,#4432,.T.);
#5937=ORIENTED_EDGE('',*,*,#4431,.F.);
#5938=ORIENTED_EDGE('',*,*,#4313,.T.);
#5939=ORIENTED_EDGE('',*,*,#4424,.F.);
#5940=ORIENTED_EDGE('',*,*,#4433,.T.);
#5941=ORIENTED_EDGE('',*,*,#4430,.F.);
#5942=ORIENTED_EDGE('',*,*,#4434,.T.);
#5943=ORIENTED_EDGE('',*,*,#4435,.T.);
#5944=ORIENTED_EDGE('',*,*,#4314,.T.);
#5945=ORIENTED_EDGE('',*,*,#4436,.T.);
#5946=ORIENTED_EDGE('',*,*,#4315,.T.);
#5947=ORIENTED_EDGE('',*,*,#4435,.F.);
#5948=ORIENTED_EDGE('',*,*,#4437,.T.);
#5949=ORIENTED_EDGE('',*,*,#4438,.T.);
#5950=ORIENTED_EDGE('',*,*,#4316,.T.);
#5951=ORIENTED_EDGE('',*,*,#4436,.F.);
#5952=ORIENTED_EDGE('',*,*,#4439,.T.);
#5953=ORIENTED_EDGE('',*,*,#4440,.T.);
#5954=ORIENTED_EDGE('',*,*,#4317,.T.);
#5955=ORIENTED_EDGE('',*,*,#4438,.F.);
#5956=ORIENTED_EDGE('',*,*,#4441,.T.);
#5957=ORIENTED_EDGE('',*,*,#4428,.F.);
#5958=ORIENTED_EDGE('',*,*,#4318,.T.);
#5959=ORIENTED_EDGE('',*,*,#4440,.F.);
#5960=ORIENTED_EDGE('',*,*,#4442,.T.);
#5961=ORIENTED_EDGE('',*,*,#4427,.F.);
#5962=ORIENTED_EDGE('',*,*,#4443,.T.);
#5963=ORIENTED_EDGE('',*,*,#4400,.F.);
#5964=ORIENTED_EDGE('',*,*,#4319,.T.);
#5965=ORIENTED_EDGE('',*,*,#4433,.F.);
#5966=ORIENTED_EDGE('',*,*,#4426,.T.);
#5967=ORIENTED_EDGE('',*,*,#4099,.F.);
#5968=ORIENTED_EDGE('',*,*,#4444,.F.);
#5969=ORIENTED_EDGE('',*,*,#4441,.F.);
#5970=ORIENTED_EDGE('',*,*,#4445,.T.);
#5971=ORIENTED_EDGE('',*,*,#4446,.F.);
#5972=ORIENTED_EDGE('',*,*,#4447,.T.);
#5973=ORIENTED_EDGE('',*,*,#4439,.F.);
#5974=ORIENTED_EDGE('',*,*,#4448,.F.);
#5975=ORIENTED_EDGE('',*,*,#4449,.T.);
#5976=ORIENTED_EDGE('',*,*,#4445,.F.);
#5977=ORIENTED_EDGE('',*,*,#4429,.F.);
#5978=ORIENTED_EDGE('',*,*,#4450,.T.);
#5979=ORIENTED_EDGE('',*,*,#4451,.F.);
#5980=ORIENTED_EDGE('',*,*,#4452,.T.);
#5981=ORIENTED_EDGE('',*,*,#4442,.F.);
#5982=ORIENTED_EDGE('',*,*,#4447,.F.);
#5983=ORIENTED_EDGE('',*,*,#4453,.T.);
#5984=ORIENTED_EDGE('',*,*,#4450,.F.);
#5985=ORIENTED_EDGE('',*,*,#4410,.F.);
#5986=ORIENTED_EDGE('',*,*,#4454,.T.);
#5987=ORIENTED_EDGE('',*,*,#4455,.T.);
#5988=ORIENTED_EDGE('',*,*,#4456,.T.);
#5989=ORIENTED_EDGE('',*,*,#4412,.F.);
#5990=ORIENTED_EDGE('',*,*,#4456,.F.);
#5991=ORIENTED_EDGE('',*,*,#4457,.T.);
#5992=ORIENTED_EDGE('',*,*,#4458,.F.);
#5993=ORIENTED_EDGE('',*,*,#4415,.F.);
#5994=ORIENTED_EDGE('',*,*,#4458,.T.);
#5995=ORIENTED_EDGE('',*,*,#4459,.F.);
#5996=ORIENTED_EDGE('',*,*,#4460,.T.);
#5997=ORIENTED_EDGE('',*,*,#4419,.F.);
#5998=ORIENTED_EDGE('',*,*,#4461,.T.);
#5999=ORIENTED_EDGE('',*,*,#4462,.F.);
#6000=ORIENTED_EDGE('',*,*,#4463,.T.);
#6001=ORIENTED_EDGE('',*,*,#4417,.F.);
#6002=ORIENTED_EDGE('',*,*,#4460,.F.);
#6003=ORIENTED_EDGE('',*,*,#4464,.T.);
#6004=ORIENTED_EDGE('',*,*,#4461,.F.);
#6005=ORIENTED_EDGE('',*,*,#4437,.F.);
#6006=ORIENTED_EDGE('',*,*,#4465,.T.);
#6007=ORIENTED_EDGE('',*,*,#4466,.F.);
#6008=ORIENTED_EDGE('',*,*,#4448,.T.);
#6009=ORIENTED_EDGE('',*,*,#4434,.F.);
#6010=ORIENTED_EDGE('',*,*,#4467,.F.);
#6011=ORIENTED_EDGE('',*,*,#4468,.T.);
#6012=ORIENTED_EDGE('',*,*,#4465,.F.);
#6013=ORIENTED_EDGE('',*,*,#4432,.F.);
#6014=ORIENTED_EDGE('',*,*,#4444,.T.);
#6015=ORIENTED_EDGE('',*,*,#4098,.T.);
#6016=ORIENTED_EDGE('',*,*,#4469,.F.);
#6017=ORIENTED_EDGE('',*,*,#4470,.T.);
#6018=ORIENTED_EDGE('',*,*,#4467,.T.);
#6019=ORIENTED_EDGE('',*,*,#4407,.F.);
#6020=ORIENTED_EDGE('',*,*,#4471,.T.);
#6021=ORIENTED_EDGE('',*,*,#4472,.F.);
#6022=ORIENTED_EDGE('',*,*,#4473,.T.);
#6023=ORIENTED_EDGE('',*,*,#4102,.T.);
#6024=ORIENTED_EDGE('',*,*,#4474,.T.);
#6025=ORIENTED_EDGE('',*,*,#4420,.F.);
#6026=ORIENTED_EDGE('',*,*,#4463,.F.);
#6027=ORIENTED_EDGE('',*,*,#4475,.T.);
#6028=ORIENTED_EDGE('',*,*,#4471,.F.);
#6029=ORIENTED_EDGE('',*,*,#4476,.T.);
#6030=ORIENTED_EDGE('',*,*,#4477,.T.);
#6031=ORIENTED_EDGE('',*,*,#4478,.T.);
#6032=ORIENTED_EDGE('',*,*,#4336,.T.);
#6033=ORIENTED_EDGE('',*,*,#4477,.F.);
#6034=ORIENTED_EDGE('',*,*,#4479,.T.);
#6035=ORIENTED_EDGE('',*,*,#4104,.F.);
#6036=ORIENTED_EDGE('',*,*,#4480,.F.);
#6037=ORIENTED_EDGE('',*,*,#4481,.T.);
#6038=ORIENTED_EDGE('',*,*,#4482,.T.);
#6039=ORIENTED_EDGE('',*,*,#4483,.T.);
#6040=ORIENTED_EDGE('',*,*,#4328,.T.);
#6041=ORIENTED_EDGE('',*,*,#4482,.F.);
#6042=ORIENTED_EDGE('',*,*,#4484,.T.);
#6043=ORIENTED_EDGE('',*,*,#4108,.F.);
#6044=ORIENTED_EDGE('',*,*,#4485,.F.);
#6045=ORIENTED_EDGE('',*,*,#4486,.T.);
#6046=ORIENTED_EDGE('',*,*,#4487,.T.);
#6047=ORIENTED_EDGE('',*,*,#4488,.T.);
#6048=ORIENTED_EDGE('',*,*,#4489,.T.);
#6049=ORIENTED_EDGE('',*,*,#4490,.T.);
#6050=ORIENTED_EDGE('',*,*,#4491,.T.);
#6051=ORIENTED_EDGE('',*,*,#4490,.F.);
#6052=ORIENTED_EDGE('',*,*,#4321,.T.);
#6053=ORIENTED_EDGE('',*,*,#4478,.F.);
#6054=ORIENTED_EDGE('',*,*,#4492,.T.);
#6055=ORIENTED_EDGE('',*,*,#4489,.F.);
#6056=ORIENTED_EDGE('',*,*,#4493,.T.);
#6057=ORIENTED_EDGE('',*,*,#4494,.T.);
#6058=ORIENTED_EDGE('',*,*,#4322,.T.);
#6059=ORIENTED_EDGE('',*,*,#4495,.T.);
#6060=ORIENTED_EDGE('',*,*,#4323,.T.);
#6061=ORIENTED_EDGE('',*,*,#4494,.F.);
#6062=ORIENTED_EDGE('',*,*,#4496,.T.);
#6063=ORIENTED_EDGE('',*,*,#4497,.T.);
#6064=ORIENTED_EDGE('',*,*,#4324,.T.);
#6065=ORIENTED_EDGE('',*,*,#4495,.F.);
#6066=ORIENTED_EDGE('',*,*,#4498,.T.);
#6067=ORIENTED_EDGE('',*,*,#4499,.T.);
#6068=ORIENTED_EDGE('',*,*,#4325,.T.);
#6069=ORIENTED_EDGE('',*,*,#4497,.F.);
#6070=ORIENTED_EDGE('',*,*,#4500,.T.);
#6071=ORIENTED_EDGE('',*,*,#4487,.F.);
#6072=ORIENTED_EDGE('',*,*,#4326,.T.);
#6073=ORIENTED_EDGE('',*,*,#4499,.F.);
#6074=ORIENTED_EDGE('',*,*,#4501,.T.);
#6075=ORIENTED_EDGE('',*,*,#4486,.F.);
#6076=ORIENTED_EDGE('',*,*,#4502,.T.);
#6077=ORIENTED_EDGE('',*,*,#4481,.F.);
#6078=ORIENTED_EDGE('',*,*,#4327,.T.);
#6079=ORIENTED_EDGE('',*,*,#4492,.F.);
#6080=ORIENTED_EDGE('',*,*,#4480,.T.);
#6081=ORIENTED_EDGE('',*,*,#4103,.F.);
#6082=ORIENTED_EDGE('',*,*,#4503,.F.);
#6083=ORIENTED_EDGE('',*,*,#4504,.F.);
#6084=ORIENTED_EDGE('',*,*,#4505,.F.);
#6085=ORIENTED_EDGE('',*,*,#4506,.T.);
#6086=ORIENTED_EDGE('',*,*,#4507,.T.);
#6087=ORIENTED_EDGE('',*,*,#4508,.T.);
#6088=ORIENTED_EDGE('',*,*,#4509,.T.);
#6089=ORIENTED_EDGE('',*,*,#4510,.T.);
#6090=ORIENTED_EDGE('',*,*,#4511,.T.);
#6091=ORIENTED_EDGE('',*,*,#4510,.F.);
#6092=ORIENTED_EDGE('',*,*,#4329,.T.);
#6093=ORIENTED_EDGE('',*,*,#4483,.F.);
#6094=ORIENTED_EDGE('',*,*,#4512,.T.);
#6095=ORIENTED_EDGE('',*,*,#4509,.F.);
#6096=ORIENTED_EDGE('',*,*,#4513,.T.);
#6097=ORIENTED_EDGE('',*,*,#4514,.T.);
#6098=ORIENTED_EDGE('',*,*,#4330,.T.);
#6099=ORIENTED_EDGE('',*,*,#4515,.T.);
#6100=ORIENTED_EDGE('',*,*,#4331,.T.);
#6101=ORIENTED_EDGE('',*,*,#4514,.F.);
#6102=ORIENTED_EDGE('',*,*,#4516,.T.);
#6103=ORIENTED_EDGE('',*,*,#4517,.T.);
#6104=ORIENTED_EDGE('',*,*,#4332,.T.);
#6105=ORIENTED_EDGE('',*,*,#4515,.F.);
#6106=ORIENTED_EDGE('',*,*,#4518,.T.);
#6107=ORIENTED_EDGE('',*,*,#4519,.T.);
#6108=ORIENTED_EDGE('',*,*,#4333,.T.);
#6109=ORIENTED_EDGE('',*,*,#4517,.F.);
#6110=ORIENTED_EDGE('',*,*,#4520,.T.);
#6111=ORIENTED_EDGE('',*,*,#4507,.F.);
#6112=ORIENTED_EDGE('',*,*,#4334,.T.);
#6113=ORIENTED_EDGE('',*,*,#4519,.F.);
#6114=ORIENTED_EDGE('',*,*,#4521,.T.);
#6115=ORIENTED_EDGE('',*,*,#4506,.F.);
#6116=ORIENTED_EDGE('',*,*,#4522,.T.);
#6117=ORIENTED_EDGE('',*,*,#4476,.F.);
#6118=ORIENTED_EDGE('',*,*,#4335,.T.);
#6119=ORIENTED_EDGE('',*,*,#4512,.F.);
#6120=ORIENTED_EDGE('',*,*,#4485,.T.);
#6121=ORIENTED_EDGE('',*,*,#4107,.F.);
#6122=ORIENTED_EDGE('',*,*,#4523,.F.);
#6123=ORIENTED_EDGE('',*,*,#4524,.T.);
#6124=ORIENTED_EDGE('',*,*,#4525,.F.);
#6125=ORIENTED_EDGE('',*,*,#4516,.F.);
#6126=ORIENTED_EDGE('',*,*,#4526,.T.);
#6127=ORIENTED_EDGE('',*,*,#4527,.F.);
#6128=ORIENTED_EDGE('',*,*,#4528,.T.);
#6129=ORIENTED_EDGE('',*,*,#4518,.F.);
#6130=ORIENTED_EDGE('',*,*,#4528,.F.);
#6131=ORIENTED_EDGE('',*,*,#4529,.T.);
#6132=ORIENTED_EDGE('',*,*,#4530,.F.);
#6133=ORIENTED_EDGE('',*,*,#4511,.F.);
#6134=ORIENTED_EDGE('',*,*,#4525,.T.);
#6135=ORIENTED_EDGE('',*,*,#4531,.T.);
#6136=ORIENTED_EDGE('',*,*,#4532,.T.);
#6137=ORIENTED_EDGE('',*,*,#4488,.F.);
#6138=ORIENTED_EDGE('',*,*,#4533,.T.);
#6139=ORIENTED_EDGE('',*,*,#4534,.T.);
#6140=ORIENTED_EDGE('',*,*,#4535,.T.);
#6141=ORIENTED_EDGE('',*,*,#4502,.F.);
#6142=ORIENTED_EDGE('',*,*,#4535,.F.);
#6143=ORIENTED_EDGE('',*,*,#4536,.T.);
#6144=ORIENTED_EDGE('',*,*,#4537,.T.);
#6145=ORIENTED_EDGE('',*,*,#4109,.F.);
#6146=ORIENTED_EDGE('',*,*,#4484,.F.);
#6147=ORIENTED_EDGE('',*,*,#4500,.F.);
#6148=ORIENTED_EDGE('',*,*,#4538,.T.);
#6149=ORIENTED_EDGE('',*,*,#4539,.F.);
#6150=ORIENTED_EDGE('',*,*,#4540,.T.);
#6151=ORIENTED_EDGE('',*,*,#4501,.F.);
#6152=ORIENTED_EDGE('',*,*,#4540,.F.);
#6153=ORIENTED_EDGE('',*,*,#4541,.T.);
#6154=ORIENTED_EDGE('',*,*,#4533,.F.);
#6155=ORIENTED_EDGE('',*,*,#4496,.F.);
#6156=ORIENTED_EDGE('',*,*,#4542,.T.);
#6157=ORIENTED_EDGE('',*,*,#4543,.F.);
#6158=ORIENTED_EDGE('',*,*,#4544,.T.);
#6159=ORIENTED_EDGE('',*,*,#4527,.T.);
#6160=ORIENTED_EDGE('',*,*,#4545,.F.);
#6161=ORIENTED_EDGE('',*,*,#4531,.F.);
#6162=ORIENTED_EDGE('',*,*,#4524,.F.);
#6163=ORIENTED_EDGE('',*,*,#4546,.F.);
#6164=ORIENTED_EDGE('',*,*,#4536,.F.);
#6165=ORIENTED_EDGE('',*,*,#4534,.F.);
#6166=ORIENTED_EDGE('',*,*,#4541,.F.);
#6167=ORIENTED_EDGE('',*,*,#4539,.T.);
#6168=ORIENTED_EDGE('',*,*,#4547,.F.);
#6169=ORIENTED_EDGE('',*,*,#4543,.T.);
#6170=ORIENTED_EDGE('',*,*,#4548,.F.);
#6171=ORIENTED_EDGE('',*,*,#4549,.F.);
#6172=ORIENTED_EDGE('',*,*,#4504,.T.);
#6173=ORIENTED_EDGE('',*,*,#4550,.F.);
#6174=ORIENTED_EDGE('',*,*,#4551,.T.);
#6175=ORIENTED_EDGE('',*,*,#4552,.T.);
#6176=ORIENTED_EDGE('',*,*,#4553,.F.);
#6177=ORIENTED_EDGE('',*,*,#4554,.T.);
#6178=ORIENTED_EDGE('',*,*,#4529,.F.);
#6179=ORIENTED_EDGE('',*,*,#4493,.F.);
#6180=ORIENTED_EDGE('',*,*,#4555,.F.);
#6181=ORIENTED_EDGE('',*,*,#4548,.T.);
#6182=ORIENTED_EDGE('',*,*,#4542,.F.);
#6183=ORIENTED_EDGE('',*,*,#4491,.F.);
#6184=ORIENTED_EDGE('',*,*,#4505,.T.);
#6185=ORIENTED_EDGE('',*,*,#4549,.T.);
#6186=ORIENTED_EDGE('',*,*,#4555,.T.);
#6187=ORIENTED_EDGE('',*,*,#4520,.F.);
#6188=ORIENTED_EDGE('',*,*,#4530,.T.);
#6189=ORIENTED_EDGE('',*,*,#4554,.F.);
#6190=ORIENTED_EDGE('',*,*,#4556,.T.);
#6191=ORIENTED_EDGE('',*,*,#4508,.F.);
#6192=ORIENTED_EDGE('',*,*,#4557,.T.);
#6193=ORIENTED_EDGE('',*,*,#4552,.F.);
#6194=ORIENTED_EDGE('',*,*,#4558,.T.);
#6195=ORIENTED_EDGE('',*,*,#4522,.F.);
#6196=ORIENTED_EDGE('',*,*,#4558,.F.);
#6197=ORIENTED_EDGE('',*,*,#4551,.F.);
#6198=ORIENTED_EDGE('',*,*,#4559,.T.);
#6199=ORIENTED_EDGE('',*,*,#4105,.F.);
#6200=ORIENTED_EDGE('',*,*,#4479,.F.);
#6201=ORIENTED_EDGE('',*,*,#4106,.F.);
#6202=ORIENTED_EDGE('',*,*,#4559,.F.);
#6203=ORIENTED_EDGE('',*,*,#4550,.T.);
#6204=ORIENTED_EDGE('',*,*,#4503,.T.);
#6205=ORIENTED_EDGE('',*,*,#4521,.F.);
#6206=ORIENTED_EDGE('',*,*,#4556,.F.);
#6207=ORIENTED_EDGE('',*,*,#4553,.T.);
#6208=ORIENTED_EDGE('',*,*,#4557,.F.);
#6209=ORIENTED_EDGE('',*,*,#4498,.F.);
#6210=ORIENTED_EDGE('',*,*,#4544,.F.);
#6211=ORIENTED_EDGE('',*,*,#4547,.T.);
#6212=ORIENTED_EDGE('',*,*,#4538,.F.);
#6213=ORIENTED_EDGE('',*,*,#4513,.F.);
#6214=ORIENTED_EDGE('',*,*,#4532,.F.);
#6215=ORIENTED_EDGE('',*,*,#4545,.T.);
#6216=ORIENTED_EDGE('',*,*,#4526,.F.);
#6217=ORIENTED_EDGE('',*,*,#4546,.T.);
#6218=ORIENTED_EDGE('',*,*,#4523,.T.);
#6219=ORIENTED_EDGE('',*,*,#4110,.F.);
#6220=ORIENTED_EDGE('',*,*,#4537,.F.);
#6221=ORIENTED_EDGE('',*,*,#4361,.F.);
#6222=ORIENTED_EDGE('',*,*,#4396,.F.);
#6223=ORIENTED_EDGE('',*,*,#4389,.F.);
#6224=ORIENTED_EDGE('',*,*,#4560,.T.);
#6225=ORIENTED_EDGE('',*,*,#4113,.F.);
#6226=ORIENTED_EDGE('',*,*,#4260,.F.);
#6227=ORIENTED_EDGE('',*,*,#4114,.F.);
#6228=ORIENTED_EDGE('',*,*,#4560,.F.);
#6229=ORIENTED_EDGE('',*,*,#4388,.T.);
#6230=ORIENTED_EDGE('',*,*,#4399,.T.);
#6231=ORIENTED_EDGE('',*,*,#4352,.F.);
#6232=ORIENTED_EDGE('',*,*,#4394,.F.);
#6233=ORIENTED_EDGE('',*,*,#4381,.T.);
#6234=ORIENTED_EDGE('',*,*,#4365,.F.);
#6235=ORIENTED_EDGE('',*,*,#4284,.F.);
#6236=ORIENTED_EDGE('',*,*,#4377,.F.);
#6237=ORIENTED_EDGE('',*,*,#4384,.T.);
#6238=ORIENTED_EDGE('',*,*,#4561,.T.);
#6239=ORIENTED_EDGE('',*,*,#4117,.F.);
#6240=ORIENTED_EDGE('',*,*,#4343,.F.);
#6241=ORIENTED_EDGE('',*,*,#4383,.T.);
#6242=ORIENTED_EDGE('',*,*,#4362,.T.);
#6243=ORIENTED_EDGE('',*,*,#4118,.F.);
#6244=ORIENTED_EDGE('',*,*,#4561,.F.);
#6245=ORIENTED_EDGE('',*,*,#4097,.T.);
#6246=ORIENTED_EDGE('',*,*,#4473,.F.);
#6247=ORIENTED_EDGE('',*,*,#4562,.F.);
#6248=ORIENTED_EDGE('',*,*,#4469,.T.);
#6249=ORIENTED_EDGE('',*,*,#4443,.F.);
#6250=ORIENTED_EDGE('',*,*,#4452,.F.);
#6251=ORIENTED_EDGE('',*,*,#4563,.F.);
#6252=ORIENTED_EDGE('',*,*,#4564,.T.);
#6253=ORIENTED_EDGE('',*,*,#4121,.F.);
#6254=ORIENTED_EDGE('',*,*,#4403,.F.);
#6255=ORIENTED_EDGE('',*,*,#4122,.F.);
#6256=ORIENTED_EDGE('',*,*,#4564,.F.);
#6257=ORIENTED_EDGE('',*,*,#4565,.T.);
#6258=ORIENTED_EDGE('',*,*,#4566,.T.);
#6259=ORIENTED_EDGE('',*,*,#4411,.F.);
#6260=ORIENTED_EDGE('',*,*,#4404,.T.);
#6261=ORIENTED_EDGE('',*,*,#4119,.F.);
#6262=ORIENTED_EDGE('',*,*,#4566,.F.);
#6263=ORIENTED_EDGE('',*,*,#4567,.F.);
#6264=ORIENTED_EDGE('',*,*,#4454,.F.);
#6265=ORIENTED_EDGE('',*,*,#4421,.F.);
#6266=ORIENTED_EDGE('',*,*,#4474,.F.);
#6267=ORIENTED_EDGE('',*,*,#4101,.F.);
#6268=ORIENTED_EDGE('',*,*,#4425,.F.);
#6269=ORIENTED_EDGE('',*,*,#4446,.T.);
#6270=ORIENTED_EDGE('',*,*,#4449,.F.);
#6271=ORIENTED_EDGE('',*,*,#4466,.T.);
#6272=ORIENTED_EDGE('',*,*,#4468,.F.);
#6273=ORIENTED_EDGE('',*,*,#4470,.F.);
#6274=ORIENTED_EDGE('',*,*,#4562,.T.);
#6275=ORIENTED_EDGE('',*,*,#4472,.T.);
#6276=ORIENTED_EDGE('',*,*,#4475,.F.);
#6277=ORIENTED_EDGE('',*,*,#4462,.T.);
#6278=ORIENTED_EDGE('',*,*,#4464,.F.);
#6279=ORIENTED_EDGE('',*,*,#4459,.T.);
#6280=ORIENTED_EDGE('',*,*,#4457,.F.);
#6281=ORIENTED_EDGE('',*,*,#4455,.F.);
#6282=ORIENTED_EDGE('',*,*,#4567,.T.);
#6283=ORIENTED_EDGE('',*,*,#4565,.F.);
#6284=ORIENTED_EDGE('',*,*,#4563,.T.);
#6285=ORIENTED_EDGE('',*,*,#4451,.T.);
#6286=ORIENTED_EDGE('',*,*,#4453,.F.);
#6287=ORIENTED_EDGE('',*,*,#4568,.F.);
#6288=ORIENTED_EDGE('',*,*,#4569,.T.);
#6289=ORIENTED_EDGE('',*,*,#4570,.T.);
#6290=ORIENTED_EDGE('',*,*,#4571,.T.);
#6291=ORIENTED_EDGE('',*,*,#4570,.F.);
#6292=ORIENTED_EDGE('',*,*,#4572,.T.);
#6293=ORIENTED_EDGE('',*,*,#4573,.T.);
#6294=ORIENTED_EDGE('',*,*,#4569,.F.);
#6295=ORIENTED_EDGE('',*,*,#4574,.T.);
#6296=ORIENTED_EDGE('',*,*,#4575,.F.);
#6297=ORIENTED_EDGE('',*,*,#4576,.F.);
#6298=ORIENTED_EDGE('',*,*,#4568,.T.);
#6299=ORIENTED_EDGE('',*,*,#4577,.F.);
#6300=ORIENTED_EDGE('',*,*,#4578,.T.);
#6301=ORIENTED_EDGE('',*,*,#4579,.F.);
#6302=ORIENTED_EDGE('',*,*,#4580,.T.);
#6303=ORIENTED_EDGE('',*,*,#4581,.F.);
#6304=ORIENTED_EDGE('',*,*,#4582,.T.);
#6305=ORIENTED_EDGE('',*,*,#4574,.F.);
#6306=ORIENTED_EDGE('',*,*,#4583,.T.);
#6307=ORIENTED_EDGE('',*,*,#4584,.T.);
#6308=ORIENTED_EDGE('',*,*,#4585,.T.);
#6309=ORIENTED_EDGE('',*,*,#4586,.T.);
#6310=ORIENTED_EDGE('',*,*,#4571,.F.);
#6311=ORIENTED_EDGE('',*,*,#4587,.F.);
#6312=ORIENTED_EDGE('',*,*,#4588,.F.);
#6313=ORIENTED_EDGE('',*,*,#4577,.T.);
#6314=ORIENTED_EDGE('',*,*,#4589,.T.);
#6315=ORIENTED_EDGE('',*,*,#4590,.T.);
#6316=ORIENTED_EDGE('',*,*,#4591,.T.);
#6317=ORIENTED_EDGE('',*,*,#4582,.F.);
#6318=ORIENTED_EDGE('',*,*,#4592,.T.);
#6319=ORIENTED_EDGE('',*,*,#4589,.F.);
#6320=ORIENTED_EDGE('',*,*,#4575,.T.);
#6321=ORIENTED_EDGE('',*,*,#4572,.F.);
#6322=ORIENTED_EDGE('',*,*,#4576,.T.);
#6323=ORIENTED_EDGE('',*,*,#4591,.F.);
#6324=ORIENTED_EDGE('',*,*,#4338,.T.);
#6325=ORIENTED_EDGE('',*,*,#4590,.F.);
#6326=ORIENTED_EDGE('',*,*,#4593,.T.);
#6327=ORIENTED_EDGE('',*,*,#4594,.F.);
#6328=ORIENTED_EDGE('',*,*,#4339,.T.);
#6329=ORIENTED_EDGE('',*,*,#4595,.T.);
#6330=ORIENTED_EDGE('',*,*,#4596,.T.);
#6331=ORIENTED_EDGE('',*,*,#4594,.T.);
#6332=ORIENTED_EDGE('',*,*,#4580,.F.);
#6333=ORIENTED_EDGE('',*,*,#4597,.T.);
#6334=ORIENTED_EDGE('',*,*,#4595,.F.);
#6335=ORIENTED_EDGE('',*,*,#4598,.T.);
#6336=ORIENTED_EDGE('',*,*,#4592,.F.);
#6337=ORIENTED_EDGE('',*,*,#4581,.T.);
#6338=ORIENTED_EDGE('',*,*,#4598,.F.);
#6339=ORIENTED_EDGE('',*,*,#4593,.F.);
#6340=ORIENTED_EDGE('',*,*,#4596,.F.);
#6341=ORIENTED_EDGE('',*,*,#4599,.T.);
#6342=ORIENTED_EDGE('',*,*,#4600,.F.);
#6343=ORIENTED_EDGE('',*,*,#4340,.T.);
#6344=ORIENTED_EDGE('',*,*,#4578,.F.);
#6345=ORIENTED_EDGE('',*,*,#4588,.T.);
#6346=ORIENTED_EDGE('',*,*,#4601,.T.);
#6347=ORIENTED_EDGE('',*,*,#4602,.T.);
#6348=ORIENTED_EDGE('',*,*,#4601,.F.);
#6349=ORIENTED_EDGE('',*,*,#4603,.T.);
#6350=ORIENTED_EDGE('',*,*,#4600,.T.);
#6351=ORIENTED_EDGE('',*,*,#4573,.F.);
#6352=ORIENTED_EDGE('',*,*,#4337,.T.);
#6353=ORIENTED_EDGE('',*,*,#4603,.F.);
#6354=ORIENTED_EDGE('',*,*,#4587,.T.);
#6355=ORIENTED_EDGE('',*,*,#4604,.T.);
#6356=ORIENTED_EDGE('',*,*,#4152,.T.);
#6357=ORIENTED_EDGE('',*,*,#4605,.T.);
#6358=ORIENTED_EDGE('',*,*,#4606,.T.);
#6359=ORIENTED_EDGE('',*,*,#4607,.T.);
#6360=ORIENTED_EDGE('',*,*,#4608,.T.);
#6361=ORIENTED_EDGE('',*,*,#4605,.F.);
#6362=ORIENTED_EDGE('',*,*,#4151,.T.);
#6363=ORIENTED_EDGE('',*,*,#4609,.T.);
#6364=ORIENTED_EDGE('',*,*,#4610,.T.);
#6365=ORIENTED_EDGE('',*,*,#4607,.F.);
#6366=ORIENTED_EDGE('',*,*,#4150,.T.);
#6367=ORIENTED_EDGE('',*,*,#4611,.T.);
#6368=ORIENTED_EDGE('',*,*,#4612,.T.);
#6369=ORIENTED_EDGE('',*,*,#4609,.F.);
#6370=ORIENTED_EDGE('',*,*,#4149,.T.);
#6371=ORIENTED_EDGE('',*,*,#4613,.T.);
#6372=ORIENTED_EDGE('',*,*,#4614,.T.);
#6373=ORIENTED_EDGE('',*,*,#4611,.F.);
#6374=ORIENTED_EDGE('',*,*,#4148,.T.);
#6375=ORIENTED_EDGE('',*,*,#4615,.T.);
#6376=ORIENTED_EDGE('',*,*,#4616,.T.);
#6377=ORIENTED_EDGE('',*,*,#4613,.F.);
#6378=ORIENTED_EDGE('',*,*,#4147,.T.);
#6379=ORIENTED_EDGE('',*,*,#4617,.T.);
#6380=ORIENTED_EDGE('',*,*,#4618,.T.);
#6381=ORIENTED_EDGE('',*,*,#4615,.F.);
#6382=ORIENTED_EDGE('',*,*,#4146,.T.);
#6383=ORIENTED_EDGE('',*,*,#4604,.F.);
#6384=ORIENTED_EDGE('',*,*,#4619,.T.);
#6385=ORIENTED_EDGE('',*,*,#4617,.F.);
#6386=ORIENTED_EDGE('',*,*,#4620,.F.);
#6387=ORIENTED_EDGE('',*,*,#4616,.F.);
#6388=ORIENTED_EDGE('',*,*,#4621,.F.);
#6389=ORIENTED_EDGE('',*,*,#4622,.F.);
#6390=ORIENTED_EDGE('',*,*,#4623,.F.);
#6391=ORIENTED_EDGE('',*,*,#4618,.F.);
#6392=ORIENTED_EDGE('',*,*,#4624,.T.);
#6393=ORIENTED_EDGE('',*,*,#4625,.F.);
#6394=ORIENTED_EDGE('',*,*,#4621,.T.);
#6395=ORIENTED_EDGE('',*,*,#4619,.F.);
#6396=ORIENTED_EDGE('',*,*,#4626,.F.);
#6397=ORIENTED_EDGE('',*,*,#4627,.F.);
#6398=ORIENTED_EDGE('',*,*,#4624,.F.);
#6399=ORIENTED_EDGE('',*,*,#4606,.F.);
#6400=ORIENTED_EDGE('',*,*,#4628,.T.);
#6401=ORIENTED_EDGE('',*,*,#4629,.F.);
#6402=ORIENTED_EDGE('',*,*,#4626,.T.);
#6403=ORIENTED_EDGE('',*,*,#4630,.T.);
#6404=ORIENTED_EDGE('',*,*,#4631,.T.);
#6405=ORIENTED_EDGE('',*,*,#4632,.T.);
#6406=ORIENTED_EDGE('',*,*,#4633,.T.);
#6407=ORIENTED_EDGE('',*,*,#4634,.T.);
#6408=ORIENTED_EDGE('',*,*,#4635,.T.);
#6409=ORIENTED_EDGE('',*,*,#4632,.F.);
#6410=ORIENTED_EDGE('',*,*,#4636,.T.);
#6411=ORIENTED_EDGE('',*,*,#4637,.T.);
#6412=ORIENTED_EDGE('',*,*,#4638,.T.);
#6413=ORIENTED_EDGE('',*,*,#4634,.F.);
#6414=ORIENTED_EDGE('',*,*,#4639,.T.);
#6415=ORIENTED_EDGE('',*,*,#4640,.T.);
#6416=ORIENTED_EDGE('',*,*,#4641,.T.);
#6417=ORIENTED_EDGE('',*,*,#4637,.F.);
#6418=ORIENTED_EDGE('',*,*,#4642,.T.);
#6419=ORIENTED_EDGE('',*,*,#4643,.T.);
#6420=ORIENTED_EDGE('',*,*,#4629,.T.);
#6421=ORIENTED_EDGE('',*,*,#4640,.F.);
#6422=ORIENTED_EDGE('',*,*,#4644,.T.);
#6423=ORIENTED_EDGE('',*,*,#4645,.T.);
#6424=ORIENTED_EDGE('',*,*,#4627,.T.);
#6425=ORIENTED_EDGE('',*,*,#4643,.F.);
#6426=ORIENTED_EDGE('',*,*,#4646,.F.);
#6427=ORIENTED_EDGE('',*,*,#4647,.T.);
#6428=ORIENTED_EDGE('',*,*,#4625,.T.);
#6429=ORIENTED_EDGE('',*,*,#4645,.F.);
#6430=ORIENTED_EDGE('',*,*,#4648,.T.);
#6431=ORIENTED_EDGE('',*,*,#4647,.F.);
#6432=ORIENTED_EDGE('',*,*,#4649,.T.);
#6433=ORIENTED_EDGE('',*,*,#4630,.F.);
#6434=ORIENTED_EDGE('',*,*,#4622,.T.);
#6435=ORIENTED_EDGE('',*,*,#4614,.F.);
#6436=ORIENTED_EDGE('',*,*,#4623,.T.);
#6437=ORIENTED_EDGE('',*,*,#4633,.F.);
#6438=ORIENTED_EDGE('',*,*,#4650,.T.);
#6439=ORIENTED_EDGE('',*,*,#4644,.F.);
#6440=ORIENTED_EDGE('',*,*,#4642,.F.);
#6441=ORIENTED_EDGE('',*,*,#4639,.F.);
#6442=ORIENTED_EDGE('',*,*,#4636,.F.);
#6443=ORIENTED_EDGE('',*,*,#4631,.F.);
#6444=ORIENTED_EDGE('',*,*,#4649,.F.);
#6445=ORIENTED_EDGE('',*,*,#4648,.F.);
#6446=ORIENTED_EDGE('',*,*,#4651,.F.);
#6447=ORIENTED_EDGE('',*,*,#4652,.F.);
#6448=ORIENTED_EDGE('',*,*,#4653,.F.);
#6449=ORIENTED_EDGE('',*,*,#4654,.F.);
#6450=ORIENTED_EDGE('',*,*,#4655,.F.);
#6451=ORIENTED_EDGE('',*,*,#4656,.F.);
#6452=ORIENTED_EDGE('',*,*,#4657,.F.);
#6453=ORIENTED_EDGE('',*,*,#4658,.F.);
#6454=ORIENTED_EDGE('',*,*,#4659,.F.);
#6455=ORIENTED_EDGE('',*,*,#4660,.F.);
#6456=ORIENTED_EDGE('',*,*,#4661,.F.);
#6457=ORIENTED_EDGE('',*,*,#4610,.F.);
#6458=ORIENTED_EDGE('',*,*,#4662,.T.);
#6459=ORIENTED_EDGE('',*,*,#4638,.F.);
#6460=ORIENTED_EDGE('',*,*,#4663,.T.);
#6461=ORIENTED_EDGE('',*,*,#4608,.F.);
#6462=ORIENTED_EDGE('',*,*,#4663,.F.);
#6463=ORIENTED_EDGE('',*,*,#4641,.F.);
#6464=ORIENTED_EDGE('',*,*,#4628,.F.);
#6465=ORIENTED_EDGE('',*,*,#4612,.F.);
#6466=ORIENTED_EDGE('',*,*,#4650,.F.);
#6467=ORIENTED_EDGE('',*,*,#4635,.F.);
#6468=ORIENTED_EDGE('',*,*,#4662,.F.);
#6469=ORIENTED_EDGE('',*,*,#4664,.T.);
#6470=ORIENTED_EDGE('',*,*,#4665,.T.);
#6471=ORIENTED_EDGE('',*,*,#4666,.T.);
#6472=ORIENTED_EDGE('',*,*,#4667,.T.);
#6473=ORIENTED_EDGE('',*,*,#4668,.T.);
#6474=ORIENTED_EDGE('',*,*,#4669,.T.);
#6475=ORIENTED_EDGE('',*,*,#4670,.T.);
#6476=ORIENTED_EDGE('',*,*,#4667,.F.);
#6477=ORIENTED_EDGE('',*,*,#4671,.T.);
#6478=ORIENTED_EDGE('',*,*,#4672,.T.);
#6479=ORIENTED_EDGE('',*,*,#4673,.T.);
#6480=ORIENTED_EDGE('',*,*,#4669,.F.);
#6481=ORIENTED_EDGE('',*,*,#4674,.T.);
#6482=ORIENTED_EDGE('',*,*,#4675,.T.);
#6483=ORIENTED_EDGE('',*,*,#4676,.T.);
#6484=ORIENTED_EDGE('',*,*,#4672,.F.);
#6485=ORIENTED_EDGE('',*,*,#4677,.T.);
#6486=ORIENTED_EDGE('',*,*,#4678,.T.);
#6487=ORIENTED_EDGE('',*,*,#4679,.T.);
#6488=ORIENTED_EDGE('',*,*,#4675,.F.);
#6489=ORIENTED_EDGE('',*,*,#4680,.T.);
#6490=ORIENTED_EDGE('',*,*,#4681,.T.);
#6491=ORIENTED_EDGE('',*,*,#4682,.T.);
#6492=ORIENTED_EDGE('',*,*,#4678,.F.);
#6493=ORIENTED_EDGE('',*,*,#4683,.T.);
#6494=ORIENTED_EDGE('',*,*,#4684,.T.);
#6495=ORIENTED_EDGE('',*,*,#4685,.T.);
#6496=ORIENTED_EDGE('',*,*,#4681,.F.);
#6497=ORIENTED_EDGE('',*,*,#4664,.F.);
#6498=ORIENTED_EDGE('',*,*,#4686,.F.);
#6499=ORIENTED_EDGE('',*,*,#4687,.F.);
#6500=ORIENTED_EDGE('',*,*,#4688,.T.);
#6501=ORIENTED_EDGE('',*,*,#4670,.F.);
#6502=ORIENTED_EDGE('',*,*,#4689,.F.);
#6503=ORIENTED_EDGE('',*,*,#4690,.F.);
#6504=ORIENTED_EDGE('',*,*,#4686,.T.);
#6505=ORIENTED_EDGE('',*,*,#4673,.F.);
#6506=ORIENTED_EDGE('',*,*,#4691,.F.);
#6507=ORIENTED_EDGE('',*,*,#4692,.F.);
#6508=ORIENTED_EDGE('',*,*,#4689,.T.);
#6509=ORIENTED_EDGE('',*,*,#4676,.F.);
#6510=ORIENTED_EDGE('',*,*,#4693,.F.);
#6511=ORIENTED_EDGE('',*,*,#4694,.F.);
#6512=ORIENTED_EDGE('',*,*,#4691,.T.);
#6513=ORIENTED_EDGE('',*,*,#4679,.F.);
#6514=ORIENTED_EDGE('',*,*,#4695,.F.);
#6515=ORIENTED_EDGE('',*,*,#4696,.F.);
#6516=ORIENTED_EDGE('',*,*,#4693,.T.);
#6517=ORIENTED_EDGE('',*,*,#4682,.F.);
#6518=ORIENTED_EDGE('',*,*,#4697,.F.);
#6519=ORIENTED_EDGE('',*,*,#4698,.F.);
#6520=ORIENTED_EDGE('',*,*,#4695,.T.);
#6521=ORIENTED_EDGE('',*,*,#4685,.F.);
#6522=ORIENTED_EDGE('',*,*,#4699,.F.);
#6523=ORIENTED_EDGE('',*,*,#4700,.F.);
#6524=ORIENTED_EDGE('',*,*,#4697,.T.);
#6525=ORIENTED_EDGE('',*,*,#4701,.T.);
#6526=ORIENTED_EDGE('',*,*,#4684,.F.);
#6527=ORIENTED_EDGE('',*,*,#4702,.T.);
#6528=ORIENTED_EDGE('',*,*,#4665,.F.);
#6529=ORIENTED_EDGE('',*,*,#4701,.F.);
#6530=ORIENTED_EDGE('',*,*,#4688,.F.);
#6531=ORIENTED_EDGE('',*,*,#4703,.F.);
#6532=ORIENTED_EDGE('',*,*,#4699,.T.);
#6533=ORIENTED_EDGE('',*,*,#4704,.T.);
#6534=ORIENTED_EDGE('',*,*,#4705,.T.);
#6535=ORIENTED_EDGE('',*,*,#4706,.T.);
#6536=ORIENTED_EDGE('',*,*,#4707,.F.);
#6537=ORIENTED_EDGE('',*,*,#4708,.T.);
#6538=ORIENTED_EDGE('',*,*,#4709,.T.);
#6539=ORIENTED_EDGE('',*,*,#4710,.T.);
#6540=ORIENTED_EDGE('',*,*,#4705,.F.);
#6541=ORIENTED_EDGE('',*,*,#4711,.T.);
#6542=ORIENTED_EDGE('',*,*,#4712,.T.);
#6543=ORIENTED_EDGE('',*,*,#4713,.T.);
#6544=ORIENTED_EDGE('',*,*,#4709,.F.);
#6545=ORIENTED_EDGE('',*,*,#4714,.T.);
#6546=ORIENTED_EDGE('',*,*,#4715,.T.);
#6547=ORIENTED_EDGE('',*,*,#4716,.T.);
#6548=ORIENTED_EDGE('',*,*,#4712,.F.);
#6549=ORIENTED_EDGE('',*,*,#4717,.T.);
#6550=ORIENTED_EDGE('',*,*,#4718,.T.);
#6551=ORIENTED_EDGE('',*,*,#4719,.T.);
#6552=ORIENTED_EDGE('',*,*,#4715,.F.);
#6553=ORIENTED_EDGE('',*,*,#4720,.T.);
#6554=ORIENTED_EDGE('',*,*,#4718,.F.);
#6555=ORIENTED_EDGE('',*,*,#4721,.T.);
#6556=ORIENTED_EDGE('',*,*,#4722,.T.);
#6557=ORIENTED_EDGE('',*,*,#4723,.T.);
#6558=ORIENTED_EDGE('',*,*,#4722,.F.);
#6559=ORIENTED_EDGE('',*,*,#4724,.T.);
#6560=ORIENTED_EDGE('',*,*,#4725,.T.);
#6561=ORIENTED_EDGE('',*,*,#4726,.T.);
#6562=ORIENTED_EDGE('',*,*,#4725,.F.);
#6563=ORIENTED_EDGE('',*,*,#4727,.T.);
#6564=ORIENTED_EDGE('',*,*,#4707,.T.);
#6565=ORIENTED_EDGE('',*,*,#4720,.F.);
#6566=ORIENTED_EDGE('',*,*,#4728,.F.);
#6567=ORIENTED_EDGE('',*,*,#4729,.F.);
#6568=ORIENTED_EDGE('',*,*,#4730,.T.);
#6569=ORIENTED_EDGE('',*,*,#4723,.F.);
#6570=ORIENTED_EDGE('',*,*,#4731,.F.);
#6571=ORIENTED_EDGE('',*,*,#4732,.F.);
#6572=ORIENTED_EDGE('',*,*,#4728,.T.);
#6573=ORIENTED_EDGE('',*,*,#4726,.F.);
#6574=ORIENTED_EDGE('',*,*,#4733,.F.);
#6575=ORIENTED_EDGE('',*,*,#4734,.F.);
#6576=ORIENTED_EDGE('',*,*,#4731,.T.);
#6577=ORIENTED_EDGE('',*,*,#4706,.F.);
#6578=ORIENTED_EDGE('',*,*,#4735,.F.);
#6579=ORIENTED_EDGE('',*,*,#4736,.F.);
#6580=ORIENTED_EDGE('',*,*,#4733,.T.);
#6581=ORIENTED_EDGE('',*,*,#4737,.F.);
#6582=ORIENTED_EDGE('',*,*,#4738,.F.);
#6583=ORIENTED_EDGE('',*,*,#4739,.F.);
#6584=ORIENTED_EDGE('',*,*,#4740,.F.);
#6585=ORIENTED_EDGE('',*,*,#4741,.F.);
#6586=ORIENTED_EDGE('',*,*,#4742,.F.);
#6587=ORIENTED_EDGE('',*,*,#4743,.F.);
#6588=ORIENTED_EDGE('',*,*,#4744,.F.);
#6589=ORIENTED_EDGE('',*,*,#4702,.F.);
#6590=ORIENTED_EDGE('',*,*,#4683,.F.);
#6591=ORIENTED_EDGE('',*,*,#4680,.F.);
#6592=ORIENTED_EDGE('',*,*,#4677,.F.);
#6593=ORIENTED_EDGE('',*,*,#4674,.F.);
#6594=ORIENTED_EDGE('',*,*,#4671,.F.);
#6595=ORIENTED_EDGE('',*,*,#4668,.F.);
#6596=ORIENTED_EDGE('',*,*,#4666,.F.);
#6597=ORIENTED_EDGE('',*,*,#4745,.T.);
#6598=ORIENTED_EDGE('',*,*,#4746,.T.);
#6599=ORIENTED_EDGE('',*,*,#4747,.T.);
#6600=ORIENTED_EDGE('',*,*,#4748,.T.);
#6601=ORIENTED_EDGE('',*,*,#4749,.T.);
#6602=ORIENTED_EDGE('',*,*,#4750,.T.);
#6603=ORIENTED_EDGE('',*,*,#4751,.T.);
#6604=ORIENTED_EDGE('',*,*,#4704,.F.);
#6605=ORIENTED_EDGE('',*,*,#4727,.F.);
#6606=ORIENTED_EDGE('',*,*,#4724,.F.);
#6607=ORIENTED_EDGE('',*,*,#4721,.F.);
#6608=ORIENTED_EDGE('',*,*,#4717,.F.);
#6609=ORIENTED_EDGE('',*,*,#4714,.F.);
#6610=ORIENTED_EDGE('',*,*,#4711,.F.);
#6611=ORIENTED_EDGE('',*,*,#4708,.F.);
#6612=ORIENTED_EDGE('',*,*,#4255,.T.);
#6613=ORIENTED_EDGE('',*,*,#4752,.T.);
#6614=ORIENTED_EDGE('',*,*,#4753,.T.);
#6615=ORIENTED_EDGE('',*,*,#4754,.T.);
#6616=ORIENTED_EDGE('',*,*,#4755,.T.);
#6617=ORIENTED_EDGE('',*,*,#4756,.T.);
#6618=ORIENTED_EDGE('',*,*,#4757,.T.);
#6619=ORIENTED_EDGE('',*,*,#4758,.T.);
#6620=ORIENTED_EDGE('',*,*,#4091,.T.);
#6621=ORIENTED_EDGE('',*,*,#4759,.T.);
#6622=ORIENTED_EDGE('',*,*,#4089,.T.);
#6623=ORIENTED_EDGE('',*,*,#4758,.F.);
#6624=ORIENTED_EDGE('',*,*,#4760,.T.);
#6625=ORIENTED_EDGE('',*,*,#4761,.T.);
#6626=ORIENTED_EDGE('',*,*,#4087,.T.);
#6627=ORIENTED_EDGE('',*,*,#4759,.F.);
#6628=ORIENTED_EDGE('',*,*,#4762,.T.);
#6629=ORIENTED_EDGE('',*,*,#4763,.T.);
#6630=ORIENTED_EDGE('',*,*,#4085,.T.);
#6631=ORIENTED_EDGE('',*,*,#4761,.F.);
#6632=ORIENTED_EDGE('',*,*,#4764,.T.);
#6633=ORIENTED_EDGE('',*,*,#4765,.T.);
#6634=ORIENTED_EDGE('',*,*,#4083,.T.);
#6635=ORIENTED_EDGE('',*,*,#4763,.F.);
#6636=ORIENTED_EDGE('',*,*,#4766,.T.);
#6637=ORIENTED_EDGE('',*,*,#4756,.F.);
#6638=ORIENTED_EDGE('',*,*,#4767,.T.);
#6639=ORIENTED_EDGE('',*,*,#4752,.F.);
#6640=ORIENTED_EDGE('',*,*,#4768,.T.);
#6641=ORIENTED_EDGE('',*,*,#4769,.T.);
#6642=ORIENTED_EDGE('',*,*,#4770,.T.);
#6643=ORIENTED_EDGE('',*,*,#4771,.T.);
#6644=ORIENTED_EDGE('',*,*,#4768,.F.);
#6645=ORIENTED_EDGE('',*,*,#4772,.T.);
#6646=ORIENTED_EDGE('',*,*,#4765,.F.);
#6647=ORIENTED_EDGE('',*,*,#4767,.F.);
#6648=ORIENTED_EDGE('',*,*,#4065,.T.);
#6649=ORIENTED_EDGE('',*,*,#4773,.F.);
#6650=ORIENTED_EDGE('',*,*,#4774,.T.);
#6651=ORIENTED_EDGE('',*,*,#4772,.F.);
#6652=ORIENTED_EDGE('',*,*,#4775,.T.);
#6653=ORIENTED_EDGE('',*,*,#4776,.T.);
#6654=ORIENTED_EDGE('',*,*,#4081,.T.);
#6655=ORIENTED_EDGE('',*,*,#4771,.F.);
#6656=ORIENTED_EDGE('',*,*,#4777,.T.);
#6657=ORIENTED_EDGE('',*,*,#4778,.F.);
#6658=ORIENTED_EDGE('',*,*,#4775,.F.);
#6659=ORIENTED_EDGE('',*,*,#4764,.F.);
#6660=ORIENTED_EDGE('',*,*,#4779,.T.);
#6661=ORIENTED_EDGE('',*,*,#4780,.F.);
#6662=ORIENTED_EDGE('',*,*,#4781,.T.);
#6663=ORIENTED_EDGE('',*,*,#4766,.F.);
#6664=ORIENTED_EDGE('',*,*,#4781,.F.);
#6665=ORIENTED_EDGE('',*,*,#4782,.T.);
#6666=ORIENTED_EDGE('',*,*,#4769,.F.);
#6667=ORIENTED_EDGE('',*,*,#4760,.F.);
#6668=ORIENTED_EDGE('',*,*,#4783,.T.);
#6669=ORIENTED_EDGE('',*,*,#4784,.F.);
#6670=ORIENTED_EDGE('',*,*,#4785,.T.);
#6671=ORIENTED_EDGE('',*,*,#4780,.T.);
#6672=ORIENTED_EDGE('',*,*,#4786,.F.);
#6673=ORIENTED_EDGE('',*,*,#4784,.T.);
#6674=ORIENTED_EDGE('',*,*,#4787,.F.);
#6675=ORIENTED_EDGE('',*,*,#4754,.F.);
#6676=ORIENTED_EDGE('',*,*,#4788,.F.);
#6677=ORIENTED_EDGE('',*,*,#4789,.T.);
#6678=ORIENTED_EDGE('',*,*,#4790,.F.);
#6679=ORIENTED_EDGE('',*,*,#4791,.T.);
#6680=ORIENTED_EDGE('',*,*,#4792,.F.);
#6681=ORIENTED_EDGE('',*,*,#4793,.T.);
#6682=ORIENTED_EDGE('',*,*,#4794,.F.);
#6683=ORIENTED_EDGE('',*,*,#4795,.T.);
#6684=ORIENTED_EDGE('',*,*,#4777,.F.);
#6685=ORIENTED_EDGE('',*,*,#4770,.F.);
#6686=ORIENTED_EDGE('',*,*,#4782,.F.);
#6687=ORIENTED_EDGE('',*,*,#4253,.T.);
#6688=ORIENTED_EDGE('',*,*,#4796,.T.);
#6689=ORIENTED_EDGE('',*,*,#4797,.T.);
#6690=ORIENTED_EDGE('',*,*,#4798,.T.);
#6691=ORIENTED_EDGE('',*,*,#4799,.T.);
#6692=ORIENTED_EDGE('',*,*,#4800,.T.);
#6693=ORIENTED_EDGE('',*,*,#4801,.T.);
#6694=ORIENTED_EDGE('',*,*,#4802,.T.);
#6695=ORIENTED_EDGE('',*,*,#4729,.T.);
#6696=ORIENTED_EDGE('',*,*,#4732,.T.);
#6697=ORIENTED_EDGE('',*,*,#4734,.T.);
#6698=ORIENTED_EDGE('',*,*,#4736,.T.);
#6699=ORIENTED_EDGE('',*,*,#4755,.F.);
#6700=ORIENTED_EDGE('',*,*,#4787,.T.);
#6701=ORIENTED_EDGE('',*,*,#4783,.F.);
#6702=ORIENTED_EDGE('',*,*,#4757,.F.);
#6703=ORIENTED_EDGE('',*,*,#4803,.T.);
#6704=ORIENTED_EDGE('',*,*,#4079,.T.);
#6705=ORIENTED_EDGE('',*,*,#4776,.F.);
#6706=ORIENTED_EDGE('',*,*,#4804,.T.);
#6707=ORIENTED_EDGE('',*,*,#4805,.T.);
#6708=ORIENTED_EDGE('',*,*,#4077,.T.);
#6709=ORIENTED_EDGE('',*,*,#4803,.F.);
#6710=ORIENTED_EDGE('',*,*,#4806,.T.);
#6711=ORIENTED_EDGE('',*,*,#4807,.T.);
#6712=ORIENTED_EDGE('',*,*,#4075,.T.);
#6713=ORIENTED_EDGE('',*,*,#4805,.F.);
#6714=ORIENTED_EDGE('',*,*,#4808,.T.);
#6715=ORIENTED_EDGE('',*,*,#4809,.T.);
#6716=ORIENTED_EDGE('',*,*,#4073,.T.);
#6717=ORIENTED_EDGE('',*,*,#4807,.F.);
#6718=ORIENTED_EDGE('',*,*,#4810,.T.);
#6719=ORIENTED_EDGE('',*,*,#4811,.T.);
#6720=ORIENTED_EDGE('',*,*,#4070,.T.);
#6721=ORIENTED_EDGE('',*,*,#4809,.F.);
#6722=ORIENTED_EDGE('',*,*,#4812,.T.);
#6723=ORIENTED_EDGE('',*,*,#4154,.T.);
#6724=ORIENTED_EDGE('',*,*,#4811,.F.);
#6725=ORIENTED_EDGE('',*,*,#4813,.T.);
#6726=ORIENTED_EDGE('',*,*,#4814,.T.);
#6727=ORIENTED_EDGE('',*,*,#4773,.T.);
#6728=ORIENTED_EDGE('',*,*,#4068,.T.);
#6729=ORIENTED_EDGE('',*,*,#4815,.T.);
#6730=ORIENTED_EDGE('',*,*,#4816,.T.);
#6731=ORIENTED_EDGE('',*,*,#4156,.T.);
#6732=ORIENTED_EDGE('',*,*,#4817,.T.);
#6733=ORIENTED_EDGE('',*,*,#4818,.T.);
#6734=ORIENTED_EDGE('',*,*,#4815,.F.);
#6735=ORIENTED_EDGE('',*,*,#4155,.T.);
#6736=ORIENTED_EDGE('',*,*,#4814,.F.);
#6737=ORIENTED_EDGE('',*,*,#4819,.T.);
#6738=ORIENTED_EDGE('',*,*,#4817,.F.);
#6739=ORIENTED_EDGE('',*,*,#4753,.F.);
#6740=ORIENTED_EDGE('',*,*,#4774,.F.);
#6741=ORIENTED_EDGE('',*,*,#4820,.F.);
#6742=ORIENTED_EDGE('',*,*,#4788,.T.);
#6743=ORIENTED_EDGE('',*,*,#4808,.F.);
#6744=ORIENTED_EDGE('',*,*,#4821,.T.);
#6745=ORIENTED_EDGE('',*,*,#4793,.F.);
#6746=ORIENTED_EDGE('',*,*,#4822,.T.);
#6747=ORIENTED_EDGE('',*,*,#4810,.F.);
#6748=ORIENTED_EDGE('',*,*,#4822,.F.);
#6749=ORIENTED_EDGE('',*,*,#4792,.T.);
#6750=ORIENTED_EDGE('',*,*,#4823,.F.);
#6751=ORIENTED_EDGE('',*,*,#4812,.F.);
#6752=ORIENTED_EDGE('',*,*,#4823,.T.);
#6753=ORIENTED_EDGE('',*,*,#4791,.F.);
#6754=ORIENTED_EDGE('',*,*,#4824,.T.);
#6755=ORIENTED_EDGE('',*,*,#4813,.F.);
#6756=ORIENTED_EDGE('',*,*,#4819,.F.);
#6757=ORIENTED_EDGE('',*,*,#4824,.F.);
#6758=ORIENTED_EDGE('',*,*,#4790,.T.);
#6759=ORIENTED_EDGE('',*,*,#4825,.F.);
#6760=ORIENTED_EDGE('',*,*,#4804,.F.);
#6761=ORIENTED_EDGE('',*,*,#4778,.T.);
#6762=ORIENTED_EDGE('',*,*,#4795,.F.);
#6763=ORIENTED_EDGE('',*,*,#4826,.T.);
#6764=ORIENTED_EDGE('',*,*,#4818,.F.);
#6765=ORIENTED_EDGE('',*,*,#4825,.T.);
#6766=ORIENTED_EDGE('',*,*,#4789,.F.);
#6767=ORIENTED_EDGE('',*,*,#4820,.T.);
#6768=ORIENTED_EDGE('',*,*,#4816,.F.);
#6769=ORIENTED_EDGE('',*,*,#4827,.T.);
#6770=ORIENTED_EDGE('',*,*,#4828,.T.);
#6771=ORIENTED_EDGE('',*,*,#4829,.T.);
#6772=ORIENTED_EDGE('',*,*,#4830,.T.);
#6773=ORIENTED_EDGE('',*,*,#4831,.T.);
#6774=ORIENTED_EDGE('',*,*,#4832,.T.);
#6775=ORIENTED_EDGE('',*,*,#4833,.T.);
#6776=ORIENTED_EDGE('',*,*,#4064,.T.);
#6777=ORIENTED_EDGE('',*,*,#4834,.T.);
#6778=ORIENTED_EDGE('',*,*,#4062,.T.);
#6779=ORIENTED_EDGE('',*,*,#4833,.F.);
#6780=ORIENTED_EDGE('',*,*,#4835,.T.);
#6781=ORIENTED_EDGE('',*,*,#4836,.T.);
#6782=ORIENTED_EDGE('',*,*,#4060,.T.);
#6783=ORIENTED_EDGE('',*,*,#4834,.F.);
#6784=ORIENTED_EDGE('',*,*,#4837,.T.);
#6785=ORIENTED_EDGE('',*,*,#4838,.T.);
#6786=ORIENTED_EDGE('',*,*,#4058,.T.);
#6787=ORIENTED_EDGE('',*,*,#4836,.F.);
#6788=ORIENTED_EDGE('',*,*,#4839,.T.);
#6789=ORIENTED_EDGE('',*,*,#4840,.T.);
#6790=ORIENTED_EDGE('',*,*,#4056,.T.);
#6791=ORIENTED_EDGE('',*,*,#4838,.F.);
#6792=ORIENTED_EDGE('',*,*,#4841,.T.);
#6793=ORIENTED_EDGE('',*,*,#4831,.F.);
#6794=ORIENTED_EDGE('',*,*,#4842,.T.);
#6795=ORIENTED_EDGE('',*,*,#4827,.F.);
#6796=ORIENTED_EDGE('',*,*,#4843,.T.);
#6797=ORIENTED_EDGE('',*,*,#4844,.T.);
#6798=ORIENTED_EDGE('',*,*,#4845,.T.);
#6799=ORIENTED_EDGE('',*,*,#4846,.T.);
#6800=ORIENTED_EDGE('',*,*,#4843,.F.);
#6801=ORIENTED_EDGE('',*,*,#4847,.T.);
#6802=ORIENTED_EDGE('',*,*,#4840,.F.);
#6803=ORIENTED_EDGE('',*,*,#4828,.F.);
#6804=ORIENTED_EDGE('',*,*,#4848,.F.);
#6805=ORIENTED_EDGE('',*,*,#4849,.F.);
#6806=ORIENTED_EDGE('',*,*,#4850,.T.);
#6807=ORIENTED_EDGE('',*,*,#4842,.F.);
#6808=ORIENTED_EDGE('',*,*,#4037,.T.);
#6809=ORIENTED_EDGE('',*,*,#4851,.F.);
#6810=ORIENTED_EDGE('',*,*,#4848,.T.);
#6811=ORIENTED_EDGE('',*,*,#4847,.F.);
#6812=ORIENTED_EDGE('',*,*,#4852,.T.);
#6813=ORIENTED_EDGE('',*,*,#4853,.T.);
#6814=ORIENTED_EDGE('',*,*,#4054,.T.);
#6815=ORIENTED_EDGE('',*,*,#4846,.F.);
#6816=ORIENTED_EDGE('',*,*,#4854,.T.);
#6817=ORIENTED_EDGE('',*,*,#4855,.F.);
#6818=ORIENTED_EDGE('',*,*,#4852,.F.);
#6819=ORIENTED_EDGE('',*,*,#4835,.F.);
#6820=ORIENTED_EDGE('',*,*,#4856,.T.);
#6821=ORIENTED_EDGE('',*,*,#4857,.F.);
#6822=ORIENTED_EDGE('',*,*,#4858,.T.);
#6823=ORIENTED_EDGE('',*,*,#4830,.F.);
#6824=ORIENTED_EDGE('',*,*,#4859,.T.);
#6825=ORIENTED_EDGE('',*,*,#4856,.F.);
#6826=ORIENTED_EDGE('',*,*,#4832,.F.);
#6827=ORIENTED_EDGE('',*,*,#4839,.F.);
#6828=ORIENTED_EDGE('',*,*,#4860,.T.);
#6829=ORIENTED_EDGE('',*,*,#4861,.F.);
#6830=ORIENTED_EDGE('',*,*,#4862,.T.);
#6831=ORIENTED_EDGE('',*,*,#4837,.F.);
#6832=ORIENTED_EDGE('',*,*,#4858,.F.);
#6833=ORIENTED_EDGE('',*,*,#4863,.T.);
#6834=ORIENTED_EDGE('',*,*,#4860,.F.);
#6835=ORIENTED_EDGE('',*,*,#4864,.T.);
#6836=ORIENTED_EDGE('',*,*,#4052,.T.);
#6837=ORIENTED_EDGE('',*,*,#4853,.F.);
#6838=ORIENTED_EDGE('',*,*,#4865,.T.);
#6839=ORIENTED_EDGE('',*,*,#4866,.T.);
#6840=ORIENTED_EDGE('',*,*,#4050,.T.);
#6841=ORIENTED_EDGE('',*,*,#4864,.F.);
#6842=ORIENTED_EDGE('',*,*,#4867,.T.);
#6843=ORIENTED_EDGE('',*,*,#4868,.T.);
#6844=ORIENTED_EDGE('',*,*,#4048,.T.);
#6845=ORIENTED_EDGE('',*,*,#4866,.F.);
#6846=ORIENTED_EDGE('',*,*,#4869,.T.);
#6847=ORIENTED_EDGE('',*,*,#4870,.T.);
#6848=ORIENTED_EDGE('',*,*,#4046,.T.);
#6849=ORIENTED_EDGE('',*,*,#4868,.F.);
#6850=ORIENTED_EDGE('',*,*,#4871,.T.);
#6851=ORIENTED_EDGE('',*,*,#4872,.T.);
#6852=ORIENTED_EDGE('',*,*,#4044,.T.);
#6853=ORIENTED_EDGE('',*,*,#4870,.F.);
#6854=ORIENTED_EDGE('',*,*,#4873,.T.);
#6855=ORIENTED_EDGE('',*,*,#4874,.T.);
#6856=ORIENTED_EDGE('',*,*,#4042,.T.);
#6857=ORIENTED_EDGE('',*,*,#4872,.F.);
#6858=ORIENTED_EDGE('',*,*,#4875,.T.);
#6859=ORIENTED_EDGE('',*,*,#4851,.T.);
#6860=ORIENTED_EDGE('',*,*,#4040,.T.);
#6861=ORIENTED_EDGE('',*,*,#4874,.F.);
#6862=ORIENTED_EDGE('',*,*,#4876,.T.);
#6863=ORIENTED_EDGE('',*,*,#4876,.F.);
#6864=ORIENTED_EDGE('',*,*,#4877,.T.);
#6865=ORIENTED_EDGE('',*,*,#4878,.F.);
#6866=ORIENTED_EDGE('',*,*,#4849,.T.);
#6867=ORIENTED_EDGE('',*,*,#4875,.F.);
#6868=ORIENTED_EDGE('',*,*,#4879,.F.);
#6869=ORIENTED_EDGE('',*,*,#4880,.T.);
#6870=ORIENTED_EDGE('',*,*,#4877,.F.);
#6871=ORIENTED_EDGE('',*,*,#4873,.F.);
#6872=ORIENTED_EDGE('',*,*,#4881,.T.);
#6873=ORIENTED_EDGE('',*,*,#4882,.F.);
#6874=ORIENTED_EDGE('',*,*,#4879,.T.);
#6875=ORIENTED_EDGE('',*,*,#4871,.F.);
#6876=ORIENTED_EDGE('',*,*,#4883,.F.);
#6877=ORIENTED_EDGE('',*,*,#4884,.T.);
#6878=ORIENTED_EDGE('',*,*,#4881,.F.);
#6879=ORIENTED_EDGE('',*,*,#4869,.F.);
#6880=ORIENTED_EDGE('',*,*,#4885,.T.);
#6881=ORIENTED_EDGE('',*,*,#4886,.F.);
#6882=ORIENTED_EDGE('',*,*,#4883,.T.);
#6883=ORIENTED_EDGE('',*,*,#4867,.F.);
#6884=ORIENTED_EDGE('',*,*,#4887,.F.);
#6885=ORIENTED_EDGE('',*,*,#4888,.T.);
#6886=ORIENTED_EDGE('',*,*,#4885,.F.);
#6887=ORIENTED_EDGE('',*,*,#4865,.F.);
#6888=ORIENTED_EDGE('',*,*,#4855,.T.);
#6889=ORIENTED_EDGE('',*,*,#4889,.F.);
#6890=ORIENTED_EDGE('',*,*,#4887,.T.);
#6891=ORIENTED_EDGE('',*,*,#4841,.F.);
#6892=ORIENTED_EDGE('',*,*,#4862,.F.);
#6893=ORIENTED_EDGE('',*,*,#4890,.T.);
#6894=ORIENTED_EDGE('',*,*,#4844,.F.);
#6895=ORIENTED_EDGE('',*,*,#4857,.T.);
#6896=ORIENTED_EDGE('',*,*,#4859,.F.);
#6897=ORIENTED_EDGE('',*,*,#4829,.F.);
#6898=ORIENTED_EDGE('',*,*,#4850,.F.);
#6899=ORIENTED_EDGE('',*,*,#4878,.T.);
#6900=ORIENTED_EDGE('',*,*,#4880,.F.);
#6901=ORIENTED_EDGE('',*,*,#4882,.T.);
#6902=ORIENTED_EDGE('',*,*,#4884,.F.);
#6903=ORIENTED_EDGE('',*,*,#4886,.T.);
#6904=ORIENTED_EDGE('',*,*,#4888,.F.);
#6905=ORIENTED_EDGE('',*,*,#4889,.T.);
#6906=ORIENTED_EDGE('',*,*,#4854,.F.);
#6907=ORIENTED_EDGE('',*,*,#4845,.F.);
#6908=ORIENTED_EDGE('',*,*,#4890,.F.);
#6909=ORIENTED_EDGE('',*,*,#4861,.T.);
#6910=ORIENTED_EDGE('',*,*,#4863,.F.);
#6911=ORIENTED_EDGE('',*,*,#4891,.T.);
#6912=ORIENTED_EDGE('',*,*,#4892,.T.);
#6913=ORIENTED_EDGE('',*,*,#4893,.T.);
#6914=ORIENTED_EDGE('',*,*,#4894,.T.);
#6915=ORIENTED_EDGE('',*,*,#4696,.T.);
#6916=ORIENTED_EDGE('',*,*,#4698,.T.);
#6917=ORIENTED_EDGE('',*,*,#4700,.T.);
#6918=ORIENTED_EDGE('',*,*,#4703,.T.);
#6919=ORIENTED_EDGE('',*,*,#4687,.T.);
#6920=ORIENTED_EDGE('',*,*,#4690,.T.);
#6921=ORIENTED_EDGE('',*,*,#4692,.T.);
#6922=ORIENTED_EDGE('',*,*,#4694,.T.);
#6923=ORIENTED_EDGE('',*,*,#4895,.T.);
#6924=ORIENTED_EDGE('',*,*,#4737,.T.);
#6925=ORIENTED_EDGE('',*,*,#4896,.T.);
#6926=ORIENTED_EDGE('',*,*,#4897,.T.);
#6927=ORIENTED_EDGE('',*,*,#4898,.T.);
#6928=ORIENTED_EDGE('',*,*,#4287,.T.);
#6929=ORIENTED_EDGE('',*,*,#4896,.F.);
#6930=ORIENTED_EDGE('',*,*,#4744,.T.);
#6931=ORIENTED_EDGE('',*,*,#4899,.T.);
#6932=ORIENTED_EDGE('',*,*,#4900,.T.);
#6933=ORIENTED_EDGE('',*,*,#4898,.F.);
#6934=ORIENTED_EDGE('',*,*,#4743,.T.);
#6935=ORIENTED_EDGE('',*,*,#4901,.T.);
#6936=ORIENTED_EDGE('',*,*,#4653,.T.);
#6937=ORIENTED_EDGE('',*,*,#4899,.F.);
#6938=ORIENTED_EDGE('',*,*,#4742,.T.);
#6939=ORIENTED_EDGE('',*,*,#4902,.T.);
#6940=ORIENTED_EDGE('',*,*,#4903,.T.);
#6941=ORIENTED_EDGE('',*,*,#4901,.F.);
#6942=ORIENTED_EDGE('',*,*,#4741,.T.);
#6943=ORIENTED_EDGE('',*,*,#4904,.T.);
#6944=ORIENTED_EDGE('',*,*,#4905,.T.);
#6945=ORIENTED_EDGE('',*,*,#4902,.F.);
#6946=ORIENTED_EDGE('',*,*,#4740,.T.);
#6947=ORIENTED_EDGE('',*,*,#4906,.T.);
#6948=ORIENTED_EDGE('',*,*,#4907,.T.);
#6949=ORIENTED_EDGE('',*,*,#4904,.F.);
#6950=ORIENTED_EDGE('',*,*,#4739,.T.);
#6951=ORIENTED_EDGE('',*,*,#4906,.F.);
#6952=ORIENTED_EDGE('',*,*,#4738,.T.);
#6953=ORIENTED_EDGE('',*,*,#4895,.F.);
#6954=ORIENTED_EDGE('',*,*,#4908,.T.);
#6955=ORIENTED_EDGE('',*,*,#4905,.F.);
#6956=ORIENTED_EDGE('',*,*,#4909,.F.);
#6957=ORIENTED_EDGE('',*,*,#4910,.F.);
#6958=ORIENTED_EDGE('',*,*,#4911,.F.);
#6959=ORIENTED_EDGE('',*,*,#4912,.F.);
#6960=ORIENTED_EDGE('',*,*,#4913,.F.);
#6961=ORIENTED_EDGE('',*,*,#4914,.F.);
#6962=ORIENTED_EDGE('',*,*,#4915,.T.);
#6963=ORIENTED_EDGE('',*,*,#4916,.F.);
#6964=ORIENTED_EDGE('',*,*,#4917,.F.);
#6965=ORIENTED_EDGE('',*,*,#4907,.F.);
#6966=ORIENTED_EDGE('',*,*,#4918,.T.);
#6967=ORIENTED_EDGE('',*,*,#4919,.F.);
#6968=ORIENTED_EDGE('',*,*,#4909,.T.);
#6969=ORIENTED_EDGE('',*,*,#4908,.F.);
#6970=ORIENTED_EDGE('',*,*,#4920,.F.);
#6971=ORIENTED_EDGE('',*,*,#4921,.F.);
#6972=ORIENTED_EDGE('',*,*,#4922,.F.);
#6973=ORIENTED_EDGE('',*,*,#4923,.F.);
#6974=ORIENTED_EDGE('',*,*,#4924,.F.);
#6975=ORIENTED_EDGE('',*,*,#4925,.F.);
#6976=ORIENTED_EDGE('',*,*,#4926,.F.);
#6977=ORIENTED_EDGE('',*,*,#4927,.F.);
#6978=ORIENTED_EDGE('',*,*,#4928,.F.);
#6979=ORIENTED_EDGE('',*,*,#4929,.F.);
#6980=ORIENTED_EDGE('',*,*,#4930,.F.);
#6981=ORIENTED_EDGE('',*,*,#4931,.F.);
#6982=ORIENTED_EDGE('',*,*,#4932,.F.);
#6983=ORIENTED_EDGE('',*,*,#4933,.F.);
#6984=ORIENTED_EDGE('',*,*,#4934,.F.);
#6985=ORIENTED_EDGE('',*,*,#4935,.F.);
#6986=ORIENTED_EDGE('',*,*,#4918,.F.);
#6987=ORIENTED_EDGE('',*,*,#4897,.F.);
#6988=ORIENTED_EDGE('',*,*,#4296,.T.);
#6989=ORIENTED_EDGE('',*,*,#4936,.F.);
#6990=ORIENTED_EDGE('',*,*,#4920,.T.);
#6991=ORIENTED_EDGE('',*,*,#4937,.F.);
#6992=ORIENTED_EDGE('',*,*,#4938,.T.);
#6993=ORIENTED_EDGE('',*,*,#4939,.T.);
#6994=ORIENTED_EDGE('',*,*,#4935,.T.);
#6995=ORIENTED_EDGE('',*,*,#4940,.T.);
#6996=ORIENTED_EDGE('',*,*,#4941,.T.);
#6997=ORIENTED_EDGE('',*,*,#4942,.T.);
#6998=ORIENTED_EDGE('',*,*,#4919,.T.);
#6999=ORIENTED_EDGE('',*,*,#4939,.F.);
#7000=ORIENTED_EDGE('',*,*,#4943,.T.);
#7001=ORIENTED_EDGE('',*,*,#4944,.T.);
#7002=ORIENTED_EDGE('',*,*,#4945,.F.);
#7003=ORIENTED_EDGE('',*,*,#4946,.F.);
#7004=ORIENTED_EDGE('',*,*,#4910,.T.);
#7005=ORIENTED_EDGE('',*,*,#4942,.F.);
#7006=ORIENTED_EDGE('',*,*,#4947,.T.);
#7007=ORIENTED_EDGE('',*,*,#4947,.F.);
#7008=ORIENTED_EDGE('',*,*,#4943,.F.);
#7009=ORIENTED_EDGE('',*,*,#4938,.F.);
#7010=ORIENTED_EDGE('',*,*,#4948,.F.);
#7011=ORIENTED_EDGE('',*,*,#4949,.T.);
#7012=ORIENTED_EDGE('',*,*,#4950,.F.);
#7013=ORIENTED_EDGE('',*,*,#4951,.F.);
#7014=ORIENTED_EDGE('',*,*,#4952,.F.);
#7015=ORIENTED_EDGE('',*,*,#4953,.F.);
#7016=ORIENTED_EDGE('',*,*,#4954,.F.);
#7017=ORIENTED_EDGE('',*,*,#4955,.T.);
#7018=ORIENTED_EDGE('',*,*,#4956,.F.);
#7019=ORIENTED_EDGE('',*,*,#4957,.F.);
#7020=ORIENTED_EDGE('',*,*,#4958,.F.);
#7021=ORIENTED_EDGE('',*,*,#4959,.F.);
#7022=ORIENTED_EDGE('',*,*,#4960,.F.);
#7023=ORIENTED_EDGE('',*,*,#4961,.T.);
#7024=ORIENTED_EDGE('',*,*,#4962,.F.);
#7025=ORIENTED_EDGE('',*,*,#4963,.F.);
#7026=ORIENTED_EDGE('',*,*,#4964,.F.);
#7027=ORIENTED_EDGE('',*,*,#4965,.F.);
#7028=ORIENTED_EDGE('',*,*,#4966,.F.);
#7029=ORIENTED_EDGE('',*,*,#4967,.T.);
#7030=ORIENTED_EDGE('',*,*,#4968,.F.);
#7031=ORIENTED_EDGE('',*,*,#4969,.F.);
#7032=ORIENTED_EDGE('',*,*,#4970,.F.);
#7033=ORIENTED_EDGE('',*,*,#4971,.F.);
#7034=ORIENTED_EDGE('',*,*,#4972,.F.);
#7035=ORIENTED_EDGE('',*,*,#4973,.F.);
#7036=ORIENTED_EDGE('',*,*,#4974,.F.);
#7037=ORIENTED_EDGE('',*,*,#4975,.F.);
#7038=ORIENTED_EDGE('',*,*,#4976,.F.);
#7039=ORIENTED_EDGE('',*,*,#4977,.T.);
#7040=ORIENTED_EDGE('',*,*,#4921,.T.);
#7041=ORIENTED_EDGE('',*,*,#4978,.T.);
#7042=ORIENTED_EDGE('',*,*,#4951,.T.);
#7043=ORIENTED_EDGE('',*,*,#4979,.T.);
#7044=ORIENTED_EDGE('',*,*,#4980,.F.);
#7045=ORIENTED_EDGE('',*,*,#4981,.F.);
#7046=ORIENTED_EDGE('',*,*,#4929,.T.);
#7047=ORIENTED_EDGE('',*,*,#4982,.T.);
#7048=ORIENTED_EDGE('',*,*,#4983,.T.);
#7049=ORIENTED_EDGE('',*,*,#4984,.T.);
#7050=ORIENTED_EDGE('',*,*,#4952,.T.);
#7051=ORIENTED_EDGE('',*,*,#4978,.F.);
#7052=ORIENTED_EDGE('',*,*,#4936,.T.);
#7053=ORIENTED_EDGE('',*,*,#4985,.F.);
#7054=ORIENTED_EDGE('',*,*,#4953,.T.);
#7055=ORIENTED_EDGE('',*,*,#4984,.F.);
#7056=ORIENTED_EDGE('',*,*,#4295,.T.);
#7057=ORIENTED_EDGE('',*,*,#4986,.T.);
#7058=ORIENTED_EDGE('',*,*,#4987,.T.);
#7059=ORIENTED_EDGE('',*,*,#4977,.F.);
#7060=ORIENTED_EDGE('',*,*,#4988,.F.);
#7061=ORIENTED_EDGE('',*,*,#4989,.T.);
#7062=ORIENTED_EDGE('',*,*,#4990,.T.);
#7063=ORIENTED_EDGE('',*,*,#4922,.T.);
#7064=ORIENTED_EDGE('',*,*,#4983,.F.);
#7065=ORIENTED_EDGE('',*,*,#4991,.F.);
#7066=ORIENTED_EDGE('',*,*,#4992,.T.);
#7067=ORIENTED_EDGE('',*,*,#4988,.T.);
#7068=ORIENTED_EDGE('',*,*,#4982,.F.);
#7069=ORIENTED_EDGE('',*,*,#4928,.T.);
#7070=ORIENTED_EDGE('',*,*,#4993,.F.);
#7071=ORIENTED_EDGE('',*,*,#4994,.T.);
#7072=ORIENTED_EDGE('',*,*,#4991,.T.);
#7073=ORIENTED_EDGE('',*,*,#4995,.T.);
#7074=ORIENTED_EDGE('',*,*,#4996,.F.);
#7075=ORIENTED_EDGE('',*,*,#4997,.F.);
#7076=ORIENTED_EDGE('',*,*,#4289,.T.);
#7077=ORIENTED_EDGE('',*,*,#4998,.T.);
#7078=ORIENTED_EDGE('',*,*,#4957,.T.);
#7079=ORIENTED_EDGE('',*,*,#4999,.T.);
#7080=ORIENTED_EDGE('',*,*,#4958,.T.);
#7081=ORIENTED_EDGE('',*,*,#4998,.F.);
#7082=ORIENTED_EDGE('',*,*,#5000,.T.);
#7083=ORIENTED_EDGE('',*,*,#5001,.F.);
#7084=ORIENTED_EDGE('',*,*,#4959,.T.);
#7085=ORIENTED_EDGE('',*,*,#4999,.F.);
#7086=ORIENTED_EDGE('',*,*,#4651,.T.);
#7087=ORIENTED_EDGE('',*,*,#4646,.T.);
#7088=ORIENTED_EDGE('',*,*,#4661,.T.);
#7089=ORIENTED_EDGE('',*,*,#5002,.T.);
#7090=ORIENTED_EDGE('',*,*,#5003,.T.);
#7091=ORIENTED_EDGE('',*,*,#4900,.F.);
#7092=ORIENTED_EDGE('',*,*,#4652,.T.);
#7093=ORIENTED_EDGE('',*,*,#5000,.F.);
#7094=ORIENTED_EDGE('',*,*,#4288,.T.);
#7095=ORIENTED_EDGE('',*,*,#5004,.T.);
#7096=ORIENTED_EDGE('',*,*,#5005,.F.);
#7097=ORIENTED_EDGE('',*,*,#5006,.F.);
#7098=ORIENTED_EDGE('',*,*,#4655,.T.);
#7099=ORIENTED_EDGE('',*,*,#5007,.T.);
#7100=ORIENTED_EDGE('',*,*,#4963,.T.);
#7101=ORIENTED_EDGE('',*,*,#5008,.T.);
#7102=ORIENTED_EDGE('',*,*,#4964,.T.);
#7103=ORIENTED_EDGE('',*,*,#5007,.F.);
#7104=ORIENTED_EDGE('',*,*,#5009,.T.);
#7105=ORIENTED_EDGE('',*,*,#5010,.F.);
#7106=ORIENTED_EDGE('',*,*,#4965,.T.);
#7107=ORIENTED_EDGE('',*,*,#5008,.F.);
#7108=ORIENTED_EDGE('',*,*,#4916,.T.);
#7109=ORIENTED_EDGE('',*,*,#5011,.T.);
#7110=ORIENTED_EDGE('',*,*,#5012,.T.);
#7111=ORIENTED_EDGE('',*,*,#4903,.F.);
#7112=ORIENTED_EDGE('',*,*,#4917,.T.);
#7113=ORIENTED_EDGE('',*,*,#5009,.F.);
#7114=ORIENTED_EDGE('',*,*,#4654,.T.);
#7115=ORIENTED_EDGE('',*,*,#5013,.T.);
#7116=ORIENTED_EDGE('',*,*,#4969,.T.);
#7117=ORIENTED_EDGE('',*,*,#5014,.T.);
#7118=ORIENTED_EDGE('',*,*,#4142,.T.);
#7119=ORIENTED_EDGE('',*,*,#5015,.T.);
#7120=ORIENTED_EDGE('',*,*,#4140,.T.);
#7121=ORIENTED_EDGE('',*,*,#5014,.F.);
#7122=ORIENTED_EDGE('',*,*,#4976,.T.);
#7123=ORIENTED_EDGE('',*,*,#5016,.T.);
#7124=ORIENTED_EDGE('',*,*,#4130,.T.);
#7125=ORIENTED_EDGE('',*,*,#5015,.F.);
#7126=ORIENTED_EDGE('',*,*,#4975,.T.);
#7127=ORIENTED_EDGE('',*,*,#5017,.T.);
#7128=ORIENTED_EDGE('',*,*,#4138,.T.);
#7129=ORIENTED_EDGE('',*,*,#5018,.T.);
#7130=ORIENTED_EDGE('',*,*,#5019,.T.);
#7131=ORIENTED_EDGE('',*,*,#5020,.T.);
#7132=ORIENTED_EDGE('',*,*,#4128,.T.);
#7133=ORIENTED_EDGE('',*,*,#5017,.F.);
#7134=ORIENTED_EDGE('',*,*,#4974,.T.);
#7135=ORIENTED_EDGE('',*,*,#5021,.T.);
#7136=ORIENTED_EDGE('',*,*,#4096,.T.);
#7137=ORIENTED_EDGE('',*,*,#5020,.F.);
#7138=ORIENTED_EDGE('',*,*,#4973,.T.);
#7139=ORIENTED_EDGE('',*,*,#5022,.T.);
#7140=ORIENTED_EDGE('',*,*,#4093,.T.);
#7141=ORIENTED_EDGE('',*,*,#5021,.F.);
#7142=ORIENTED_EDGE('',*,*,#4972,.T.);
#7143=ORIENTED_EDGE('',*,*,#5023,.T.);
#7144=ORIENTED_EDGE('',*,*,#4153,.T.);
#7145=ORIENTED_EDGE('',*,*,#4620,.T.);
#7146=ORIENTED_EDGE('',*,*,#4145,.T.);
#7147=ORIENTED_EDGE('',*,*,#5022,.F.);
#7148=ORIENTED_EDGE('',*,*,#4971,.T.);
#7149=ORIENTED_EDGE('',*,*,#5013,.F.);
#7150=ORIENTED_EDGE('',*,*,#4144,.T.);
#7151=ORIENTED_EDGE('',*,*,#5023,.F.);
#7152=ORIENTED_EDGE('',*,*,#4970,.T.);
#7153=ORIENTED_EDGE('',*,*,#5016,.F.);
#7154=ORIENTED_EDGE('',*,*,#5024,.T.);
#7155=ORIENTED_EDGE('',*,*,#5025,.T.);
#7156=ORIENTED_EDGE('',*,*,#5026,.T.);
#7157=ORIENTED_EDGE('',*,*,#4131,.T.);
#7158=ORIENTED_EDGE('',*,*,#5019,.F.);
#7159=ORIENTED_EDGE('',*,*,#5027,.T.);
#7160=ORIENTED_EDGE('',*,*,#5028,.T.);
#7161=ORIENTED_EDGE('',*,*,#5024,.F.);
#7162=ORIENTED_EDGE('',*,*,#5018,.F.);
#7163=ORIENTED_EDGE('',*,*,#4137,.T.);
#7164=ORIENTED_EDGE('',*,*,#5029,.T.);
#7165=ORIENTED_EDGE('',*,*,#5030,.T.);
#7166=ORIENTED_EDGE('',*,*,#5027,.F.);
#7167=ORIENTED_EDGE('',*,*,#5031,.T.);
#7168=ORIENTED_EDGE('',*,*,#5032,.T.);
#7169=ORIENTED_EDGE('',*,*,#5029,.F.);
#7170=ORIENTED_EDGE('',*,*,#4136,.T.);
#7171=ORIENTED_EDGE('',*,*,#5033,.T.);
#7172=ORIENTED_EDGE('',*,*,#5034,.T.);
#7173=ORIENTED_EDGE('',*,*,#5031,.F.);
#7174=ORIENTED_EDGE('',*,*,#4135,.T.);
#7175=ORIENTED_EDGE('',*,*,#5035,.T.);
#7176=ORIENTED_EDGE('',*,*,#5036,.T.);
#7177=ORIENTED_EDGE('',*,*,#5033,.F.);
#7178=ORIENTED_EDGE('',*,*,#4134,.T.);
#7179=ORIENTED_EDGE('',*,*,#5037,.T.);
#7180=ORIENTED_EDGE('',*,*,#5038,.T.);
#7181=ORIENTED_EDGE('',*,*,#5035,.F.);
#7182=ORIENTED_EDGE('',*,*,#4133,.T.);
#7183=ORIENTED_EDGE('',*,*,#5037,.F.);
#7184=ORIENTED_EDGE('',*,*,#4132,.T.);
#7185=ORIENTED_EDGE('',*,*,#5026,.F.);
#7186=ORIENTED_EDGE('',*,*,#5039,.T.);
#7187=ORIENTED_EDGE('',*,*,#5036,.F.);
#7188=ORIENTED_EDGE('',*,*,#5040,.T.);
#7189=ORIENTED_EDGE('',*,*,#5041,.F.);
#7190=ORIENTED_EDGE('',*,*,#5042,.F.);
#7191=ORIENTED_EDGE('',*,*,#5038,.F.);
#7192=ORIENTED_EDGE('',*,*,#5043,.T.);
#7193=ORIENTED_EDGE('',*,*,#5044,.F.);
#7194=ORIENTED_EDGE('',*,*,#5040,.F.);
#7195=ORIENTED_EDGE('',*,*,#5039,.F.);
#7196=ORIENTED_EDGE('',*,*,#5045,.T.);
#7197=ORIENTED_EDGE('',*,*,#5046,.F.);
#7198=ORIENTED_EDGE('',*,*,#5043,.F.);
#7199=ORIENTED_EDGE('',*,*,#5025,.F.);
#7200=ORIENTED_EDGE('',*,*,#5047,.T.);
#7201=ORIENTED_EDGE('',*,*,#4994,.F.);
#7202=ORIENTED_EDGE('',*,*,#5045,.F.);
#7203=ORIENTED_EDGE('',*,*,#5048,.T.);
#7204=ORIENTED_EDGE('',*,*,#5046,.T.);
#7205=ORIENTED_EDGE('',*,*,#4993,.T.);
#7206=ORIENTED_EDGE('',*,*,#4927,.T.);
#7207=ORIENTED_EDGE('',*,*,#5049,.T.);
#7208=ORIENTED_EDGE('',*,*,#4923,.T.);
#7209=ORIENTED_EDGE('',*,*,#4990,.F.);
#7210=ORIENTED_EDGE('',*,*,#5050,.T.);
#7211=ORIENTED_EDGE('',*,*,#5051,.T.);
#7212=ORIENTED_EDGE('',*,*,#4924,.T.);
#7213=ORIENTED_EDGE('',*,*,#5049,.F.);
#7214=ORIENTED_EDGE('',*,*,#5052,.T.);
#7215=ORIENTED_EDGE('',*,*,#5053,.T.);
#7216=ORIENTED_EDGE('',*,*,#4925,.T.);
#7217=ORIENTED_EDGE('',*,*,#5051,.F.);
#7218=ORIENTED_EDGE('',*,*,#5041,.T.);
#7219=ORIENTED_EDGE('',*,*,#5048,.F.);
#7220=ORIENTED_EDGE('',*,*,#4926,.T.);
#7221=ORIENTED_EDGE('',*,*,#5053,.F.);
#7222=ORIENTED_EDGE('',*,*,#5044,.T.);
#7223=ORIENTED_EDGE('',*,*,#5030,.F.);
#7224=ORIENTED_EDGE('',*,*,#5054,.T.);
#7225=ORIENTED_EDGE('',*,*,#4989,.F.);
#7226=ORIENTED_EDGE('',*,*,#5055,.F.);
#7227=ORIENTED_EDGE('',*,*,#5028,.F.);
#7228=ORIENTED_EDGE('',*,*,#5055,.T.);
#7229=ORIENTED_EDGE('',*,*,#4992,.F.);
#7230=ORIENTED_EDGE('',*,*,#5047,.F.);
#7231=ORIENTED_EDGE('',*,*,#5056,.T.);
#7232=ORIENTED_EDGE('',*,*,#5057,.T.);
#7233=ORIENTED_EDGE('',*,*,#4948,.T.);
#7234=ORIENTED_EDGE('',*,*,#4937,.T.);
#7235=ORIENTED_EDGE('',*,*,#5058,.T.);
#7236=ORIENTED_EDGE('',*,*,#5059,.T.);
#7237=ORIENTED_EDGE('',*,*,#5060,.T.);
#7238=ORIENTED_EDGE('',*,*,#5056,.F.);
#7239=ORIENTED_EDGE('',*,*,#5061,.T.);
#7240=ORIENTED_EDGE('',*,*,#5062,.T.);
#7241=ORIENTED_EDGE('',*,*,#5063,.T.);
#7242=ORIENTED_EDGE('',*,*,#5059,.F.);
#7243=ORIENTED_EDGE('',*,*,#5064,.T.);
#7244=ORIENTED_EDGE('',*,*,#5065,.T.);
#7245=ORIENTED_EDGE('',*,*,#5066,.T.);
#7246=ORIENTED_EDGE('',*,*,#5062,.F.);
#7247=ORIENTED_EDGE('',*,*,#5067,.T.);
#7248=ORIENTED_EDGE('',*,*,#4950,.T.);
#7249=ORIENTED_EDGE('',*,*,#5068,.T.);
#7250=ORIENTED_EDGE('',*,*,#5065,.F.);
#7251=ORIENTED_EDGE('',*,*,#5069,.T.);
#7252=ORIENTED_EDGE('',*,*,#4979,.F.);
#7253=ORIENTED_EDGE('',*,*,#5069,.F.);
#7254=ORIENTED_EDGE('',*,*,#5070,.F.);
#7255=ORIENTED_EDGE('',*,*,#5071,.F.);
#7256=ORIENTED_EDGE('',*,*,#4980,.T.);
#7257=ORIENTED_EDGE('',*,*,#5067,.F.);
#7258=ORIENTED_EDGE('',*,*,#5072,.T.);
#7259=ORIENTED_EDGE('',*,*,#5073,.F.);
#7260=ORIENTED_EDGE('',*,*,#5070,.T.);
#7261=ORIENTED_EDGE('',*,*,#5064,.F.);
#7262=ORIENTED_EDGE('',*,*,#5074,.F.);
#7263=ORIENTED_EDGE('',*,*,#5075,.F.);
#7264=ORIENTED_EDGE('',*,*,#5072,.F.);
#7265=ORIENTED_EDGE('',*,*,#5061,.F.);
#7266=ORIENTED_EDGE('',*,*,#5076,.T.);
#7267=ORIENTED_EDGE('',*,*,#5077,.F.);
#7268=ORIENTED_EDGE('',*,*,#5074,.T.);
#7269=ORIENTED_EDGE('',*,*,#5058,.F.);
#7270=ORIENTED_EDGE('',*,*,#4941,.F.);
#7271=ORIENTED_EDGE('',*,*,#5078,.F.);
#7272=ORIENTED_EDGE('',*,*,#5076,.F.);
#7273=ORIENTED_EDGE('',*,*,#5079,.T.);
#7274=ORIENTED_EDGE('',*,*,#5078,.T.);
#7275=ORIENTED_EDGE('',*,*,#4940,.F.);
#7276=ORIENTED_EDGE('',*,*,#4934,.T.);
#7277=ORIENTED_EDGE('',*,*,#5080,.T.);
#7278=ORIENTED_EDGE('',*,*,#5077,.T.);
#7279=ORIENTED_EDGE('',*,*,#5079,.F.);
#7280=ORIENTED_EDGE('',*,*,#4933,.T.);
#7281=ORIENTED_EDGE('',*,*,#5081,.T.);
#7282=ORIENTED_EDGE('',*,*,#5075,.T.);
#7283=ORIENTED_EDGE('',*,*,#5080,.F.);
#7284=ORIENTED_EDGE('',*,*,#4932,.T.);
#7285=ORIENTED_EDGE('',*,*,#5082,.T.);
#7286=ORIENTED_EDGE('',*,*,#5073,.T.);
#7287=ORIENTED_EDGE('',*,*,#5081,.F.);
#7288=ORIENTED_EDGE('',*,*,#4931,.T.);
#7289=ORIENTED_EDGE('',*,*,#5071,.T.);
#7290=ORIENTED_EDGE('',*,*,#5082,.F.);
#7291=ORIENTED_EDGE('',*,*,#4930,.T.);
#7292=ORIENTED_EDGE('',*,*,#4981,.T.);
#7293=ORIENTED_EDGE('',*,*,#4597,.F.);
#7294=ORIENTED_EDGE('',*,*,#4579,.T.);
#7295=ORIENTED_EDGE('',*,*,#4602,.F.);
#7296=ORIENTED_EDGE('',*,*,#4599,.F.);
#7297=ORIENTED_EDGE('',*,*,#5083,.T.);
#7298=ORIENTED_EDGE('',*,*,#5084,.T.);
#7299=ORIENTED_EDGE('',*,*,#4986,.F.);
#7300=ORIENTED_EDGE('',*,*,#4294,.T.);
#7301=ORIENTED_EDGE('',*,*,#5085,.T.);
#7302=ORIENTED_EDGE('',*,*,#5086,.T.);
#7303=ORIENTED_EDGE('',*,*,#5083,.F.);
#7304=ORIENTED_EDGE('',*,*,#4293,.T.);
#7305=ORIENTED_EDGE('',*,*,#5087,.T.);
#7306=ORIENTED_EDGE('',*,*,#5088,.T.);
#7307=ORIENTED_EDGE('',*,*,#5085,.F.);
#7308=ORIENTED_EDGE('',*,*,#4292,.T.);
#7309=ORIENTED_EDGE('',*,*,#5089,.T.);
#7310=ORIENTED_EDGE('',*,*,#5090,.T.);
#7311=ORIENTED_EDGE('',*,*,#5087,.F.);
#7312=ORIENTED_EDGE('',*,*,#4291,.T.);
#7313=ORIENTED_EDGE('',*,*,#5091,.T.);
#7314=ORIENTED_EDGE('',*,*,#5089,.F.);
#7315=ORIENTED_EDGE('',*,*,#4290,.T.);
#7316=ORIENTED_EDGE('',*,*,#4997,.T.);
#7317=ORIENTED_EDGE('',*,*,#5092,.T.);
#7318=ORIENTED_EDGE('',*,*,#5093,.T.);
#7319=ORIENTED_EDGE('',*,*,#4954,.T.);
#7320=ORIENTED_EDGE('',*,*,#4985,.T.);
#7321=ORIENTED_EDGE('',*,*,#5094,.T.);
#7322=ORIENTED_EDGE('',*,*,#5095,.T.);
#7323=ORIENTED_EDGE('',*,*,#5096,.T.);
#7324=ORIENTED_EDGE('',*,*,#5092,.F.);
#7325=ORIENTED_EDGE('',*,*,#5097,.T.);
#7326=ORIENTED_EDGE('',*,*,#5098,.T.);
#7327=ORIENTED_EDGE('',*,*,#5099,.T.);
#7328=ORIENTED_EDGE('',*,*,#5095,.F.);
#7329=ORIENTED_EDGE('',*,*,#5100,.T.);
#7330=ORIENTED_EDGE('',*,*,#5101,.T.);
#7331=ORIENTED_EDGE('',*,*,#5102,.T.);
#7332=ORIENTED_EDGE('',*,*,#5098,.F.);
#7333=ORIENTED_EDGE('',*,*,#5103,.T.);
#7334=ORIENTED_EDGE('',*,*,#4956,.T.);
#7335=ORIENTED_EDGE('',*,*,#5104,.T.);
#7336=ORIENTED_EDGE('',*,*,#5101,.F.);
#7337=ORIENTED_EDGE('',*,*,#5105,.T.);
#7338=ORIENTED_EDGE('',*,*,#4995,.F.);
#7339=ORIENTED_EDGE('',*,*,#5091,.F.);
#7340=ORIENTED_EDGE('',*,*,#4996,.T.);
#7341=ORIENTED_EDGE('',*,*,#5105,.F.);
#7342=ORIENTED_EDGE('',*,*,#5106,.F.);
#7343=ORIENTED_EDGE('',*,*,#5090,.F.);
#7344=ORIENTED_EDGE('',*,*,#5106,.T.);
#7345=ORIENTED_EDGE('',*,*,#5103,.F.);
#7346=ORIENTED_EDGE('',*,*,#5107,.T.);
#7347=ORIENTED_EDGE('',*,*,#5088,.F.);
#7348=ORIENTED_EDGE('',*,*,#5107,.F.);
#7349=ORIENTED_EDGE('',*,*,#5100,.F.);
#7350=ORIENTED_EDGE('',*,*,#5108,.F.);
#7351=ORIENTED_EDGE('',*,*,#5086,.F.);
#7352=ORIENTED_EDGE('',*,*,#5108,.T.);
#7353=ORIENTED_EDGE('',*,*,#5097,.F.);
#7354=ORIENTED_EDGE('',*,*,#5109,.T.);
#7355=ORIENTED_EDGE('',*,*,#5084,.F.);
#7356=ORIENTED_EDGE('',*,*,#5109,.F.);
#7357=ORIENTED_EDGE('',*,*,#5094,.F.);
#7358=ORIENTED_EDGE('',*,*,#4987,.F.);
#7359=ORIENTED_EDGE('',*,*,#5110,.T.);
#7360=ORIENTED_EDGE('',*,*,#5111,.T.);
#7361=ORIENTED_EDGE('',*,*,#5002,.F.);
#7362=ORIENTED_EDGE('',*,*,#4660,.T.);
#7363=ORIENTED_EDGE('',*,*,#5112,.T.);
#7364=ORIENTED_EDGE('',*,*,#5113,.T.);
#7365=ORIENTED_EDGE('',*,*,#5110,.F.);
#7366=ORIENTED_EDGE('',*,*,#4659,.T.);
#7367=ORIENTED_EDGE('',*,*,#5114,.T.);
#7368=ORIENTED_EDGE('',*,*,#5115,.T.);
#7369=ORIENTED_EDGE('',*,*,#5112,.F.);
#7370=ORIENTED_EDGE('',*,*,#4658,.T.);
#7371=ORIENTED_EDGE('',*,*,#5116,.T.);
#7372=ORIENTED_EDGE('',*,*,#5117,.T.);
#7373=ORIENTED_EDGE('',*,*,#5114,.F.);
#7374=ORIENTED_EDGE('',*,*,#4657,.T.);
#7375=ORIENTED_EDGE('',*,*,#5118,.T.);
#7376=ORIENTED_EDGE('',*,*,#5116,.F.);
#7377=ORIENTED_EDGE('',*,*,#4656,.T.);
#7378=ORIENTED_EDGE('',*,*,#5006,.T.);
#7379=ORIENTED_EDGE('',*,*,#5119,.T.);
#7380=ORIENTED_EDGE('',*,*,#5120,.T.);
#7381=ORIENTED_EDGE('',*,*,#4960,.T.);
#7382=ORIENTED_EDGE('',*,*,#5001,.T.);
#7383=ORIENTED_EDGE('',*,*,#5121,.T.);
#7384=ORIENTED_EDGE('',*,*,#5122,.T.);
#7385=ORIENTED_EDGE('',*,*,#5123,.T.);
#7386=ORIENTED_EDGE('',*,*,#5119,.F.);
#7387=ORIENTED_EDGE('',*,*,#5124,.T.);
#7388=ORIENTED_EDGE('',*,*,#5125,.T.);
#7389=ORIENTED_EDGE('',*,*,#5126,.T.);
#7390=ORIENTED_EDGE('',*,*,#5122,.F.);
#7391=ORIENTED_EDGE('',*,*,#5127,.T.);
#7392=ORIENTED_EDGE('',*,*,#5128,.T.);
#7393=ORIENTED_EDGE('',*,*,#5129,.T.);
#7394=ORIENTED_EDGE('',*,*,#5125,.F.);
#7395=ORIENTED_EDGE('',*,*,#5130,.T.);
#7396=ORIENTED_EDGE('',*,*,#4962,.T.);
#7397=ORIENTED_EDGE('',*,*,#5131,.T.);
#7398=ORIENTED_EDGE('',*,*,#5128,.F.);
#7399=ORIENTED_EDGE('',*,*,#5132,.T.);
#7400=ORIENTED_EDGE('',*,*,#5004,.F.);
#7401=ORIENTED_EDGE('',*,*,#5118,.F.);
#7402=ORIENTED_EDGE('',*,*,#5005,.T.);
#7403=ORIENTED_EDGE('',*,*,#5132,.F.);
#7404=ORIENTED_EDGE('',*,*,#5133,.F.);
#7405=ORIENTED_EDGE('',*,*,#5117,.F.);
#7406=ORIENTED_EDGE('',*,*,#5133,.T.);
#7407=ORIENTED_EDGE('',*,*,#5130,.F.);
#7408=ORIENTED_EDGE('',*,*,#5134,.T.);
#7409=ORIENTED_EDGE('',*,*,#5115,.F.);
#7410=ORIENTED_EDGE('',*,*,#5134,.F.);
#7411=ORIENTED_EDGE('',*,*,#5127,.F.);
#7412=ORIENTED_EDGE('',*,*,#5135,.F.);
#7413=ORIENTED_EDGE('',*,*,#5113,.F.);
#7414=ORIENTED_EDGE('',*,*,#5135,.T.);
#7415=ORIENTED_EDGE('',*,*,#5124,.F.);
#7416=ORIENTED_EDGE('',*,*,#5136,.T.);
#7417=ORIENTED_EDGE('',*,*,#5111,.F.);
#7418=ORIENTED_EDGE('',*,*,#5136,.F.);
#7419=ORIENTED_EDGE('',*,*,#5121,.F.);
#7420=ORIENTED_EDGE('',*,*,#5003,.F.);
#7421=ORIENTED_EDGE('',*,*,#5137,.T.);
#7422=ORIENTED_EDGE('',*,*,#5138,.T.);
#7423=ORIENTED_EDGE('',*,*,#4966,.T.);
#7424=ORIENTED_EDGE('',*,*,#5010,.T.);
#7425=ORIENTED_EDGE('',*,*,#5139,.T.);
#7426=ORIENTED_EDGE('',*,*,#5140,.T.);
#7427=ORIENTED_EDGE('',*,*,#5141,.T.);
#7428=ORIENTED_EDGE('',*,*,#5137,.F.);
#7429=ORIENTED_EDGE('',*,*,#5142,.T.);
#7430=ORIENTED_EDGE('',*,*,#5143,.T.);
#7431=ORIENTED_EDGE('',*,*,#5144,.T.);
#7432=ORIENTED_EDGE('',*,*,#5140,.F.);
#7433=ORIENTED_EDGE('',*,*,#5145,.T.);
#7434=ORIENTED_EDGE('',*,*,#5146,.T.);
#7435=ORIENTED_EDGE('',*,*,#5147,.T.);
#7436=ORIENTED_EDGE('',*,*,#5143,.F.);
#7437=ORIENTED_EDGE('',*,*,#5148,.T.);
#7438=ORIENTED_EDGE('',*,*,#4968,.T.);
#7439=ORIENTED_EDGE('',*,*,#5149,.T.);
#7440=ORIENTED_EDGE('',*,*,#5146,.F.);
#7441=ORIENTED_EDGE('',*,*,#5150,.T.);
#7442=ORIENTED_EDGE('',*,*,#4944,.F.);
#7443=ORIENTED_EDGE('',*,*,#5150,.F.);
#7444=ORIENTED_EDGE('',*,*,#5151,.F.);
#7445=ORIENTED_EDGE('',*,*,#5152,.F.);
#7446=ORIENTED_EDGE('',*,*,#4945,.T.);
#7447=ORIENTED_EDGE('',*,*,#5148,.F.);
#7448=ORIENTED_EDGE('',*,*,#5153,.T.);
#7449=ORIENTED_EDGE('',*,*,#5154,.F.);
#7450=ORIENTED_EDGE('',*,*,#5151,.T.);
#7451=ORIENTED_EDGE('',*,*,#5145,.F.);
#7452=ORIENTED_EDGE('',*,*,#5155,.F.);
#7453=ORIENTED_EDGE('',*,*,#5156,.F.);
#7454=ORIENTED_EDGE('',*,*,#5153,.F.);
#7455=ORIENTED_EDGE('',*,*,#5142,.F.);
#7456=ORIENTED_EDGE('',*,*,#5157,.T.);
#7457=ORIENTED_EDGE('',*,*,#5158,.F.);
#7458=ORIENTED_EDGE('',*,*,#5155,.T.);
#7459=ORIENTED_EDGE('',*,*,#5139,.F.);
#7460=ORIENTED_EDGE('',*,*,#5012,.F.);
#7461=ORIENTED_EDGE('',*,*,#5159,.F.);
#7462=ORIENTED_EDGE('',*,*,#5157,.F.);
#7463=ORIENTED_EDGE('',*,*,#5160,.T.);
#7464=ORIENTED_EDGE('',*,*,#4911,.T.);
#7465=ORIENTED_EDGE('',*,*,#4946,.T.);
#7466=ORIENTED_EDGE('',*,*,#5152,.T.);
#7467=ORIENTED_EDGE('',*,*,#5161,.T.);
#7468=ORIENTED_EDGE('',*,*,#4912,.T.);
#7469=ORIENTED_EDGE('',*,*,#5160,.F.);
#7470=ORIENTED_EDGE('',*,*,#5154,.T.);
#7471=ORIENTED_EDGE('',*,*,#5162,.T.);
#7472=ORIENTED_EDGE('',*,*,#4913,.T.);
#7473=ORIENTED_EDGE('',*,*,#5161,.F.);
#7474=ORIENTED_EDGE('',*,*,#5156,.T.);
#7475=ORIENTED_EDGE('',*,*,#5163,.T.);
#7476=ORIENTED_EDGE('',*,*,#4914,.T.);
#7477=ORIENTED_EDGE('',*,*,#5162,.F.);
#7478=ORIENTED_EDGE('',*,*,#5158,.T.);
#7479=ORIENTED_EDGE('',*,*,#4915,.F.);
#7480=ORIENTED_EDGE('',*,*,#5163,.F.);
#7481=ORIENTED_EDGE('',*,*,#5159,.T.);
#7482=ORIENTED_EDGE('',*,*,#5011,.F.);
#7483=ORIENTED_EDGE('',*,*,#5131,.F.);
#7484=ORIENTED_EDGE('',*,*,#4961,.F.);
#7485=ORIENTED_EDGE('',*,*,#5120,.F.);
#7486=ORIENTED_EDGE('',*,*,#5123,.F.);
#7487=ORIENTED_EDGE('',*,*,#5126,.F.);
#7488=ORIENTED_EDGE('',*,*,#5129,.F.);
#7489=ORIENTED_EDGE('',*,*,#5034,.F.);
#7490=ORIENTED_EDGE('',*,*,#5042,.T.);
#7491=ORIENTED_EDGE('',*,*,#5052,.F.);
#7492=ORIENTED_EDGE('',*,*,#5164,.F.);
#7493=ORIENTED_EDGE('',*,*,#5032,.F.);
#7494=ORIENTED_EDGE('',*,*,#5164,.T.);
#7495=ORIENTED_EDGE('',*,*,#5050,.F.);
#7496=ORIENTED_EDGE('',*,*,#5054,.F.);
#7497=ORIENTED_EDGE('',*,*,#4585,.F.);
#7498=ORIENTED_EDGE('',*,*,#5165,.T.);
#7499=ORIENTED_EDGE('',*,*,#4125,.F.);
#7500=ORIENTED_EDGE('',*,*,#5166,.F.);
#7501=ORIENTED_EDGE('',*,*,#4586,.F.);
#7502=ORIENTED_EDGE('',*,*,#5166,.T.);
#7503=ORIENTED_EDGE('',*,*,#4124,.F.);
#7504=ORIENTED_EDGE('',*,*,#5167,.F.);
#7505=ORIENTED_EDGE('',*,*,#4583,.F.);
#7506=ORIENTED_EDGE('',*,*,#5167,.T.);
#7507=ORIENTED_EDGE('',*,*,#4123,.F.);
#7508=ORIENTED_EDGE('',*,*,#5168,.F.);
#7509=ORIENTED_EDGE('',*,*,#4584,.F.);
#7510=ORIENTED_EDGE('',*,*,#5168,.T.);
#7511=ORIENTED_EDGE('',*,*,#4126,.F.);
#7512=ORIENTED_EDGE('',*,*,#5165,.F.);
#7513=ORIENTED_EDGE('',*,*,#4762,.F.);
#7514=ORIENTED_EDGE('',*,*,#4785,.F.);
#7515=ORIENTED_EDGE('',*,*,#4786,.T.);
#7516=ORIENTED_EDGE('',*,*,#4779,.F.);
#7517=ORIENTED_EDGE('',*,*,#4891,.F.);
#7518=ORIENTED_EDGE('',*,*,#5169,.T.);
#7519=ORIENTED_EDGE('',*,*,#4751,.F.);
#7520=ORIENTED_EDGE('',*,*,#5169,.F.);
#7521=ORIENTED_EDGE('',*,*,#4892,.F.);
#7522=ORIENTED_EDGE('',*,*,#5170,.T.);
#7523=ORIENTED_EDGE('',*,*,#4745,.F.);
#7524=ORIENTED_EDGE('',*,*,#5170,.F.);
#7525=ORIENTED_EDGE('',*,*,#4893,.F.);
#7526=ORIENTED_EDGE('',*,*,#5171,.T.);
#7527=ORIENTED_EDGE('',*,*,#4750,.F.);
#7528=ORIENTED_EDGE('',*,*,#5171,.F.);
#7529=ORIENTED_EDGE('',*,*,#4894,.F.);
#7530=ORIENTED_EDGE('',*,*,#5172,.T.);
#7531=ORIENTED_EDGE('',*,*,#4749,.F.);
#7532=ORIENTED_EDGE('',*,*,#5172,.F.);
#7533=ORIENTED_EDGE('',*,*,#4796,.F.);
#7534=ORIENTED_EDGE('',*,*,#5173,.T.);
#7535=ORIENTED_EDGE('',*,*,#4748,.F.);
#7536=ORIENTED_EDGE('',*,*,#5173,.F.);
#7537=ORIENTED_EDGE('',*,*,#4797,.F.);
#7538=ORIENTED_EDGE('',*,*,#5174,.T.);
#7539=ORIENTED_EDGE('',*,*,#4746,.F.);
#7540=ORIENTED_EDGE('',*,*,#5174,.F.);
#7541=ORIENTED_EDGE('',*,*,#4798,.F.);
#7542=ORIENTED_EDGE('',*,*,#5175,.T.);
#7543=ORIENTED_EDGE('',*,*,#4747,.F.);
#7544=ORIENTED_EDGE('',*,*,#5175,.F.);
#7545=ORIENTED_EDGE('',*,*,#5068,.F.);
#7546=ORIENTED_EDGE('',*,*,#4949,.F.);
#7547=ORIENTED_EDGE('',*,*,#5057,.F.);
#7548=ORIENTED_EDGE('',*,*,#5060,.F.);
#7549=ORIENTED_EDGE('',*,*,#5063,.F.);
#7550=ORIENTED_EDGE('',*,*,#5066,.F.);
#7551=ORIENTED_EDGE('',*,*,#5104,.F.);
#7552=ORIENTED_EDGE('',*,*,#4955,.F.);
#7553=ORIENTED_EDGE('',*,*,#5093,.F.);
#7554=ORIENTED_EDGE('',*,*,#5096,.F.);
#7555=ORIENTED_EDGE('',*,*,#5099,.F.);
#7556=ORIENTED_EDGE('',*,*,#5102,.F.);
#7557=ORIENTED_EDGE('',*,*,#5149,.F.);
#7558=ORIENTED_EDGE('',*,*,#4967,.F.);
#7559=ORIENTED_EDGE('',*,*,#5138,.F.);
#7560=ORIENTED_EDGE('',*,*,#5141,.F.);
#7561=ORIENTED_EDGE('',*,*,#5144,.F.);
#7562=ORIENTED_EDGE('',*,*,#5147,.F.);
#7563=ORIENTED_EDGE('',*,*,#4710,.F.);
#7564=ORIENTED_EDGE('',*,*,#5176,.F.);
#7565=ORIENTED_EDGE('',*,*,#4799,.F.);
#7566=ORIENTED_EDGE('',*,*,#4735,.T.);
#7567=ORIENTED_EDGE('',*,*,#4719,.F.);
#7568=ORIENTED_EDGE('',*,*,#4730,.F.);
#7569=ORIENTED_EDGE('',*,*,#4802,.F.);
#7570=ORIENTED_EDGE('',*,*,#5177,.T.);
#7571=ORIENTED_EDGE('',*,*,#4716,.F.);
#7572=ORIENTED_EDGE('',*,*,#5177,.F.);
#7573=ORIENTED_EDGE('',*,*,#4801,.F.);
#7574=ORIENTED_EDGE('',*,*,#5178,.T.);
#7575=ORIENTED_EDGE('',*,*,#4713,.F.);
#7576=ORIENTED_EDGE('',*,*,#5178,.F.);
#7577=ORIENTED_EDGE('',*,*,#4800,.F.);
#7578=ORIENTED_EDGE('',*,*,#5176,.T.);
#7579=ORIENTED_EDGE('',*,*,#4806,.F.);
#7580=ORIENTED_EDGE('',*,*,#4826,.F.);
#7581=ORIENTED_EDGE('',*,*,#4794,.T.);
#7582=ORIENTED_EDGE('',*,*,#4821,.F.);
#7583=PLANE('',#8237);
#7584=PLANE('',#8266);
#7585=PLANE('',#8269);
#7586=PLANE('',#8272);
#7587=PLANE('',#8275);
#7588=PLANE('',#8278);
#7589=PLANE('',#8279);
#7590=PLANE('',#8282);
#7591=PLANE('',#8285);
#7592=PLANE('',#8286);
#7593=PLANE('',#8291);
#7594=PLANE('',#8294);
#7595=PLANE('',#8297);
#7596=PLANE('',#8298);
#7597=PLANE('',#8301);
#7598=PLANE('',#8304);
#7599=PLANE('',#8307);
#7600=PLANE('',#8312);
#7601=PLANE('',#8319);
#7602=PLANE('',#8322);
#7603=PLANE('',#8329);
#7604=PLANE('',#8332);
#7605=PLANE('',#8337);
#7606=PLANE('',#8342);
#7607=PLANE('',#8345);
#7608=PLANE('',#8350);
#7609=PLANE('',#8351);
#7610=PLANE('',#8365);
#7611=PLANE('',#8368);
#7612=PLANE('',#8391);
#7613=PLANE('',#8394);
#7614=PLANE('',#8400);
#7615=PLANE('',#8416);
#7616=PLANE('',#8419);
#7617=PLANE('',#8425);
#7618=PLANE('',#8432);
#7619=PLANE('',#8455);
#7620=PLANE('',#8470);
#7621=PLANE('',#8490);
#7622=PLANE('',#8493);
#7623=PLANE('',#8496);
#7624=PLANE('',#8499);
#7625=PLANE('',#8502);
#7626=PLANE('',#8507);
#7627=PLANE('',#8510);
#7628=PLANE('',#8512);
#7629=PLANE('',#8517);
#7630=PLANE('',#8540);
#7631=PLANE('',#8560);
#7632=PLANE('',#8563);
#7633=PLANE('',#8566);
#7634=PLANE('',#8569);
#7635=PLANE('',#8574);
#7636=PLANE('',#8577);
#7637=PLANE('',#8582);
#7638=PLANE('',#8586);
#7639=PLANE('',#8590);
#7640=PLANE('',#8610);
#7641=PLANE('',#8630);
#7642=PLANE('',#8633);
#7643=PLANE('',#8638);
#7644=PLANE('',#8641);
#7645=PLANE('',#8644);
#7646=PLANE('',#8648);
#7647=PLANE('',#8652);
#7648=PLANE('',#8653);
#7649=PLANE('',#8654);
#7650=PLANE('',#8655);
#7651=PLANE('',#8656);
#7652=PLANE('',#8657);
#7653=PLANE('',#8658);
#7654=PLANE('',#8659);
#7655=PLANE('',#8660);
#7656=PLANE('',#8661);
#7657=PLANE('',#8662);
#7658=PLANE('',#8663);
#7659=PLANE('',#8664);
#7660=PLANE('',#8665);
#7661=PLANE('',#8666);
#7662=PLANE('',#8667);
#7663=PLANE('',#8668);
#7664=PLANE('',#8674);
#7665=PLANE('',#8675);
#7666=PLANE('',#8679);
#7667=PLANE('',#8690);
#7668=PLANE('',#8717);
#7669=PLANE('',#8720);
#7670=PLANE('',#8746);
#7671=PLANE('',#8750);
#7672=PLANE('',#8751);
#7673=PLANE('',#8769);
#7674=PLANE('',#8772);
#7675=PLANE('',#8775);
#7676=PLANE('',#8779);
#7677=PLANE('',#8798);
#7678=PLANE('',#8801);
#7679=PLANE('',#8802);
#7680=PLANE('',#8841);
#7681=PLANE('',#8844);
#7682=PLANE('',#8847);
#7683=PLANE('',#8857);
#7684=PLANE('',#8881);
#7685=PLANE('',#8883);
#7686=PLANE('',#8885);
#7687=PLANE('',#8911);
#7688=PLANE('',#8916);
#7689=PLANE('',#8919);
#7690=PLANE('',#8922);
#7691=PLANE('',#8942);
#7692=PLANE('',#8945);
#7693=PLANE('',#8948);
#7694=PLANE('',#8951);
#7695=PLANE('',#8952);
#7696=PLANE('',#8977);
#7697=PLANE('',#8982);
#7698=PLANE('',#8999);
#7699=PLANE('',#9085);
#7700=PLANE('',#9088);
#7701=PLANE('',#9101);
#7702=PLANE('',#9115);
#7703=PLANE('',#9118);
#7704=PLANE('',#9121);
#7705=PLANE('',#9131);
#7706=PLANE('',#9156);
#7707=PLANE('',#9158);
#7708=PLANE('',#9160);
#7709=PLANE('',#9185);
#7710=PLANE('',#9187);
#7711=PLANE('',#9189);
#7712=PLANE('',#9203);
#7713=PLANE('',#9206);
#7714=PLANE('',#9209);
#7715=PLANE('',#9219);
#7716=PLANE('',#9221);
#7717=PLANE('',#9222);
#7718=PLANE('',#9223);
#7719=PLANE('',#9224);
#7720=PLANE('',#9225);
#7721=PLANE('',#9226);
#7722=PLANE('',#9234);
#7723=PLANE('',#9235);
#7724=PLANE('',#9236);
#7725=PLANE('',#9238);
#7726=PLANE('',#9240);
#7727=PLANE('',#9241);
#7728=ADVANCED_FACE('',(#484,#447,#448,#449,#450),#7583,.F.);
#7729=ADVANCED_FACE('',(#485),#7584,.T.);
#7730=ADVANCED_FACE('',(#486),#207,.F.);
#7731=ADVANCED_FACE('',(#487),#7585,.T.);
#7732=ADVANCED_FACE('',(#488),#208,.F.);
#7733=ADVANCED_FACE('',(#489),#7586,.T.);
#7734=ADVANCED_FACE('',(#490),#209,.F.);
#7735=ADVANCED_FACE('',(#491),#7587,.T.);
#7736=ADVANCED_FACE('',(#492),#210,.F.);
#7737=ADVANCED_FACE('',(#493),#7588,.T.);
#7738=ADVANCED_FACE('',(#494),#7589,.T.);
#7739=ADVANCED_FACE('',(#495),#211,.F.);
#7740=ADVANCED_FACE('',(#496),#7590,.T.);
#7741=ADVANCED_FACE('',(#497),#212,.F.);
#7742=ADVANCED_FACE('',(#498),#7591,.T.);
#7743=ADVANCED_FACE('',(#499),#7592,.T.);
#7744=ADVANCED_FACE('',(#500),#213,.F.);
#7745=ADVANCED_FACE('',(#501),#214,.F.);
#7746=ADVANCED_FACE('',(#502),#7593,.T.);
#7747=ADVANCED_FACE('',(#503),#215,.F.);
#7748=ADVANCED_FACE('',(#504),#7594,.T.);
#7749=ADVANCED_FACE('',(#505),#216,.F.);
#7750=ADVANCED_FACE('',(#506),#7595,.T.);
#7751=ADVANCED_FACE('',(#507),#7596,.T.);
#7752=ADVANCED_FACE('',(#508),#217,.F.);
#7753=ADVANCED_FACE('',(#509),#7597,.T.);
#7754=ADVANCED_FACE('',(#510),#218,.F.);
#7755=ADVANCED_FACE('',(#511),#7598,.T.);
#7756=ADVANCED_FACE('',(#512),#219,.F.);
#7757=ADVANCED_FACE('',(#513,#451,#452,#453,#454,#455,#456,#457),#7599,
 .F.);
#7758=ADVANCED_FACE('',(#514),#220,.F.);
#7759=ADVANCED_FACE('',(#515),#7600,.F.);
#7760=ADVANCED_FACE('',(#516),#221,.F.);
#7761=ADVANCED_FACE('',(#517),#7601,.F.);
#7762=ADVANCED_FACE('',(#518),#222,.F.);
#7763=ADVANCED_FACE('',(#519),#7602,.F.);
#7764=ADVANCED_FACE('',(#520),#223,.T.);
#7765=ADVANCED_FACE('',(#521),#7603,.F.);
#7766=ADVANCED_FACE('',(#522),#224,.T.);
#7767=ADVANCED_FACE('',(#523),#7604,.F.);
#7768=ADVANCED_FACE('',(#524),#225,.T.);
#7769=ADVANCED_FACE('',(#525),#7605,.F.);
#7770=ADVANCED_FACE('',(#526),#226,.T.);
#7771=ADVANCED_FACE('',(#527),#7606,.F.);
#7772=ADVANCED_FACE('',(#528),#227,.T.);
#7773=ADVANCED_FACE('',(#529),#7607,.F.);
#7774=ADVANCED_FACE('',(#530),#228,.T.);
#7775=ADVANCED_FACE('',(#531),#7608,.F.);
#7776=ADVANCED_FACE('',(#532),#7609,.F.);
#7777=ADVANCED_FACE('',(#533),#229,.T.);
#7778=ADVANCED_FACE('',(#534),#79,.T.);
#7779=ADVANCED_FACE('',(#535),#230,.T.);
#7780=ADVANCED_FACE('',(#536),#80,.T.);
#7781=ADVANCED_FACE('',(#537),#231,.T.);
#7782=ADVANCED_FACE('',(#538),#7610,.T.);
#7783=ADVANCED_FACE('',(#539),#232,.T.);
#7784=ADVANCED_FACE('',(#540),#7611,.F.);
#7785=ADVANCED_FACE('',(#541),#81,.T.);
#7786=ADVANCED_FACE('',(#542),#233,.T.);
#7787=ADVANCED_FACE('',(#543),#82,.T.);
#7788=ADVANCED_FACE('',(#544),#234,.T.);
#7789=ADVANCED_FACE('',(#545),#235,.T.);
#7790=ADVANCED_FACE('',(#546),#83,.T.);
#7791=ADVANCED_FACE('',(#547),#236,.T.);
#7792=ADVANCED_FACE('',(#548),#84,.T.);
#7793=ADVANCED_FACE('',(#549),#237,.T.);
#7794=ADVANCED_FACE('',(#550),#238,.T.);
#7795=ADVANCED_FACE('',(#551),#7612,.T.);
#7796=ADVANCED_FACE('',(#552),#239,.T.);
#7797=ADVANCED_FACE('',(#553),#7613,.F.);
#7798=ADVANCED_FACE('',(#554),#85,.T.);
#7799=ADVANCED_FACE('',(#555),#240,.T.);
#7800=ADVANCED_FACE('',(#556),#86,.T.);
#7801=ADVANCED_FACE('',(#557),#7614,.F.);
#7802=ADVANCED_FACE('',(#558),#241,.T.);
#7803=ADVANCED_FACE('',(#559),#87,.T.);
#7804=ADVANCED_FACE('',(#560),#242,.T.);
#7805=ADVANCED_FACE('',(#561),#88,.T.);
#7806=ADVANCED_FACE('',(#562),#243,.T.);
#7807=ADVANCED_FACE('',(#563),#244,.T.);
#7808=ADVANCED_FACE('',(#564),#7615,.T.);
#7809=ADVANCED_FACE('',(#565),#245,.T.);
#7810=ADVANCED_FACE('',(#566),#7616,.F.);
#7811=ADVANCED_FACE('',(#567),#89,.T.);
#7812=ADVANCED_FACE('',(#568),#246,.T.);
#7813=ADVANCED_FACE('',(#569),#90,.T.);
#7814=ADVANCED_FACE('',(#570),#7617,.F.);
#7815=ADVANCED_FACE('',(#571),#247,.F.);
#7816=ADVANCED_FACE('',(#572),#248,.T.);
#7817=ADVANCED_FACE('',(#573),#7618,.F.);
#7818=ADVANCED_FACE('',(#574),#19,.F.);
#7819=ADVANCED_FACE('',(#575),#20,.F.);
#7820=ADVANCED_FACE('',(#576),#249,.T.);
#7821=ADVANCED_FACE('',(#577),#250,.T.);
#7822=ADVANCED_FACE('',(#578),#91,.T.);
#7823=ADVANCED_FACE('',(#579),#251,.T.);
#7824=ADVANCED_FACE('',(#580),#92,.T.);
#7825=ADVANCED_FACE('',(#581),#252,.T.);
#7826=ADVANCED_FACE('',(#582),#253,.T.);
#7827=ADVANCED_FACE('',(#583,#458,#459,#460,#461),#7619,.F.);
#7828=ADVANCED_FACE('',(#584),#254,.T.);
#7829=ADVANCED_FACE('',(#585),#7620,.F.);
#7830=ADVANCED_FACE('',(#586),#21,.F.);
#7831=ADVANCED_FACE('',(#587),#22,.F.);
#7832=ADVANCED_FACE('',(#588),#255,.T.);
#7833=ADVANCED_FACE('',(#589),#256,.T.);
#7834=ADVANCED_FACE('',(#590),#93,.T.);
#7835=ADVANCED_FACE('',(#591),#257,.T.);
#7836=ADVANCED_FACE('',(#592),#94,.T.);
#7837=ADVANCED_FACE('',(#593),#258,.T.);
#7838=ADVANCED_FACE('',(#594),#259,.T.);
#7839=ADVANCED_FACE('',(#595),#7621,.F.);
#7840=ADVANCED_FACE('',(#596),#260,.F.);
#7841=ADVANCED_FACE('',(#597),#7622,.F.);
#7842=ADVANCED_FACE('',(#598),#261,.F.);
#7843=ADVANCED_FACE('',(#599),#7623,.F.);
#7844=ADVANCED_FACE('',(#600),#262,.T.);
#7845=ADVANCED_FACE('',(#601),#7624,.F.);
#7846=ADVANCED_FACE('',(#602),#263,.F.);
#7847=ADVANCED_FACE('',(#603),#7625,.F.);
#7848=ADVANCED_FACE('',(#604),#7626,.F.);
#7849=ADVANCED_FACE('',(#605),#264,.T.);
#7850=ADVANCED_FACE('',(#606),#265,.T.);
#7851=ADVANCED_FACE('',(#607),#7627,.F.);
#7852=ADVANCED_FACE('',(#608),#266,.T.);
#7853=ADVANCED_FACE('',(#609),#7628,.F.);
#7854=ADVANCED_FACE('',(#610),#267,.F.);
#7855=ADVANCED_FACE('',(#611),#268,.T.);
#7856=ADVANCED_FACE('',(#612),#7629,.F.);
#7857=ADVANCED_FACE('',(#613),#23,.F.);
#7858=ADVANCED_FACE('',(#614),#24,.F.);
#7859=ADVANCED_FACE('',(#615),#269,.T.);
#7860=ADVANCED_FACE('',(#616),#270,.T.);
#7861=ADVANCED_FACE('',(#617),#95,.T.);
#7862=ADVANCED_FACE('',(#618),#271,.T.);
#7863=ADVANCED_FACE('',(#619),#96,.T.);
#7864=ADVANCED_FACE('',(#620),#272,.T.);
#7865=ADVANCED_FACE('',(#621),#273,.T.);
#7866=ADVANCED_FACE('',(#622),#274,.T.);
#7867=ADVANCED_FACE('',(#623),#7630,.F.);
#7868=ADVANCED_FACE('',(#624),#25,.F.);
#7869=ADVANCED_FACE('',(#625),#26,.F.);
#7870=ADVANCED_FACE('',(#626),#275,.T.);
#7871=ADVANCED_FACE('',(#627),#276,.T.);
#7872=ADVANCED_FACE('',(#628),#97,.T.);
#7873=ADVANCED_FACE('',(#629),#277,.T.);
#7874=ADVANCED_FACE('',(#630),#98,.T.);
#7875=ADVANCED_FACE('',(#631),#278,.T.);
#7876=ADVANCED_FACE('',(#632),#279,.T.);
#7877=ADVANCED_FACE('',(#633),#7631,.F.);
#7878=ADVANCED_FACE('',(#634),#280,.F.);
#7879=ADVANCED_FACE('',(#635),#7632,.F.);
#7880=ADVANCED_FACE('',(#636),#281,.T.);
#7881=ADVANCED_FACE('',(#637),#7633,.F.);
#7882=ADVANCED_FACE('',(#638),#282,.T.);
#7883=ADVANCED_FACE('',(#639),#7634,.F.);
#7884=ADVANCED_FACE('',(#640),#283,.F.);
#7885=ADVANCED_FACE('',(#641),#284,.F.);
#7886=ADVANCED_FACE('',(#642),#7635,.F.);
#7887=ADVANCED_FACE('',(#643),#285,.F.);
#7888=ADVANCED_FACE('',(#644),#7636,.F.);
#7889=ADVANCED_FACE('',(#645),#286,.T.);
#7890=ADVANCED_FACE('',(#646),#287,.T.);
#7891=ADVANCED_FACE('',(#647),#7637,.F.);
#7892=ADVANCED_FACE('',(#648),#288,.T.);
#7893=ADVANCED_FACE('',(#649),#7638,.F.);
#7894=ADVANCED_FACE('',(#650),#289,.T.);
#7895=ADVANCED_FACE('',(#651),#7639,.F.);
#7896=ADVANCED_FACE('',(#652),#27,.F.);
#7897=ADVANCED_FACE('',(#653),#28,.F.);
#7898=ADVANCED_FACE('',(#654),#290,.T.);
#7899=ADVANCED_FACE('',(#655),#291,.T.);
#7900=ADVANCED_FACE('',(#656),#99,.T.);
#7901=ADVANCED_FACE('',(#657),#292,.T.);
#7902=ADVANCED_FACE('',(#658),#100,.T.);
#7903=ADVANCED_FACE('',(#659),#293,.T.);
#7904=ADVANCED_FACE('',(#660),#294,.T.);
#7905=ADVANCED_FACE('',(#661),#7640,.F.);
#7906=ADVANCED_FACE('',(#662),#29,.F.);
#7907=ADVANCED_FACE('',(#663),#30,.F.);
#7908=ADVANCED_FACE('',(#664),#295,.T.);
#7909=ADVANCED_FACE('',(#665),#296,.T.);
#7910=ADVANCED_FACE('',(#666),#101,.T.);
#7911=ADVANCED_FACE('',(#667),#297,.T.);
#7912=ADVANCED_FACE('',(#668),#102,.T.);
#7913=ADVANCED_FACE('',(#669),#298,.T.);
#7914=ADVANCED_FACE('',(#670),#299,.T.);
#7915=ADVANCED_FACE('',(#671),#7641,.F.);
#7916=ADVANCED_FACE('',(#672),#300,.F.);
#7917=ADVANCED_FACE('',(#673),#7642,.F.);
#7918=ADVANCED_FACE('',(#674),#301,.T.);
#7919=ADVANCED_FACE('',(#675),#302,.T.);
#7920=ADVANCED_FACE('',(#676),#7643,.F.);
#7921=ADVANCED_FACE('',(#677),#303,.F.);
#7922=ADVANCED_FACE('',(#678),#7644,.F.);
#7923=ADVANCED_FACE('',(#679),#304,.F.);
#7924=ADVANCED_FACE('',(#680),#7645,.F.);
#7925=ADVANCED_FACE('',(#681),#7646,.F.);
#7926=ADVANCED_FACE('',(#682),#305,.T.);
#7927=ADVANCED_FACE('',(#683),#306,.F.);
#7928=ADVANCED_FACE('',(#684),#307,.T.);
#7929=ADVANCED_FACE('',(#685),#7647,.F.);
#7930=ADVANCED_FACE('',(#686),#7648,.F.);
#7931=ADVANCED_FACE('',(#687),#7649,.F.);
#7932=ADVANCED_FACE('',(#688),#7650,.F.);
#7933=ADVANCED_FACE('',(#689),#7651,.F.);
#7934=ADVANCED_FACE('',(#690),#7652,.F.);
#7935=ADVANCED_FACE('',(#691),#7653,.F.);
#7936=ADVANCED_FACE('',(#692),#7654,.F.);
#7937=ADVANCED_FACE('',(#693),#7655,.F.);
#7938=ADVANCED_FACE('',(#694),#7656,.F.);
#7939=ADVANCED_FACE('',(#695),#7657,.F.);
#7940=ADVANCED_FACE('',(#696),#7658,.F.);
#7941=ADVANCED_FACE('',(#697),#7659,.F.);
#7942=ADVANCED_FACE('',(#698),#7660,.F.);
#7943=ADVANCED_FACE('',(#699),#7661,.F.);
#7944=ADVANCED_FACE('',(#700),#7662,.F.);
#7945=ADVANCED_FACE('',(#701),#7663,.F.);
#7946=ADVANCED_FACE('',(#702),#308,.F.);
#7947=ADVANCED_FACE('',(#703),#31,.T.);
#7948=ADVANCED_FACE('',(#704),#7664,.F.);
#7949=ADVANCED_FACE('',(#705,#462),#7665,.F.);
#7950=ADVANCED_FACE('',(#706),#7666,.F.);
#7951=ADVANCED_FACE('',(#707),#32,.T.);
#7952=ADVANCED_FACE('',(#708),#309,.F.);
#7953=ADVANCED_FACE('',(#709),#310,.T.);
#7954=ADVANCED_FACE('',(#710),#311,.T.);
#7955=ADVANCED_FACE('',(#711),#33,.T.);
#7956=ADVANCED_FACE('',(#712),#312,.F.);
#7957=ADVANCED_FACE('',(#713),#7667,.F.);
#7958=ADVANCED_FACE('',(#714),#313,.T.);
#7959=ADVANCED_FACE('',(#715),#314,.F.);
#7960=ADVANCED_FACE('',(#716),#34,.T.);
#7961=ADVANCED_FACE('',(#717),#315,.T.);
#7962=ADVANCED_FACE('',(#718),#103,.T.);
#7963=ADVANCED_FACE('',(#719),#316,.T.);
#7964=ADVANCED_FACE('',(#720),#104,.T.);
#7965=ADVANCED_FACE('',(#721),#317,.T.);
#7966=ADVANCED_FACE('',(#722),#105,.T.);
#7967=ADVANCED_FACE('',(#723),#318,.T.);
#7968=ADVANCED_FACE('',(#724),#106,.T.);
#7969=ADVANCED_FACE('',(#725),#319,.T.);
#7970=ADVANCED_FACE('',(#726),#7668,.F.);
#7971=ADVANCED_FACE('',(#727),#320,.F.);
#7972=ADVANCED_FACE('',(#728),#7669,.F.);
#7973=ADVANCED_FACE('',(#729),#321,.F.);
#7974=ADVANCED_FACE('',(#730),#107,.T.);
#7975=ADVANCED_FACE('',(#731),#322,.T.);
#7976=ADVANCED_FACE('',(#732),#108,.T.);
#7977=ADVANCED_FACE('',(#733),#323,.T.);
#7978=ADVANCED_FACE('',(#734),#109,.T.);
#7979=ADVANCED_FACE('',(#735),#324,.T.);
#7980=ADVANCED_FACE('',(#736),#110,.T.);
#7981=ADVANCED_FACE('',(#737),#325,.T.);
#7982=ADVANCED_FACE('',(#738),#326,.F.);
#7983=ADVANCED_FACE('',(#739),#7670,.F.);
#7984=ADVANCED_FACE('',(#740),#327,.F.);
#7985=ADVANCED_FACE('',(#741),#7671,.F.);
#7986=ADVANCED_FACE('',(#742),#7672,.F.);
#7987=ADVANCED_FACE('',(#743),#111,.T.);
#7988=ADVANCED_FACE('',(#744),#328,.T.);
#7989=ADVANCED_FACE('',(#745),#112,.T.);
#7990=ADVANCED_FACE('',(#746),#329,.T.);
#7991=ADVANCED_FACE('',(#747),#113,.T.);
#7992=ADVANCED_FACE('',(#748),#330,.T.);
#7993=ADVANCED_FACE('',(#749),#114,.T.);
#7994=ADVANCED_FACE('',(#750),#331,.F.);
#7995=ADVANCED_FACE('',(#751),#7673,.F.);
#7996=ADVANCED_FACE('',(#752),#332,.F.);
#7997=ADVANCED_FACE('',(#753),#7674,.F.);
#7998=ADVANCED_FACE('',(#754),#333,.F.);
#7999=ADVANCED_FACE('',(#755),#7675,.F.);
#8000=ADVANCED_FACE('',(#756),#334,.F.);
#8001=ADVANCED_FACE('',(#757),#335,.T.);
#8002=ADVANCED_FACE('',(#758),#7676,.F.);
#8003=ADVANCED_FACE('',(#759),#336,.T.);
#8004=ADVANCED_FACE('',(#760),#115,.T.);
#8005=ADVANCED_FACE('',(#761),#337,.T.);
#8006=ADVANCED_FACE('',(#762),#116,.T.);
#8007=ADVANCED_FACE('',(#763),#338,.T.);
#8008=ADVANCED_FACE('',(#764),#117,.T.);
#8009=ADVANCED_FACE('',(#765),#339,.T.);
#8010=ADVANCED_FACE('',(#766),#118,.T.);
#8011=ADVANCED_FACE('',(#767),#340,.F.);
#8012=ADVANCED_FACE('',(#768),#7677,.F.);
#8013=ADVANCED_FACE('',(#769),#341,.F.);
#8014=ADVANCED_FACE('',(#770),#7678,.F.);
#8015=ADVANCED_FACE('',(#771,#463,#464,#465,#466,#467,#468,#469,#470,#471,
#472),#7679,.F.);
#8016=ADVANCED_FACE('',(#772),#342,.T.);
#8017=ADVANCED_FACE('',(#773),#343,.T.);
#8018=ADVANCED_FACE('',(#774),#119,.T.);
#8019=ADVANCED_FACE('',(#775),#344,.T.);
#8020=ADVANCED_FACE('',(#776),#120,.T.);
#8021=ADVANCED_FACE('',(#777),#345,.T.);
#8022=ADVANCED_FACE('',(#778),#15,.T.);
#8023=ADVANCED_FACE('',(#779),#346,.T.);
#8024=ADVANCED_FACE('',(#780),#16,.T.);
#8025=ADVANCED_FACE('',(#781),#347,.T.);
#8026=ADVANCED_FACE('',(#782),#348,.T.);
#8027=ADVANCED_FACE('',(#783),#7680,.F.);
#8028=ADVANCED_FACE('',(#784),#349,.F.);
#8029=ADVANCED_FACE('',(#785),#7681,.F.);
#8030=ADVANCED_FACE('',(#786),#350,.F.);
#8031=ADVANCED_FACE('',(#787,#473,#474,#475,#476,#477),#7682,.F.);
#8032=ADVANCED_FACE('',(#788),#7683,.F.);
#8033=ADVANCED_FACE('',(#789),#121,.T.);
#8034=ADVANCED_FACE('',(#790),#351,.T.);
#8035=ADVANCED_FACE('',(#791),#122,.T.);
#8036=ADVANCED_FACE('',(#792),#352,.T.);
#8037=ADVANCED_FACE('',(#793),#123,.T.);
#8038=ADVANCED_FACE('',(#794),#124,.T.);
#8039=ADVANCED_FACE('',(#795),#125,.T.);
#8040=ADVANCED_FACE('',(#796),#126,.T.);
#8041=ADVANCED_FACE('',(#797),#353,.T.);
#8042=ADVANCED_FACE('',(#798),#7684,.F.);
#8043=ADVANCED_FACE('',(#799),#354,.F.);
#8044=ADVANCED_FACE('',(#800),#7685,.F.);
#8045=ADVANCED_FACE('',(#801),#355,.F.);
#8046=ADVANCED_FACE('',(#802),#7686,.F.);
#8047=ADVANCED_FACE('',(#803),#356,.F.);
#8048=ADVANCED_FACE('',(#804),#357,.F.);
#8049=ADVANCED_FACE('',(#805),#358,.T.);
#8050=ADVANCED_FACE('',(#806),#359,.T.);
#8051=ADVANCED_FACE('',(#807),#127,.T.);
#8052=ADVANCED_FACE('',(#808),#360,.T.);
#8053=ADVANCED_FACE('',(#809),#128,.T.);
#8054=ADVANCED_FACE('',(#810),#361,.T.);
#8055=ADVANCED_FACE('',(#811),#17,.T.);
#8056=ADVANCED_FACE('',(#812),#362,.T.);
#8057=ADVANCED_FACE('',(#813),#18,.T.);
#8058=ADVANCED_FACE('',(#814),#7687,.F.);
#8059=ADVANCED_FACE('',(#815),#363,.T.);
#8060=ADVANCED_FACE('',(#816),#364,.T.);
#8061=ADVANCED_FACE('',(#817),#7688,.F.);
#8062=ADVANCED_FACE('',(#818),#365,.F.);
#8063=ADVANCED_FACE('',(#819),#7689,.F.);
#8064=ADVANCED_FACE('',(#820),#366,.F.);
#8065=ADVANCED_FACE('',(#821),#7690,.F.);
#8066=ADVANCED_FACE('',(#822),#129,.T.);
#8067=ADVANCED_FACE('',(#823),#367,.T.);
#8068=ADVANCED_FACE('',(#824),#130,.T.);
#8069=ADVANCED_FACE('',(#825),#368,.T.);
#8070=ADVANCED_FACE('',(#826),#131,.T.);
#8071=ADVANCED_FACE('',(#827),#369,.T.);
#8072=ADVANCED_FACE('',(#828),#132,.T.);
#8073=ADVANCED_FACE('',(#829),#370,.F.);
#8074=ADVANCED_FACE('',(#830),#7691,.F.);
#8075=ADVANCED_FACE('',(#831),#371,.F.);
#8076=ADVANCED_FACE('',(#832),#7692,.F.);
#8077=ADVANCED_FACE('',(#833),#372,.F.);
#8078=ADVANCED_FACE('',(#834),#7693,.F.);
#8079=ADVANCED_FACE('',(#835),#373,.F.);
#8080=ADVANCED_FACE('',(#836),#7694,.F.);
#8081=ADVANCED_FACE('',(#837,#478,#479,#480,#481,#482),#7695,.F.);
#8082=ADVANCED_FACE('',(#838),#133,.T.);
#8083=ADVANCED_FACE('',(#839),#374,.T.);
#8084=ADVANCED_FACE('',(#840),#134,.T.);
#8085=ADVANCED_FACE('',(#841),#375,.T.);
#8086=ADVANCED_FACE('',(#842),#135,.T.);
#8087=ADVANCED_FACE('',(#843),#376,.T.);
#8088=ADVANCED_FACE('',(#844),#136,.T.);
#8089=ADVANCED_FACE('',(#845),#377,.T.);
#8090=ADVANCED_FACE('',(#846),#7696,.T.);
#8091=ADVANCED_FACE('',(#847),#378,.T.);
#8092=ADVANCED_FACE('',(#848),#7697,.F.);
#8093=ADVANCED_FACE('',(#849),#379,.T.);
#8094=ADVANCED_FACE('',(#850),#380,.T.);
#8095=ADVANCED_FACE('',(#851),#137,.T.);
#8096=ADVANCED_FACE('',(#852),#381,.T.);
#8097=ADVANCED_FACE('',(#853,#483),#7698,.F.);
#8098=ADVANCED_FACE('',(#854),#382,.T.);
#8099=ADVANCED_FACE('',(#855),#138,.T.);
#8100=ADVANCED_FACE('',(#856),#383,.T.);
#8101=ADVANCED_FACE('',(#857),#139,.T.);
#8102=ADVANCED_FACE('',(#858),#384,.T.);
#8103=ADVANCED_FACE('',(#859),#140,.T.);
#8104=ADVANCED_FACE('',(#860),#385,.T.);
#8105=ADVANCED_FACE('',(#861),#141,.T.);
#8106=ADVANCED_FACE('',(#862),#386,.T.);
#8107=ADVANCED_FACE('',(#863),#387,.T.);
#8108=ADVANCED_FACE('',(#864),#388,.T.);
#8109=ADVANCED_FACE('',(#865),#142,.T.);
#8110=ADVANCED_FACE('',(#866),#389,.T.);
#8111=ADVANCED_FACE('',(#867),#390,.T.);
#8112=ADVANCED_FACE('',(#868),#391,.T.);
#8113=ADVANCED_FACE('',(#869),#143,.T.);
#8114=ADVANCED_FACE('',(#870),#392,.T.);
#8115=ADVANCED_FACE('',(#871),#144,.T.);
#8116=ADVANCED_FACE('',(#872),#393,.T.);
#8117=ADVANCED_FACE('',(#873),#145,.T.);
#8118=ADVANCED_FACE('',(#874),#394,.T.);
#8119=ADVANCED_FACE('',(#875),#146,.T.);
#8120=ADVANCED_FACE('',(#876),#147,.T.);
#8121=ADVANCED_FACE('',(#877),#395,.T.);
#8122=ADVANCED_FACE('',(#878),#148,.T.);
#8123=ADVANCED_FACE('',(#879),#396,.T.);
#8124=ADVANCED_FACE('',(#880),#149,.T.);
#8125=ADVANCED_FACE('',(#881),#397,.T.);
#8126=ADVANCED_FACE('',(#882),#150,.T.);
#8127=ADVANCED_FACE('',(#883),#398,.T.);
#8128=ADVANCED_FACE('',(#884),#7699,.F.);
#8129=ADVANCED_FACE('',(#885),#399,.F.);
#8130=ADVANCED_FACE('',(#886),#7700,.F.);
#8131=ADVANCED_FACE('',(#887),#400,.F.);
#8132=ADVANCED_FACE('',(#888),#401,.T.);
#8133=ADVANCED_FACE('',(#889),#402,.T.);
#8134=ADVANCED_FACE('',(#890),#151,.T.);
#8135=ADVANCED_FACE('',(#891),#403,.T.);
#8136=ADVANCED_FACE('',(#892),#152,.T.);
#8137=ADVANCED_FACE('',(#893),#404,.F.);
#8138=ADVANCED_FACE('',(#894),#7701,.F.);
#8139=ADVANCED_FACE('',(#895),#405,.T.);
#8140=ADVANCED_FACE('',(#896),#153,.T.);
#8141=ADVANCED_FACE('',(#897),#406,.T.);
#8142=ADVANCED_FACE('',(#898),#154,.T.);
#8143=ADVANCED_FACE('',(#899),#407,.T.);
#8144=ADVANCED_FACE('',(#900),#7702,.T.);
#8145=ADVANCED_FACE('',(#901),#408,.T.);
#8146=ADVANCED_FACE('',(#902),#7703,.T.);
#8147=ADVANCED_FACE('',(#903),#409,.T.);
#8148=ADVANCED_FACE('',(#904),#7704,.F.);
#8149=ADVANCED_FACE('',(#905),#410,.T.);
#8150=ADVANCED_FACE('',(#906),#155,.T.);
#8151=ADVANCED_FACE('',(#907),#411,.T.);
#8152=ADVANCED_FACE('',(#908),#156,.T.);
#8153=ADVANCED_FACE('',(#909),#412,.T.);
#8154=ADVANCED_FACE('',(#910),#7705,.F.);
#8155=ADVANCED_FACE('',(#911),#413,.T.);
#8156=ADVANCED_FACE('',(#912),#157,.T.);
#8157=ADVANCED_FACE('',(#913),#414,.T.);
#8158=ADVANCED_FACE('',(#914),#158,.T.);
#8159=ADVANCED_FACE('',(#915),#415,.T.);
#8160=ADVANCED_FACE('',(#916),#416,.T.);
#8161=ADVANCED_FACE('',(#917),#159,.T.);
#8162=ADVANCED_FACE('',(#918),#417,.T.);
#8163=ADVANCED_FACE('',(#919),#160,.T.);
#8164=ADVANCED_FACE('',(#920),#418,.T.);
#8165=ADVANCED_FACE('',(#921),#7706,.F.);
#8166=ADVANCED_FACE('',(#922),#419,.T.);
#8167=ADVANCED_FACE('',(#923),#7707,.T.);
#8168=ADVANCED_FACE('',(#924),#420,.T.);
#8169=ADVANCED_FACE('',(#925),#7708,.F.);
#8170=ADVANCED_FACE('',(#926),#421,.T.);
#8171=ADVANCED_FACE('',(#927),#161,.T.);
#8172=ADVANCED_FACE('',(#928),#422,.T.);
#8173=ADVANCED_FACE('',(#929),#162,.T.);
#8174=ADVANCED_FACE('',(#930),#423,.T.);
#8175=ADVANCED_FACE('',(#931),#424,.T.);
#8176=ADVANCED_FACE('',(#932),#163,.T.);
#8177=ADVANCED_FACE('',(#933),#425,.T.);
#8178=ADVANCED_FACE('',(#934),#164,.T.);
#8179=ADVANCED_FACE('',(#935),#426,.T.);
#8180=ADVANCED_FACE('',(#936),#7709,.T.);
#8181=ADVANCED_FACE('',(#937),#427,.T.);
#8182=ADVANCED_FACE('',(#938),#7710,.F.);
#8183=ADVANCED_FACE('',(#939),#428,.T.);
#8184=ADVANCED_FACE('',(#940),#7711,.T.);
#8185=ADVANCED_FACE('',(#941),#429,.T.);
#8186=ADVANCED_FACE('',(#942),#165,.T.);
#8187=ADVANCED_FACE('',(#943),#430,.T.);
#8188=ADVANCED_FACE('',(#944),#166,.T.);
#8189=ADVANCED_FACE('',(#945),#431,.T.);
#8190=ADVANCED_FACE('',(#946),#7712,.F.);
#8191=ADVANCED_FACE('',(#947),#432,.T.);
#8192=ADVANCED_FACE('',(#948),#7713,.T.);
#8193=ADVANCED_FACE('',(#949),#433,.T.);
#8194=ADVANCED_FACE('',(#950),#7714,.F.);
#8195=ADVANCED_FACE('',(#951),#434,.T.);
#8196=ADVANCED_FACE('',(#952),#167,.T.);
#8197=ADVANCED_FACE('',(#953),#435,.T.);
#8198=ADVANCED_FACE('',(#954),#168,.T.);
#8199=ADVANCED_FACE('',(#955),#436,.T.);
#8200=ADVANCED_FACE('',(#956),#7715,.T.);
#8201=ADVANCED_FACE('',(#957),#437,.F.);
#8202=ADVANCED_FACE('',(#958),#7716,.F.);
#8203=ADVANCED_FACE('',(#959),#7717,.F.);
#8204=ADVANCED_FACE('',(#960),#7718,.F.);
#8205=ADVANCED_FACE('',(#961),#7719,.F.);
#8206=ADVANCED_FACE('',(#962),#7720,.F.);
#8207=ADVANCED_FACE('',(#963),#7721,.F.);
#8208=ADVANCED_FACE('',(#964),#438,.F.);
#8209=ADVANCED_FACE('',(#965),#439,.F.);
#8210=ADVANCED_FACE('',(#966),#440,.F.);
#8211=ADVANCED_FACE('',(#967),#441,.F.);
#8212=ADVANCED_FACE('',(#968),#442,.F.);
#8213=ADVANCED_FACE('',(#969),#443,.F.);
#8214=ADVANCED_FACE('',(#970),#444,.F.);
#8215=ADVANCED_FACE('',(#971),#7722,.T.);
#8216=ADVANCED_FACE('',(#972),#7723,.T.);
#8217=ADVANCED_FACE('',(#973),#7724,.F.);
#8218=ADVANCED_FACE('',(#974),#445,.F.);
#8219=ADVANCED_FACE('',(#975),#7725,.F.);
#8220=ADVANCED_FACE('',(#976),#446,.F.);
#8221=ADVANCED_FACE('',(#977),#7726,.F.);
#8222=ADVANCED_FACE('',(#978),#7727,.F.);
#8223=CLOSED_SHELL('',(#7728,#7729,#7730,#7731,#7732,#7733,#7734,#7735,
#7736,#7737,#7738,#7739,#7740,#7741,#7742,#7743,#7744,#7745,#7746,#7747,
#7748,#7749,#7750,#7751,#7752,#7753,#7754,#7755,#7756,#7757,#7758,#7759,
#7760,#7761,#7762,#7763,#7764,#7765,#7766,#7767,#7768,#7769,#7770,#7771,
#7772,#7773,#7774,#7775,#7776,#7777,#7778,#7779,#7780,#7781,#7782,#7783,
#7784,#7785,#7786,#7787,#7788,#7789,#7790,#7791,#7792,#7793,#7794,#7795,
#7796,#7797,#7798,#7799,#7800,#7801,#7802,#7803,#7804,#7805,#7806,#7807,
#7808,#7809,#7810,#7811,#7812,#7813,#7814,#7815,#7816,#7817,#7818,#7819,
#7820,#7821,#7822,#7823,#7824,#7825,#7826,#7827,#7828,#7829,#7830,#7831,
#7832,#7833,#7834,#7835,#7836,#7837,#7838,#7839,#7840,#7841,#7842,#7843,
#7844,#7845,#7846,#7847,#7848,#7849,#7850,#7851,#7852,#7853,#7854,#7855,
#7856,#7857,#7858,#7859,#7860,#7861,#7862,#7863,#7864,#7865,#7866,#7867,
#7868,#7869,#7870,#7871,#7872,#7873,#7874,#7875,#7876,#7877,#7878,#7879,
#7880,#7881,#7882,#7883,#7884,#7885,#7886,#7887,#7888,#7889,#7890,#7891,
#7892,#7893,#7894,#7895,#7896,#7897,#7898,#7899,#7900,#7901,#7902,#7903,
#7904,#7905,#7906,#7907,#7908,#7909,#7910,#7911,#7912,#7913,#7914,#7915,
#7916,#7917,#7918,#7919,#7920,#7921,#7922,#7923,#7924,#7925,#7926,#7927,
#7928,#7929,#7930,#7931,#7932,#7933,#7934,#7935,#7936,#7937,#7938,#7939,
#7940,#7941,#7942,#7943,#7944,#7945,#7946,#7947,#7948,#7949,#7950,#7951,
#7952,#7953,#7954,#7955,#7956,#7957,#7958,#7959,#7960,#7961,#7962,#7963,
#7964,#7965,#7966,#7967,#7968,#7969,#7970,#7971,#7972,#7973,#7974,#7975,
#7976,#7977,#7978,#7979,#7980,#7981,#7982,#7983,#7984,#7985,#7986,#7987,
#7988,#7989,#7990,#7991,#7992,#7993,#7994,#7995,#7996,#7997,#7998,#7999,
#8000,#8001,#8002,#8003,#8004,#8005,#8006,#8007,#8008,#8009,#8010,#8011,
#8012,#8013,#8014,#8015,#8016,#8017,#8018,#8019,#8020,#8021,#8022,#8023,
#8024,#8025,#8026,#8027,#8028,#8029,#8030,#8031,#8032,#8033,#8034,#8035,
#8036,#8037,#8038,#8039,#8040,#8041,#8042,#8043,#8044,#8045,#8046,#8047,
#8048,#8049,#8050,#8051,#8052,#8053,#8054,#8055,#8056,#8057,#8058,#8059,
#8060,#8061,#8062,#8063,#8064,#8065,#8066,#8067,#8068,#8069,#8070,#8071,
#8072,#8073,#8074,#8075,#8076,#8077,#8078,#8079,#8080,#8081,#8082,#8083,
#8084,#8085,#8086,#8087,#8088,#8089,#8090,#8091,#8092,#8093,#8094,#8095,
#8096,#8097,#8098,#8099,#8100,#8101,#8102,#8103,#8104,#8105,#8106,#8107,
#8108,#8109,#8110,#8111,#8112,#8113,#8114,#8115,#8116,#8117,#8118,#8119,
#8120,#8121,#8122,#8123,#8124,#8125,#8126,#8127,#8128,#8129,#8130,#8131,
#8132,#8133,#8134,#8135,#8136,#8137,#8138,#8139,#8140,#8141,#8142,#8143,
#8144,#8145,#8146,#8147,#8148,#8149,#8150,#8151,#8152,#8153,#8154,#8155,
#8156,#8157,#8158,#8159,#8160,#8161,#8162,#8163,#8164,#8165,#8166,#8167,
#8168,#8169,#8170,#8171,#8172,#8173,#8174,#8175,#8176,#8177,#8178,#8179,
#8180,#8181,#8182,#8183,#8184,#8185,#8186,#8187,#8188,#8189,#8190,#8191,
#8192,#8193,#8194,#8195,#8196,#8197,#8198,#8199,#8200,#8201,#8202,#8203,
#8204,#8205,#8206,#8207,#8208,#8209,#8210,#8211,#8212,#8213,#8214,#8215,
#8216,#8217,#8218,#8219,#8220,#8221,#8222));
#8224=DERIVED_UNIT_ELEMENT(#8226,1.);
#8225=DERIVED_UNIT_ELEMENT(#15106,-3.);
#8226=(
MASS_UNIT()
NAMED_UNIT(*)
SI_UNIT(.KILO.,.GRAM.)
);
#8227=DERIVED_UNIT((#8224,#8225));
#8228=MEASURE_REPRESENTATION_ITEM('density measure',
POSITIVE_RATIO_MEASURE(7850.),#8227);
#8229=PROPERTY_DEFINITION_REPRESENTATION(#8234,#8231);
#8230=PROPERTY_DEFINITION_REPRESENTATION(#8235,#8232);
#8231=REPRESENTATION('material name',(#8233),#15103);
#8232=REPRESENTATION('density',(#8228),#15103);
#8233=DESCRIPTIVE_REPRESENTATION_ITEM('Steel','Steel');
#8234=PROPERTY_DEFINITION('material property','material name',#15113);
#8235=PROPERTY_DEFINITION('material property','density of part',#15113);
#8236=AXIS2_PLACEMENT_3D('',#11892,#9242,#9243);
#8237=AXIS2_PLACEMENT_3D('',#11893,#9244,#9245);
#8238=AXIS2_PLACEMENT_3D('',#11898,#9247,#9248);
#8239=AXIS2_PLACEMENT_3D('',#11902,#9250,#9251);
#8240=AXIS2_PLACEMENT_3D('',#11908,#9254,#9255);
#8241=AXIS2_PLACEMENT_3D('',#11912,#9257,#9258);
#8242=AXIS2_PLACEMENT_3D('',#11916,#9260,#9261);
#8243=AXIS2_PLACEMENT_3D('',#11920,#9263,#9264);
#8244=AXIS2_PLACEMENT_3D('',#11924,#9266,#9267);
#8245=AXIS2_PLACEMENT_3D('',#11928,#9269,#9270);
#8246=AXIS2_PLACEMENT_3D('',#11932,#9272,#9273);
#8247=AXIS2_PLACEMENT_3D('',#11936,#9275,#9276);
#8248=AXIS2_PLACEMENT_3D('',#11942,#9279,#9280);
#8249=AXIS2_PLACEMENT_3D('',#11946,#9282,#9283);
#8250=AXIS2_PLACEMENT_3D('',#11952,#9286,#9287);
#8251=AXIS2_PLACEMENT_3D('',#11956,#9289,#9290);
#8252=AXIS2_PLACEMENT_3D('',#11960,#9292,#9293);
#8253=AXIS2_PLACEMENT_3D('',#11964,#9295,#9296);
#8254=AXIS2_PLACEMENT_3D('',#11968,#9298,#9299);
#8255=AXIS2_PLACEMENT_3D('',#11972,#9301,#9302);
#8256=AXIS2_PLACEMENT_3D('',#11976,#9304,#9305);
#8257=AXIS2_PLACEMENT_3D('',#11980,#9307,#9308);
#8258=AXIS2_PLACEMENT_3D('',#11984,#9310,#9311);
#8259=AXIS2_PLACEMENT_3D('',#11988,#9313,#9314);
#8260=AXIS2_PLACEMENT_3D('',#11992,#9316,#9317);
#8261=AXIS2_PLACEMENT_3D('',#11996,#9319,#9320);
#8262=AXIS2_PLACEMENT_3D('',#12000,#9322,#9323);
#8263=AXIS2_PLACEMENT_3D('',#12004,#9325,#9326);
#8264=AXIS2_PLACEMENT_3D('',#12008,#9328,#9329);
#8265=AXIS2_PLACEMENT_3D('',#12012,#9331,#9332);
#8266=AXIS2_PLACEMENT_3D('',#12014,#9334,#9335);
#8267=AXIS2_PLACEMENT_3D('',#12020,#9339,#9340);
#8268=AXIS2_PLACEMENT_3D('',#12022,#9341,#9342);
#8269=AXIS2_PLACEMENT_3D('',#12024,#9344,#9345);
#8270=AXIS2_PLACEMENT_3D('',#12028,#9348,#9349);
#8271=AXIS2_PLACEMENT_3D('',#12030,#9350,#9351);
#8272=AXIS2_PLACEMENT_3D('',#12032,#9353,#9354);
#8273=AXIS2_PLACEMENT_3D('',#12036,#9357,#9358);
#8274=AXIS2_PLACEMENT_3D('',#12038,#9359,#9360);
#8275=AXIS2_PLACEMENT_3D('',#12040,#9362,#9363);
#8276=AXIS2_PLACEMENT_3D('',#12044,#9366,#9367);
#8277=AXIS2_PLACEMENT_3D('',#12046,#9368,#9369);
#8278=AXIS2_PLACEMENT_3D('',#12048,#9371,#9372);
#8279=AXIS2_PLACEMENT_3D('',#12052,#9375,#9376);
#8280=AXIS2_PLACEMENT_3D('',#12056,#9379,#9380);
#8281=AXIS2_PLACEMENT_3D('',#12058,#9381,#9382);
#8282=AXIS2_PLACEMENT_3D('',#12060,#9384,#9385);
#8283=AXIS2_PLACEMENT_3D('',#12064,#9388,#9389);
#8284=AXIS2_PLACEMENT_3D('',#12066,#9390,#9391);
#8285=AXIS2_PLACEMENT_3D('',#12068,#9393,#9394);
#8286=AXIS2_PLACEMENT_3D('',#12070,#9396,#9397);
#8287=AXIS2_PLACEMENT_3D('',#12076,#9401,#9402);
#8288=AXIS2_PLACEMENT_3D('',#12078,#9403,#9404);
#8289=AXIS2_PLACEMENT_3D('',#12080,#9406,#9407);
#8290=AXIS2_PLACEMENT_3D('',#12083,#9408,#9409);
#8291=AXIS2_PLACEMENT_3D('',#12086,#9412,#9413);
#8292=AXIS2_PLACEMENT_3D('',#12090,#9416,#9417);
#8293=AXIS2_PLACEMENT_3D('',#12092,#9418,#9419);
#8294=AXIS2_PLACEMENT_3D('',#12094,#9421,#9422);
#8295=AXIS2_PLACEMENT_3D('',#12098,#9425,#9426);
#8296=AXIS2_PLACEMENT_3D('',#12100,#9427,#9428);
#8297=AXIS2_PLACEMENT_3D('',#12102,#9430,#9431);
#8298=AXIS2_PLACEMENT_3D('',#12106,#9434,#9435);
#8299=AXIS2_PLACEMENT_3D('',#12110,#9438,#9439);
#8300=AXIS2_PLACEMENT_3D('',#12112,#9440,#9441);
#8301=AXIS2_PLACEMENT_3D('',#12114,#9443,#9444);
#8302=AXIS2_PLACEMENT_3D('',#12118,#9447,#9448);
#8303=AXIS2_PLACEMENT_3D('',#12120,#9449,#9450);
#8304=AXIS2_PLACEMENT_3D('',#12122,#9452,#9453);
#8305=AXIS2_PLACEMENT_3D('',#12124,#9455,#9456);
#8306=AXIS2_PLACEMENT_3D('',#12128,#9458,#9459);
#8307=AXIS2_PLACEMENT_3D('',#12130,#9461,#9462);
#8308=AXIS2_PLACEMENT_3D('',#12138,#9466,#9467);
#8309=AXIS2_PLACEMENT_3D('',#12145,#9471,#9472);
#8310=AXIS2_PLACEMENT_3D('',#12194,#9497,#9498);
#8311=AXIS2_PLACEMENT_3D('',#12197,#9500,#9501);
#8312=AXIS2_PLACEMENT_3D('',#12198,#9502,#9503);
#8313=AXIS2_PLACEMENT_3D('',#12204,#9506,#9507);
#8314=AXIS2_PLACEMENT_3D('',#12208,#9509,#9510);
#8315=AXIS2_PLACEMENT_3D('',#12212,#9512,#9513);
#8316=AXIS2_PLACEMENT_3D('',#12216,#9515,#9516);
#8317=AXIS2_PLACEMENT_3D('',#12218,#9518,#9519);
#8318=AXIS2_PLACEMENT_3D('',#12221,#9521,#9522);
#8319=AXIS2_PLACEMENT_3D('',#12222,#9523,#9524);
#8320=AXIS2_PLACEMENT_3D('',#12226,#9527,#9528);
#8321=AXIS2_PLACEMENT_3D('',#12229,#9530,#9531);
#8322=AXIS2_PLACEMENT_3D('',#12230,#9532,#9533);
#8323=AXIS2_PLACEMENT_3D('',#12234,#9535,#9536);
#8324=AXIS2_PLACEMENT_3D('',#12238,#9538,#9539);
#8325=AXIS2_PLACEMENT_3D('',#12242,#9541,#9542);
#8326=AXIS2_PLACEMENT_3D('',#12246,#9544,#9545);
#8327=AXIS2_PLACEMENT_3D('',#12263,#9548,#9549);
#8328=AXIS2_PLACEMENT_3D('',#12267,#9551,#9552);
#8329=AXIS2_PLACEMENT_3D('',#12269,#9554,#9555);
#8330=AXIS2_PLACEMENT_3D('',#12273,#9558,#9559);
#8331=AXIS2_PLACEMENT_3D('',#12276,#9561,#9562);
#8332=AXIS2_PLACEMENT_3D('',#12277,#9563,#9564);
#8333=AXIS2_PLACEMENT_3D('',#12281,#9566,#9567);
#8334=AXIS2_PLACEMENT_3D('',#12284,#9569,#9570);
#8335=AXIS2_PLACEMENT_3D('',#12285,#9571,#9572);
#8336=AXIS2_PLACEMENT_3D('',#12289,#9574,#9575);
#8337=AXIS2_PLACEMENT_3D('',#12291,#9577,#9578);
#8338=AXIS2_PLACEMENT_3D('',#12295,#9580,#9581);
#8339=AXIS2_PLACEMENT_3D('',#12298,#9583,#9584);
#8340=AXIS2_PLACEMENT_3D('',#12299,#9585,#9586);
#8341=AXIS2_PLACEMENT_3D('',#12302,#9588,#9589);
#8342=AXIS2_PLACEMENT_3D('',#12303,#9590,#9591);
#8343=AXIS2_PLACEMENT_3D('',#12307,#9594,#9595);
#8344=AXIS2_PLACEMENT_3D('',#12311,#9597,#9598);
#8345=AXIS2_PLACEMENT_3D('',#12313,#9600,#9601);
#8346=AXIS2_PLACEMENT_3D('',#12317,#9603,#9604);
#8347=AXIS2_PLACEMENT_3D('',#12320,#9606,#9607);
#8348=AXIS2_PLACEMENT_3D('',#12321,#9608,#9609);
#8349=AXIS2_PLACEMENT_3D('',#12324,#9611,#9612);
#8350=AXIS2_PLACEMENT_3D('',#12325,#9613,#9614);
#8351=AXIS2_PLACEMENT_3D('',#12329,#9617,#9618);
#8352=AXIS2_PLACEMENT_3D('',#12331,#9619,#9620);
#8353=AXIS2_PLACEMENT_3D('',#12335,#9622,#9623);
#8354=AXIS2_PLACEMENT_3D('',#12337,#9625,#9626);
#8355=AXIS2_PLACEMENT_3D('',#12340,#9628,#9629);
#8356=AXIS2_PLACEMENT_3D('',#12341,#9630,#9631);
#8357=AXIS2_PLACEMENT_3D('',#12343,#9632,#9633);
#8358=AXIS2_PLACEMENT_3D('',#12344,#9634,#9635);
#8359=AXIS2_PLACEMENT_3D('',#12345,#9636,#9637);
#8360=AXIS2_PLACEMENT_3D('',#12347,#9638,#9639);
#8361=AXIS2_PLACEMENT_3D('',#12349,#9641,#9642);
#8362=AXIS2_PLACEMENT_3D('',#12350,#9643,#9644);
#8363=AXIS2_PLACEMENT_3D('',#12351,#9645,#9646);
#8364=AXIS2_PLACEMENT_3D('',#12354,#9648,#9649);
#8365=AXIS2_PLACEMENT_3D('',#12355,#9650,#9651);
#8366=AXIS2_PLACEMENT_3D('',#12359,#9654,#9655);
#8367=AXIS2_PLACEMENT_3D('',#12362,#9657,#9658);
#8368=AXIS2_PLACEMENT_3D('',#12363,#9659,#9660);
#8369=AXIS2_PLACEMENT_3D('',#12365,#9662,#9663);
#8370=AXIS2_PLACEMENT_3D('',#12366,#9664,#9665);
#8371=AXIS2_PLACEMENT_3D('',#12367,#9666,#9667);
#8372=AXIS2_PLACEMENT_3D('',#12368,#9668,#9669);
#8373=AXIS2_PLACEMENT_3D('',#12369,#9670,#9671);
#8374=AXIS2_PLACEMENT_3D('',#12370,#9672,#9673);
#8375=AXIS2_PLACEMENT_3D('',#12371,#9674,#9675);
#8376=AXIS2_PLACEMENT_3D('',#12372,#9676,#9677);
#8377=AXIS2_PLACEMENT_3D('',#12376,#9679,#9680);
#8378=AXIS2_PLACEMENT_3D('',#12378,#9682,#9683);
#8379=AXIS2_PLACEMENT_3D('',#12381,#9684,#9685);
#8380=AXIS2_PLACEMENT_3D('',#12382,#9686,#9687);
#8381=AXIS2_PLACEMENT_3D('',#12383,#9688,#9689);
#8382=AXIS2_PLACEMENT_3D('',#12384,#9690,#9691);
#8383=AXIS2_PLACEMENT_3D('',#12387,#9692,#9693);
#8384=AXIS2_PLACEMENT_3D('',#12390,#9696,#9697);
#8385=AXIS2_PLACEMENT_3D('',#12392,#9698,#9699);
#8386=AXIS2_PLACEMENT_3D('',#12393,#9700,#9701);
#8387=AXIS2_PLACEMENT_3D('',#12394,#9702,#9703);
#8388=AXIS2_PLACEMENT_3D('',#12395,#9704,#9705);
#8389=AXIS2_PLACEMENT_3D('',#12397,#9707,#9708);
#8390=AXIS2_PLACEMENT_3D('',#12400,#9710,#9711);
#8391=AXIS2_PLACEMENT_3D('',#12401,#9712,#9713);
#8392=AXIS2_PLACEMENT_3D('',#12405,#9716,#9717);
#8393=AXIS2_PLACEMENT_3D('',#12407,#9719,#9720);
#8394=AXIS2_PLACEMENT_3D('',#12408,#9721,#9722);
#8395=AXIS2_PLACEMENT_3D('',#12409,#9723,#9724);
#8396=AXIS2_PLACEMENT_3D('',#12410,#9725,#9726);
#8397=AXIS2_PLACEMENT_3D('',#12411,#9727,#9728);
#8398=AXIS2_PLACEMENT_3D('',#12412,#9729,#9730);
#8399=AXIS2_PLACEMENT_3D('',#12413,#9731,#9732);
#8400=AXIS2_PLACEMENT_3D('',#12414,#9733,#9734);
#8401=AXIS2_PLACEMENT_3D('',#12415,#9735,#9736);
#8402=AXIS2_PLACEMENT_3D('',#12419,#9738,#9739);
#8403=AXIS2_PLACEMENT_3D('',#12421,#9741,#9742);
#8404=AXIS2_PLACEMENT_3D('',#12424,#9743,#9744);
#8405=AXIS2_PLACEMENT_3D('',#12425,#9745,#9746);
#8406=AXIS2_PLACEMENT_3D('',#12426,#9747,#9748);
#8407=AXIS2_PLACEMENT_3D('',#12427,#9749,#9750);
#8408=AXIS2_PLACEMENT_3D('',#12430,#9751,#9752);
#8409=AXIS2_PLACEMENT_3D('',#12433,#9755,#9756);
#8410=AXIS2_PLACEMENT_3D('',#12435,#9757,#9758);
#8411=AXIS2_PLACEMENT_3D('',#12436,#9759,#9760);
#8412=AXIS2_PLACEMENT_3D('',#12437,#9761,#9762);
#8413=AXIS2_PLACEMENT_3D('',#12438,#9763,#9764);
#8414=AXIS2_PLACEMENT_3D('',#12440,#9766,#9767);
#8415=AXIS2_PLACEMENT_3D('',#12443,#9769,#9770);
#8416=AXIS2_PLACEMENT_3D('',#12444,#9771,#9772);
#8417=AXIS2_PLACEMENT_3D('',#12448,#9775,#9776);
#8418=AXIS2_PLACEMENT_3D('',#12450,#9778,#9779);
#8419=AXIS2_PLACEMENT_3D('',#12451,#9780,#9781);
#8420=AXIS2_PLACEMENT_3D('',#12452,#9782,#9783);
#8421=AXIS2_PLACEMENT_3D('',#12453,#9784,#9785);
#8422=AXIS2_PLACEMENT_3D('',#12454,#9786,#9787);
#8423=AXIS2_PLACEMENT_3D('',#12455,#9788,#9789);
#8424=AXIS2_PLACEMENT_3D('',#12456,#9790,#9791);
#8425=AXIS2_PLACEMENT_3D('',#12457,#9792,#9793);
#8426=AXIS2_PLACEMENT_3D('',#12458,#9794,#9795);
#8427=AXIS2_PLACEMENT_3D('',#12460,#9796,#9797);
#8428=AXIS2_PLACEMENT_3D('',#12463,#9799,#9800);
#8429=AXIS2_PLACEMENT_3D('',#12464,#9801,#9802);
#8430=AXIS2_PLACEMENT_3D('',#12467,#9803,#9804);
#8431=AXIS2_PLACEMENT_3D('',#12471,#9806,#9807);
#8432=AXIS2_PLACEMENT_3D('',#12473,#9809,#9810);
#8433=AXIS2_PLACEMENT_3D('',#12508,#9813,#9814);
#8434=AXIS2_PLACEMENT_3D('',#12510,#9815,#9816);
#8435=AXIS2_PLACEMENT_3D('',#12511,#9817,#9818);
#8436=AXIS2_PLACEMENT_3D('',#12539,#9819,#9820);
#8437=AXIS2_PLACEMENT_3D('',#12541,#9821,#9822);
#8438=AXIS2_PLACEMENT_3D('',#12542,#9823,#9824);
#8439=AXIS2_PLACEMENT_3D('',#12543,#9825,#9826);
#8440=AXIS2_PLACEMENT_3D('',#12546,#9829,#9830);
#8441=AXIS2_PLACEMENT_3D('',#12550,#9832,#9833);
#8442=AXIS2_PLACEMENT_3D('',#12552,#9835,#9836);
#8443=AXIS2_PLACEMENT_3D('',#12555,#9837,#9838);
#8444=AXIS2_PLACEMENT_3D('',#12556,#9839,#9840);
#8445=AXIS2_PLACEMENT_3D('',#12557,#9841,#9842);
#8446=AXIS2_PLACEMENT_3D('',#12558,#9843,#9844);
#8447=AXIS2_PLACEMENT_3D('',#12561,#9845,#9846);
#8448=AXIS2_PLACEMENT_3D('',#12564,#9849,#9850);
#8449=AXIS2_PLACEMENT_3D('',#12567,#9851,#9852);
#8450=AXIS2_PLACEMENT_3D('',#12568,#9853,#9854);
#8451=AXIS2_PLACEMENT_3D('',#12569,#9855,#9856);
#8452=AXIS2_PLACEMENT_3D('',#12570,#9857,#9858);
#8453=AXIS2_PLACEMENT_3D('',#12573,#9861,#9862);
#8454=AXIS2_PLACEMENT_3D('',#12577,#9864,#9865);
#8455=AXIS2_PLACEMENT_3D('',#12579,#9867,#9868);
#8456=AXIS2_PLACEMENT_3D('',#12590,#9873,#9874);
#8457=AXIS2_PLACEMENT_3D('',#12594,#9876,#9877);
#8458=AXIS2_PLACEMENT_3D('',#12607,#9884,#9885);
#8459=AXIS2_PLACEMENT_3D('',#12611,#9887,#9888);
#8460=AXIS2_PLACEMENT_3D('',#12621,#9893,#9894);
#8461=AXIS2_PLACEMENT_3D('',#12625,#9896,#9897);
#8462=AXIS2_PLACEMENT_3D('',#12637,#9903,#9904);
#8463=AXIS2_PLACEMENT_3D('',#12641,#9906,#9907);
#8464=AXIS2_PLACEMENT_3D('',#12653,#9913,#9914);
#8465=AXIS2_PLACEMENT_3D('',#12657,#9916,#9917);
#8466=AXIS2_PLACEMENT_3D('',#12669,#9923,#9924);
#8467=AXIS2_PLACEMENT_3D('',#12673,#9926,#9927);
#8468=AXIS2_PLACEMENT_3D('',#12687,#9935,#9936);
#8469=AXIS2_PLACEMENT_3D('',#12690,#9938,#9939);
#8470=AXIS2_PLACEMENT_3D('',#12691,#9940,#9941);
#8471=AXIS2_PLACEMENT_3D('',#12725,#9944,#9945);
#8472=AXIS2_PLACEMENT_3D('',#12727,#9946,#9947);
#8473=AXIS2_PLACEMENT_3D('',#12728,#9948,#9949);
#8474=AXIS2_PLACEMENT_3D('',#12755,#9950,#9951);
#8475=AXIS2_PLACEMENT_3D('',#12757,#9952,#9953);
#8476=AXIS2_PLACEMENT_3D('',#12758,#9954,#9955);
#8477=AXIS2_PLACEMENT_3D('',#12759,#9956,#9957);
#8478=AXIS2_PLACEMENT_3D('',#12761,#9959,#9960);
#8479=AXIS2_PLACEMENT_3D('',#12764,#9962,#9963);
#8480=AXIS2_PLACEMENT_3D('',#12765,#9964,#9965);
#8481=AXIS2_PLACEMENT_3D('',#12767,#9966,#9967);
#8482=AXIS2_PLACEMENT_3D('',#12768,#9968,#9969);
#8483=AXIS2_PLACEMENT_3D('',#12769,#9970,#9971);
#8484=AXIS2_PLACEMENT_3D('',#12771,#9972,#9973);
#8485=AXIS2_PLACEMENT_3D('',#12773,#9975,#9976);
#8486=AXIS2_PLACEMENT_3D('',#12775,#9977,#9978);
#8487=AXIS2_PLACEMENT_3D('',#12776,#9979,#9980);
#8488=AXIS2_PLACEMENT_3D('',#12777,#9981,#9982);
#8489=AXIS2_PLACEMENT_3D('',#12779,#9984,#9985);
#8490=AXIS2_PLACEMENT_3D('',#12781,#9987,#9988);
#8491=AXIS2_PLACEMENT_3D('',#12787,#9992,#9993);
#8492=AXIS2_PLACEMENT_3D('',#12791,#9995,#9996);
#8493=AXIS2_PLACEMENT_3D('',#12793,#9998,#9999);
#8494=AXIS2_PLACEMENT_3D('',#12797,#10002,#10003);
#8495=AXIS2_PLACEMENT_3D('',#12801,#10005,#10006);
#8496=AXIS2_PLACEMENT_3D('',#12803,#10008,#10009);
#8497=AXIS2_PLACEMENT_3D('',#12807,#10012,#10013);
#8498=AXIS2_PLACEMENT_3D('',#12811,#10015,#10016);
#8499=AXIS2_PLACEMENT_3D('',#12813,#10018,#10019);
#8500=AXIS2_PLACEMENT_3D('',#12815,#10021,#10022);
#8501=AXIS2_PLACEMENT_3D('',#12818,#10024,#10025);
#8502=AXIS2_PLACEMENT_3D('',#12819,#10026,#10027);
#8503=AXIS2_PLACEMENT_3D('',#12822,#10029,#10030);
#8504=AXIS2_PLACEMENT_3D('',#12829,#10034,#10035);
#8505=AXIS2_PLACEMENT_3D('',#12837,#10039,#10040);
#8506=AXIS2_PLACEMENT_3D('',#12840,#10042,#10043);
#8507=AXIS2_PLACEMENT_3D('',#12841,#10044,#10045);
#8508=AXIS2_PLACEMENT_3D('',#12843,#10047,#10048);
#8509=AXIS2_PLACEMENT_3D('',#12845,#10050,#10051);
#8510=AXIS2_PLACEMENT_3D('',#12848,#10054,#10055);
#8511=AXIS2_PLACEMENT_3D('',#12850,#10057,#10058);
#8512=AXIS2_PLACEMENT_3D('',#12852,#10060,#10061);
#8513=AXIS2_PLACEMENT_3D('',#12854,#10063,#10064);
#8514=AXIS2_PLACEMENT_3D('',#12855,#10065,#10066);
#8515=AXIS2_PLACEMENT_3D('',#12857,#10067,#10068);
#8516=AXIS2_PLACEMENT_3D('',#12860,#10070,#10071);
#8517=AXIS2_PLACEMENT_3D('',#12861,#10072,#10073);
#8518=AXIS2_PLACEMENT_3D('',#12895,#10076,#10077);
#8519=AXIS2_PLACEMENT_3D('',#12897,#10078,#10079);
#8520=AXIS2_PLACEMENT_3D('',#12898,#10080,#10081);
#8521=AXIS2_PLACEMENT_3D('',#12925,#10082,#10083);
#8522=AXIS2_PLACEMENT_3D('',#12927,#10084,#10085);
#8523=AXIS2_PLACEMENT_3D('',#12928,#10086,#10087);
#8524=AXIS2_PLACEMENT_3D('',#12929,#10088,#10089);
#8525=AXIS2_PLACEMENT_3D('',#12931,#10091,#10092);
#8526=AXIS2_PLACEMENT_3D('',#12934,#10094,#10095);
#8527=AXIS2_PLACEMENT_3D('',#12935,#10096,#10097);
#8528=AXIS2_PLACEMENT_3D('',#12937,#10098,#10099);
#8529=AXIS2_PLACEMENT_3D('',#12938,#10100,#10101);
#8530=AXIS2_PLACEMENT_3D('',#12939,#10102,#10103);
#8531=AXIS2_PLACEMENT_3D('',#12941,#10104,#10105);
#8532=AXIS2_PLACEMENT_3D('',#12943,#10107,#10108);
#8533=AXIS2_PLACEMENT_3D('',#12945,#10109,#10110);
#8534=AXIS2_PLACEMENT_3D('',#12946,#10111,#10112);
#8535=AXIS2_PLACEMENT_3D('',#12947,#10113,#10114);
#8536=AXIS2_PLACEMENT_3D('',#12949,#10116,#10117);
#8537=AXIS2_PLACEMENT_3D('',#12952,#10119,#10120);
#8538=AXIS2_PLACEMENT_3D('',#12953,#10121,#10122);
#8539=AXIS2_PLACEMENT_3D('',#12956,#10124,#10125);
#8540=AXIS2_PLACEMENT_3D('',#12957,#10126,#10127);
#8541=AXIS2_PLACEMENT_3D('',#12991,#10130,#10131);
#8542=AXIS2_PLACEMENT_3D('',#12993,#10132,#10133);
#8543=AXIS2_PLACEMENT_3D('',#12994,#10134,#10135);
#8544=AXIS2_PLACEMENT_3D('',#13021,#10136,#10137);
#8545=AXIS2_PLACEMENT_3D('',#13023,#10138,#10139);
#8546=AXIS2_PLACEMENT_3D('',#13024,#10140,#10141);
#8547=AXIS2_PLACEMENT_3D('',#13025,#10142,#10143);
#8548=AXIS2_PLACEMENT_3D('',#13027,#10145,#10146);
#8549=AXIS2_PLACEMENT_3D('',#13030,#10148,#10149);
#8550=AXIS2_PLACEMENT_3D('',#13031,#10150,#10151);
#8551=AXIS2_PLACEMENT_3D('',#13033,#10152,#10153);
#8552=AXIS2_PLACEMENT_3D('',#13034,#10154,#10155);
#8553=AXIS2_PLACEMENT_3D('',#13035,#10156,#10157);
#8554=AXIS2_PLACEMENT_3D('',#13037,#10158,#10159);
#8555=AXIS2_PLACEMENT_3D('',#13039,#10161,#10162);
#8556=AXIS2_PLACEMENT_3D('',#13041,#10163,#10164);
#8557=AXIS2_PLACEMENT_3D('',#13042,#10165,#10166);
#8558=AXIS2_PLACEMENT_3D('',#13043,#10167,#10168);
#8559=AXIS2_PLACEMENT_3D('',#13045,#10170,#10171);
#8560=AXIS2_PLACEMENT_3D('',#13047,#10173,#10174);
#8561=AXIS2_PLACEMENT_3D('',#13049,#10176,#10177);
#8562=AXIS2_PLACEMENT_3D('',#13053,#10179,#10180);
#8563=AXIS2_PLACEMENT_3D('',#13055,#10182,#10183);
#8564=AXIS2_PLACEMENT_3D('',#13059,#10186,#10187);
#8565=AXIS2_PLACEMENT_3D('',#13063,#10189,#10190);
#8566=AXIS2_PLACEMENT_3D('',#13065,#10192,#10193);
#8567=AXIS2_PLACEMENT_3D('',#13067,#10195,#10196);
#8568=AXIS2_PLACEMENT_3D('',#13071,#10198,#10199);
#8569=AXIS2_PLACEMENT_3D('',#13073,#10201,#10202);
#8570=AXIS2_PLACEMENT_3D('',#13077,#10205,#10206);
#8571=AXIS2_PLACEMENT_3D('',#13079,#10207,#10208);
#8572=AXIS2_PLACEMENT_3D('',#13081,#10210,#10211);
#8573=AXIS2_PLACEMENT_3D('',#13085,#10213,#10214);
#8574=AXIS2_PLACEMENT_3D('',#13087,#10216,#10217);
#8575=AXIS2_PLACEMENT_3D('',#13089,#10219,#10220);
#8576=AXIS2_PLACEMENT_3D('',#13092,#10222,#10223);
#8577=AXIS2_PLACEMENT_3D('',#13093,#10224,#10225);
#8578=AXIS2_PLACEMENT_3D('',#13097,#10228,#10229);
#8579=AXIS2_PLACEMENT_3D('',#13100,#10231,#10232);
#8580=AXIS2_PLACEMENT_3D('',#13101,#10233,#10234);
#8581=AXIS2_PLACEMENT_3D('',#13105,#10236,#10237);
#8582=AXIS2_PLACEMENT_3D('',#13108,#10240,#10241);
#8583=AXIS2_PLACEMENT_3D('',#13110,#10243,#10244);
#8584=AXIS2_PLACEMENT_3D('',#13112,#10245,#10246);
#8585=AXIS2_PLACEMENT_3D('',#13115,#10248,#10249);
#8586=AXIS2_PLACEMENT_3D('',#13116,#10250,#10251);
#8587=AXIS2_PLACEMENT_3D('',#13119,#10254,#10255);
#8588=AXIS2_PLACEMENT_3D('',#13121,#10256,#10257);
#8589=AXIS2_PLACEMENT_3D('',#13124,#10259,#10260);
#8590=AXIS2_PLACEMENT_3D('',#13125,#10261,#10262);
#8591=AXIS2_PLACEMENT_3D('',#13154,#10265,#10266);
#8592=AXIS2_PLACEMENT_3D('',#13156,#10267,#10268);
#8593=AXIS2_PLACEMENT_3D('',#13157,#10269,#10270);
#8594=AXIS2_PLACEMENT_3D('',#13189,#10271,#10272);
#8595=AXIS2_PLACEMENT_3D('',#13191,#10273,#10274);
#8596=AXIS2_PLACEMENT_3D('',#13192,#10275,#10276);
#8597=AXIS2_PLACEMENT_3D('',#13193,#10277,#10278);
#8598=AXIS2_PLACEMENT_3D('',#13195,#10280,#10281);
#8599=AXIS2_PLACEMENT_3D('',#13198,#10283,#10284);
#8600=AXIS2_PLACEMENT_3D('',#13199,#10285,#10286);
#8601=AXIS2_PLACEMENT_3D('',#13201,#10287,#10288);
#8602=AXIS2_PLACEMENT_3D('',#13202,#10289,#10290);
#8603=AXIS2_PLACEMENT_3D('',#13203,#10291,#10292);
#8604=AXIS2_PLACEMENT_3D('',#13205,#10293,#10294);
#8605=AXIS2_PLACEMENT_3D('',#13207,#10296,#10297);
#8606=AXIS2_PLACEMENT_3D('',#13209,#10298,#10299);
#8607=AXIS2_PLACEMENT_3D('',#13210,#10300,#10301);
#8608=AXIS2_PLACEMENT_3D('',#13211,#10302,#10303);
#8609=AXIS2_PLACEMENT_3D('',#13213,#10305,#10306);
#8610=AXIS2_PLACEMENT_3D('',#13215,#10308,#10309);
#8611=AXIS2_PLACEMENT_3D('',#13247,#10313,#10314);
#8612=AXIS2_PLACEMENT_3D('',#13249,#10315,#10316);
#8613=AXIS2_PLACEMENT_3D('',#13250,#10317,#10318);
#8614=AXIS2_PLACEMENT_3D('',#13277,#10319,#10320);
#8615=AXIS2_PLACEMENT_3D('',#13279,#10321,#10322);
#8616=AXIS2_PLACEMENT_3D('',#13280,#10323,#10324);
#8617=AXIS2_PLACEMENT_3D('',#13281,#10325,#10326);
#8618=AXIS2_PLACEMENT_3D('',#13283,#10328,#10329);
#8619=AXIS2_PLACEMENT_3D('',#13286,#10331,#10332);
#8620=AXIS2_PLACEMENT_3D('',#13287,#10333,#10334);
#8621=AXIS2_PLACEMENT_3D('',#13289,#10335,#10336);
#8622=AXIS2_PLACEMENT_3D('',#13290,#10337,#10338);
#8623=AXIS2_PLACEMENT_3D('',#13291,#10339,#10340);
#8624=AXIS2_PLACEMENT_3D('',#13293,#10341,#10342);
#8625=AXIS2_PLACEMENT_3D('',#13295,#10344,#10345);
#8626=AXIS2_PLACEMENT_3D('',#13297,#10346,#10347);
#8627=AXIS2_PLACEMENT_3D('',#13298,#10348,#10349);
#8628=AXIS2_PLACEMENT_3D('',#13299,#10350,#10351);
#8629=AXIS2_PLACEMENT_3D('',#13301,#10353,#10354);
#8630=AXIS2_PLACEMENT_3D('',#13303,#10356,#10357);
#8631=AXIS2_PLACEMENT_3D('',#13309,#10361,#10362);
#8632=AXIS2_PLACEMENT_3D('',#13313,#10364,#10365);
#8633=AXIS2_PLACEMENT_3D('',#13315,#10367,#10368);
#8634=AXIS2_PLACEMENT_3D('',#13319,#10371,#10372);
#8635=AXIS2_PLACEMENT_3D('',#13321,#10373,#10374);
#8636=AXIS2_PLACEMENT_3D('',#13323,#10376,#10377);
#8637=AXIS2_PLACEMENT_3D('',#13327,#10379,#10380);
#8638=AXIS2_PLACEMENT_3D('',#13329,#10382,#10383);
#8639=AXIS2_PLACEMENT_3D('',#13333,#10386,#10387);
#8640=AXIS2_PLACEMENT_3D('',#13337,#10389,#10390);
#8641=AXIS2_PLACEMENT_3D('',#13339,#10392,#10393);
#8642=AXIS2_PLACEMENT_3D('',#13341,#10395,#10396);
#8643=AXIS2_PLACEMENT_3D('',#13345,#10398,#10399);
#8644=AXIS2_PLACEMENT_3D('',#13347,#10401,#10402);
#8645=AXIS2_PLACEMENT_3D('',#13353,#10407,#10408);
#8646=AXIS2_PLACEMENT_3D('',#13359,#10411,#10412);
#8647=AXIS2_PLACEMENT_3D('',#13362,#10414,#10415);
#8648=AXIS2_PLACEMENT_3D('',#13363,#10416,#10417);
#8649=AXIS2_PLACEMENT_3D('',#13365,#10419,#10420);
#8650=AXIS2_PLACEMENT_3D('',#13366,#10421,#10422);
#8651=AXIS2_PLACEMENT_3D('',#13368,#10424,#10425);
#8652=AXIS2_PLACEMENT_3D('',#13371,#10428,#10429);
#8653=AXIS2_PLACEMENT_3D('',#13373,#10431,#10432);
#8654=AXIS2_PLACEMENT_3D('',#13374,#10433,#10434);
#8655=AXIS2_PLACEMENT_3D('',#13375,#10435,#10436);
#8656=AXIS2_PLACEMENT_3D('',#13376,#10437,#10438);
#8657=AXIS2_PLACEMENT_3D('',#13377,#10439,#10440);
#8658=AXIS2_PLACEMENT_3D('',#13378,#10441,#10442);
#8659=AXIS2_PLACEMENT_3D('',#13380,#10444,#10445);
#8660=AXIS2_PLACEMENT_3D('',#13381,#10446,#10447);
#8661=AXIS2_PLACEMENT_3D('',#13382,#10448,#10449);
#8662=AXIS2_PLACEMENT_3D('',#13384,#10451,#10452);
#8663=AXIS2_PLACEMENT_3D('',#13385,#10453,#10454);
#8664=AXIS2_PLACEMENT_3D('',#13387,#10456,#10457);
#8665=AXIS2_PLACEMENT_3D('',#13391,#10460,#10461);
#8666=AXIS2_PLACEMENT_3D('',#13395,#10464,#10465);
#8667=AXIS2_PLACEMENT_3D('',#13397,#10467,#10468);
#8668=AXIS2_PLACEMENT_3D('',#13398,#10469,#10470);
#8669=AXIS2_PLACEMENT_3D('',#13399,#10471,#10472);
#8670=AXIS2_PLACEMENT_3D('',#13402,#10473,#10474);
#8671=AXIS2_PLACEMENT_3D('',#13406,#10476,#10477);
#8672=AXIS2_PLACEMENT_3D('',#13438,#10479,#10480);
#8673=AXIS2_PLACEMENT_3D('',#13439,#10481,#10482);
#8674=AXIS2_PLACEMENT_3D('',#13440,#10483,#10484);
#8675=AXIS2_PLACEMENT_3D('',#13446,#10488,#10489);
#8676=AXIS2_PLACEMENT_3D('',#13450,#10491,#10492);
#8677=AXIS2_PLACEMENT_3D('',#13454,#10494,#10495);
#8678=AXIS2_PLACEMENT_3D('',#13457,#10497,#10498);
#8679=AXIS2_PLACEMENT_3D('',#13466,#10503,#10504);
#8680=AXIS2_PLACEMENT_3D('',#13501,#10507,#10508);
#8681=AXIS2_PLACEMENT_3D('',#13502,#10509,#10510);
#8682=AXIS2_PLACEMENT_3D('',#13503,#10511,#10512);
#8683=AXIS2_PLACEMENT_3D('',#13504,#10513,#10514);
#8684=AXIS2_PLACEMENT_3D('',#13506,#10516,#10517);
#8685=AXIS2_PLACEMENT_3D('',#13507,#10518,#10519);
#8686=AXIS2_PLACEMENT_3D('',#13510,#10521,#10522);
#8687=AXIS2_PLACEMENT_3D('',#13542,#10523,#10524);
#8688=AXIS2_PLACEMENT_3D('',#13543,#10525,#10526);
#8689=AXIS2_PLACEMENT_3D('',#13544,#10527,#10528);
#8690=AXIS2_PLACEMENT_3D('',#13547,#10531,#10532);
#8691=AXIS2_PLACEMENT_3D('',#13548,#10533,#10534);
#8692=AXIS2_PLACEMENT_3D('',#13551,#10536,#10537);
#8693=AXIS2_PLACEMENT_3D('',#13552,#10538,#10539);
#8694=AXIS2_PLACEMENT_3D('',#13553,#10540,#10541);
#8695=AXIS2_PLACEMENT_3D('',#13585,#10543,#10544);
#8696=AXIS2_PLACEMENT_3D('',#13586,#10545,#10546);
#8697=AXIS2_PLACEMENT_3D('',#13587,#10547,#10548);
#8698=AXIS2_PLACEMENT_3D('',#13589,#10549,#10550);
#8699=AXIS2_PLACEMENT_3D('',#13591,#10551,#10552);
#8700=AXIS2_PLACEMENT_3D('',#13592,#10553,#10554);
#8701=AXIS2_PLACEMENT_3D('',#13593,#10555,#10556);
#8702=AXIS2_PLACEMENT_3D('',#13595,#10557,#10558);
#8703=AXIS2_PLACEMENT_3D('',#13597,#10560,#10561);
#8704=AXIS2_PLACEMENT_3D('',#13599,#10562,#10563);
#8705=AXIS2_PLACEMENT_3D('',#13600,#10564,#10565);
#8706=AXIS2_PLACEMENT_3D('',#13601,#10566,#10567);
#8707=AXIS2_PLACEMENT_3D('',#13603,#10568,#10569);
#8708=AXIS2_PLACEMENT_3D('',#13605,#10571,#10572);
#8709=AXIS2_PLACEMENT_3D('',#13607,#10573,#10574);
#8710=AXIS2_PLACEMENT_3D('',#13608,#10575,#10576);
#8711=AXIS2_PLACEMENT_3D('',#13609,#10577,#10578);
#8712=AXIS2_PLACEMENT_3D('',#13611,#10579,#10580);
#8713=AXIS2_PLACEMENT_3D('',#13613,#10582,#10583);
#8714=AXIS2_PLACEMENT_3D('',#13615,#10584,#10585);
#8715=AXIS2_PLACEMENT_3D('',#13616,#10586,#10587);
#8716=AXIS2_PLACEMENT_3D('',#13617,#10588,#10589);
#8717=AXIS2_PLACEMENT_3D('',#13620,#10592,#10593);
#8718=AXIS2_PLACEMENT_3D('',#13626,#10597,#10598);
#8719=AXIS2_PLACEMENT_3D('',#13629,#10600,#10601);
#8720=AXIS2_PLACEMENT_3D('',#13630,#10602,#10603);
#8721=AXIS2_PLACEMENT_3D('',#13634,#10606,#10607);
#8722=AXIS2_PLACEMENT_3D('',#13637,#10609,#10610);
#8723=AXIS2_PLACEMENT_3D('',#13638,#10611,#10612);
#8724=AXIS2_PLACEMENT_3D('',#13640,#10613,#10614);
#8725=AXIS2_PLACEMENT_3D('',#13642,#10615,#10616);
#8726=AXIS2_PLACEMENT_3D('',#13644,#10617,#10618);
#8727=AXIS2_PLACEMENT_3D('',#13645,#10619,#10620);
#8728=AXIS2_PLACEMENT_3D('',#13646,#10621,#10622);
#8729=AXIS2_PLACEMENT_3D('',#13649,#10623,#10624);
#8730=AXIS2_PLACEMENT_3D('',#13652,#10627,#10628);
#8731=AXIS2_PLACEMENT_3D('',#13655,#10629,#10630);
#8732=AXIS2_PLACEMENT_3D('',#13656,#10631,#10632);
#8733=AXIS2_PLACEMENT_3D('',#13657,#10633,#10634);
#8734=AXIS2_PLACEMENT_3D('',#13658,#10635,#10636);
#8735=AXIS2_PLACEMENT_3D('',#13660,#10637,#10638);
#8736=AXIS2_PLACEMENT_3D('',#13663,#10641,#10642);
#8737=AXIS2_PLACEMENT_3D('',#13665,#10643,#10644);
#8738=AXIS2_PLACEMENT_3D('',#13666,#10645,#10646);
#8739=AXIS2_PLACEMENT_3D('',#13667,#10647,#10648);
#8740=AXIS2_PLACEMENT_3D('',#13669,#10649,#10650);
#8741=AXIS2_PLACEMENT_3D('',#13671,#10652,#10653);
#8742=AXIS2_PLACEMENT_3D('',#13673,#10654,#10655);
#8743=AXIS2_PLACEMENT_3D('',#13674,#10656,#10657);
#8744=AXIS2_PLACEMENT_3D('',#13675,#10658,#10659);
#8745=AXIS2_PLACEMENT_3D('',#13677,#10661,#10662);
#8746=AXIS2_PLACEMENT_3D('',#13679,#10664,#10665);
#8747=AXIS2_PLACEMENT_3D('',#13693,#10672,#10673);
#8748=AXIS2_PLACEMENT_3D('',#13697,#10675,#10676);
#8749=AXIS2_PLACEMENT_3D('',#13701,#10679,#10680);
#8750=AXIS2_PLACEMENT_3D('',#13704,#10683,#10684);
#8751=AXIS2_PLACEMENT_3D('',#13705,#10685,#10686);
#8752=AXIS2_PLACEMENT_3D('',#13706,#10687,#10688);
#8753=AXIS2_PLACEMENT_3D('',#13709,#10689,#10690);
#8754=AXIS2_PLACEMENT_3D('',#13726,#10691,#10692);
#8755=AXIS2_PLACEMENT_3D('',#13741,#10693,#10694);
#8756=AXIS2_PLACEMENT_3D('',#13760,#10697,#10698);
#8757=AXIS2_PLACEMENT_3D('',#13762,#10699,#10700);
#8758=AXIS2_PLACEMENT_3D('',#13778,#10701,#10702);
#8759=AXIS2_PLACEMENT_3D('',#13779,#10703,#10704);
#8760=AXIS2_PLACEMENT_3D('',#13798,#10707,#10708);
#8761=AXIS2_PLACEMENT_3D('',#13800,#10709,#10710);
#8762=AXIS2_PLACEMENT_3D('',#13816,#10711,#10712);
#8763=AXIS2_PLACEMENT_3D('',#13817,#10713,#10714);
#8764=AXIS2_PLACEMENT_3D('',#13836,#10717,#10718);
#8765=AXIS2_PLACEMENT_3D('',#13838,#10719,#10720);
#8766=AXIS2_PLACEMENT_3D('',#13854,#10721,#10722);
#8767=AXIS2_PLACEMENT_3D('',#13855,#10723,#10724);
#8768=AXIS2_PLACEMENT_3D('',#13859,#10726,#10727);
#8769=AXIS2_PLACEMENT_3D('',#13861,#10729,#10730);
#8770=AXIS2_PLACEMENT_3D('',#13865,#10733,#10734);
#8771=AXIS2_PLACEMENT_3D('',#13868,#10736,#10737);
#8772=AXIS2_PLACEMENT_3D('',#13869,#10738,#10739);
#8773=AXIS2_PLACEMENT_3D('',#13873,#10742,#10743);
#8774=AXIS2_PLACEMENT_3D('',#13876,#10745,#10746);
#8775=AXIS2_PLACEMENT_3D('',#13877,#10747,#10748);
#8776=AXIS2_PLACEMENT_3D('',#13881,#10751,#10752);
#8777=AXIS2_PLACEMENT_3D('',#13884,#10754,#10755);
#8778=AXIS2_PLACEMENT_3D('',#13885,#10756,#10757);
#8779=AXIS2_PLACEMENT_3D('',#13888,#10760,#10761);
#8780=AXIS2_PLACEMENT_3D('',#13890,#10763,#10764);
#8781=AXIS2_PLACEMENT_3D('',#13925,#10767,#10768);
#8782=AXIS2_PLACEMENT_3D('',#13927,#10769,#10770);
#8783=AXIS2_PLACEMENT_3D('',#13943,#10771,#10772);
#8784=AXIS2_PLACEMENT_3D('',#13944,#10773,#10774);
#8785=AXIS2_PLACEMENT_3D('',#13963,#10777,#10778);
#8786=AXIS2_PLACEMENT_3D('',#13965,#10779,#10780);
#8787=AXIS2_PLACEMENT_3D('',#13981,#10781,#10782);
#8788=AXIS2_PLACEMENT_3D('',#13982,#10783,#10784);
#8789=AXIS2_PLACEMENT_3D('',#14001,#10787,#10788);
#8790=AXIS2_PLACEMENT_3D('',#14003,#10789,#10790);
#8791=AXIS2_PLACEMENT_3D('',#14005,#10791,#10792);
#8792=AXIS2_PLACEMENT_3D('',#14020,#10793,#10794);
#8793=AXIS2_PLACEMENT_3D('',#14039,#10797,#10798);
#8794=AXIS2_PLACEMENT_3D('',#14040,#10799,#10800);
#8795=AXIS2_PLACEMENT_3D('',#14041,#10801,#10802);
#8796=AXIS2_PLACEMENT_3D('',#14042,#10803,#10804);
#8797=AXIS2_PLACEMENT_3D('',#14046,#10806,#10807);
#8798=AXIS2_PLACEMENT_3D('',#14048,#10809,#10810);
#8799=AXIS2_PLACEMENT_3D('',#14052,#10813,#10814);
#8800=AXIS2_PLACEMENT_3D('',#14055,#10816,#10817);
#8801=AXIS2_PLACEMENT_3D('',#14056,#10818,#10819);
#8802=AXIS2_PLACEMENT_3D('',#14060,#10822,#10823);
#8803=AXIS2_PLACEMENT_3D('',#14063,#10824,#10825);
#8804=AXIS2_PLACEMENT_3D('',#14067,#10827,#10828);
#8805=AXIS2_PLACEMENT_3D('',#14071,#10830,#10831);
#8806=AXIS2_PLACEMENT_3D('',#14075,#10833,#10834);
#8807=AXIS2_PLACEMENT_3D('',#14078,#10836,#10837);
#8808=AXIS2_PLACEMENT_3D('',#14080,#10838,#10839);
#8809=AXIS2_PLACEMENT_3D('',#14082,#10840,#10841);
#8810=AXIS2_PLACEMENT_3D('',#14084,#10842,#10843);
#8811=AXIS2_PLACEMENT_3D('',#14086,#10844,#10845);
#8812=AXIS2_PLACEMENT_3D('',#14088,#10846,#10847);
#8813=AXIS2_PLACEMENT_3D('',#14090,#10848,#10849);
#8814=AXIS2_PLACEMENT_3D('',#14091,#10850,#10851);
#8815=AXIS2_PLACEMENT_3D('',#14094,#10852,#10853);
#8816=AXIS2_PLACEMENT_3D('',#14098,#10855,#10856);
#8817=AXIS2_PLACEMENT_3D('',#14100,#10858,#10859);
#8818=AXIS2_PLACEMENT_3D('',#14101,#10860,#10861);
#8819=AXIS2_PLACEMENT_3D('',#14104,#10863,#10864);
#8820=AXIS2_PLACEMENT_3D('',#14105,#10865,#10866);
#8821=AXIS2_PLACEMENT_3D('',#14107,#10867,#10868);
#8822=AXIS2_PLACEMENT_3D('',#14108,#10869,#10870);
#8823=AXIS2_PLACEMENT_3D('',#14109,#10871,#10872);
#8824=AXIS2_PLACEMENT_3D('',#14111,#10873,#10874);
#8825=AXIS2_PLACEMENT_3D('',#14113,#10876,#10877);
#8826=AXIS2_PLACEMENT_3D('',#14115,#10878,#10879);
#8827=AXIS2_PLACEMENT_3D('',#14116,#10880,#10881);
#8828=AXIS2_PLACEMENT_3D('',#14117,#10882,#10883);
#8829=AXIS2_PLACEMENT_3D('',#14119,#10884,#10885);
#8830=AXIS2_PLACEMENT_3D('',#14121,#10887,#10888);
#8831=AXIS2_PLACEMENT_3D('',#14122,#10889,#10890);
#8832=AXIS2_PLACEMENT_3D('',#14123,#10891,#10892);
#8833=AXIS2_PLACEMENT_3D('',#14125,#10893,#10894);
#8834=AXIS2_PLACEMENT_3D('',#14129,#10896,#10897);
#8835=AXIS2_PLACEMENT_3D('',#14131,#10899,#10900);
#8836=AXIS2_PLACEMENT_3D('',#14132,#10901,#10902);
#8837=AXIS2_PLACEMENT_3D('',#14133,#10903,#10904);
#8838=AXIS2_PLACEMENT_3D('',#14135,#10905,#10906);
#8839=AXIS2_PLACEMENT_3D('',#14137,#10908,#10909);
#8840=AXIS2_PLACEMENT_3D('',#14140,#10911,#10912);
#8841=AXIS2_PLACEMENT_3D('',#14141,#10913,#10914);
#8842=AXIS2_PLACEMENT_3D('',#14145,#10917,#10918);
#8843=AXIS2_PLACEMENT_3D('',#14149,#10920,#10921);
#8844=AXIS2_PLACEMENT_3D('',#14151,#10923,#10924);
#8845=AXIS2_PLACEMENT_3D('',#14153,#10926,#10927);
#8846=AXIS2_PLACEMENT_3D('',#14157,#10929,#10930);
#8847=AXIS2_PLACEMENT_3D('',#14159,#10932,#10933);
#8848=AXIS2_PLACEMENT_3D('',#14165,#10937,#10938);
#8849=AXIS2_PLACEMENT_3D('',#14169,#10940,#10941);
#8850=AXIS2_PLACEMENT_3D('',#14173,#10943,#10944);
#8851=AXIS2_PLACEMENT_3D('',#14176,#10946,#10947);
#8852=AXIS2_PLACEMENT_3D('',#14178,#10948,#10949);
#8853=AXIS2_PLACEMENT_3D('',#14180,#10950,#10951);
#8854=AXIS2_PLACEMENT_3D('',#14182,#10952,#10953);
#8855=AXIS2_PLACEMENT_3D('',#14184,#10954,#10955);
#8856=AXIS2_PLACEMENT_3D('',#14188,#10957,#10958);
#8857=AXIS2_PLACEMENT_3D('',#14190,#10960,#10961);
#8858=AXIS2_PLACEMENT_3D('',#14191,#10962,#10963);
#8859=AXIS2_PLACEMENT_3D('',#14193,#10964,#10965);
#8860=AXIS2_PLACEMENT_3D('',#14194,#10966,#10967);
#8861=AXIS2_PLACEMENT_3D('',#14195,#10968,#10969);
#8862=AXIS2_PLACEMENT_3D('',#14197,#10970,#10971);
#8863=AXIS2_PLACEMENT_3D('',#14199,#10973,#10974);
#8864=AXIS2_PLACEMENT_3D('',#14201,#10975,#10976);
#8865=AXIS2_PLACEMENT_3D('',#14202,#10977,#10978);
#8866=AXIS2_PLACEMENT_3D('',#14203,#10979,#10980);
#8867=AXIS2_PLACEMENT_3D('',#14205,#10981,#10982);
#8868=AXIS2_PLACEMENT_3D('',#14207,#10984,#10985);
#8869=AXIS2_PLACEMENT_3D('',#14209,#10986,#10987);
#8870=AXIS2_PLACEMENT_3D('',#14210,#10988,#10989);
#8871=AXIS2_PLACEMENT_3D('',#14211,#10990,#10991);
#8872=AXIS2_PLACEMENT_3D('',#14213,#10992,#10993);
#8873=AXIS2_PLACEMENT_3D('',#14214,#10994,#10995);
#8874=AXIS2_PLACEMENT_3D('',#14215,#10996,#10997);
#8875=AXIS2_PLACEMENT_3D('',#14217,#10998,#10999);
#8876=AXIS2_PLACEMENT_3D('',#14218,#11000,#11001);
#8877=AXIS2_PLACEMENT_3D('',#14219,#11002,#11003);
#8878=AXIS2_PLACEMENT_3D('',#14221,#11004,#11005);
#8879=AXIS2_PLACEMENT_3D('',#14222,#11006,#11007);
#8880=AXIS2_PLACEMENT_3D('',#14223,#11008,#11009);
#8881=AXIS2_PLACEMENT_3D('',#14225,#11011,#11012);
#8882=AXIS2_PLACEMENT_3D('',#14227,#11014,#11015);
#8883=AXIS2_PLACEMENT_3D('',#14230,#11018,#11019);
#8884=AXIS2_PLACEMENT_3D('',#14232,#11021,#11022);
#8885=AXIS2_PLACEMENT_3D('',#14234,#11024,#11025);
#8886=AXIS2_PLACEMENT_3D('',#14236,#11027,#11028);
#8887=AXIS2_PLACEMENT_3D('',#14238,#11030,#11031);
#8888=AXIS2_PLACEMENT_3D('',#14239,#11032,#11033);
#8889=AXIS2_PLACEMENT_3D('',#14242,#11034,#11035);
#8890=AXIS2_PLACEMENT_3D('',#14246,#11037,#11038);
#8891=AXIS2_PLACEMENT_3D('',#14248,#11040,#11041);
#8892=AXIS2_PLACEMENT_3D('',#14249,#11042,#11043);
#8893=AXIS2_PLACEMENT_3D('',#14252,#11045,#11046);
#8894=AXIS2_PLACEMENT_3D('',#14253,#11047,#11048);
#8895=AXIS2_PLACEMENT_3D('',#14255,#11049,#11050);
#8896=AXIS2_PLACEMENT_3D('',#14256,#11051,#11052);
#8897=AXIS2_PLACEMENT_3D('',#14257,#11053,#11054);
#8898=AXIS2_PLACEMENT_3D('',#14259,#11055,#11056);
#8899=AXIS2_PLACEMENT_3D('',#14261,#11058,#11059);
#8900=AXIS2_PLACEMENT_3D('',#14263,#11060,#11061);
#8901=AXIS2_PLACEMENT_3D('',#14264,#11062,#11063);
#8902=AXIS2_PLACEMENT_3D('',#14265,#11064,#11065);
#8903=AXIS2_PLACEMENT_3D('',#14267,#11066,#11067);
#8904=AXIS2_PLACEMENT_3D('',#14269,#11069,#11070);
#8905=AXIS2_PLACEMENT_3D('',#14270,#11071,#11072);
#8906=AXIS2_PLACEMENT_3D('',#14271,#11073,#11074);
#8907=AXIS2_PLACEMENT_3D('',#14273,#11075,#11076);
#8908=AXIS2_PLACEMENT_3D('',#14277,#11078,#11079);
#8909=AXIS2_PLACEMENT_3D('',#14279,#11081,#11082);
#8910=AXIS2_PLACEMENT_3D('',#14280,#11083,#11084);
#8911=AXIS2_PLACEMENT_3D('',#14281,#11085,#11086);
#8912=AXIS2_PLACEMENT_3D('',#14287,#11090,#11091);
#8913=AXIS2_PLACEMENT_3D('',#14288,#11092,#11093);
#8914=AXIS2_PLACEMENT_3D('',#14289,#11094,#11095);
#8915=AXIS2_PLACEMENT_3D('',#14292,#11097,#11098);
#8916=AXIS2_PLACEMENT_3D('',#14293,#11099,#11100);
#8917=AXIS2_PLACEMENT_3D('',#14297,#11103,#11104);
#8918=AXIS2_PLACEMENT_3D('',#14301,#11106,#11107);
#8919=AXIS2_PLACEMENT_3D('',#14303,#11109,#11110);
#8920=AXIS2_PLACEMENT_3D('',#14305,#11112,#11113);
#8921=AXIS2_PLACEMENT_3D('',#14309,#11115,#11116);
#8922=AXIS2_PLACEMENT_3D('',#14311,#11118,#11119);
#8923=AXIS2_PLACEMENT_3D('',#14313,#11121,#11122);
#8924=AXIS2_PLACEMENT_3D('',#14315,#11123,#11124);
#8925=AXIS2_PLACEMENT_3D('',#14316,#11125,#11126);
#8926=AXIS2_PLACEMENT_3D('',#14317,#11127,#11128);
#8927=AXIS2_PLACEMENT_3D('',#14319,#11129,#11130);
#8928=AXIS2_PLACEMENT_3D('',#14321,#11132,#11133);
#8929=AXIS2_PLACEMENT_3D('',#14323,#11134,#11135);
#8930=AXIS2_PLACEMENT_3D('',#14324,#11136,#11137);
#8931=AXIS2_PLACEMENT_3D('',#14325,#11138,#11139);
#8932=AXIS2_PLACEMENT_3D('',#14327,#11140,#11141);
#8933=AXIS2_PLACEMENT_3D('',#14329,#11143,#11144);
#8934=AXIS2_PLACEMENT_3D('',#14331,#11145,#11146);
#8935=AXIS2_PLACEMENT_3D('',#14332,#11147,#11148);
#8936=AXIS2_PLACEMENT_3D('',#14333,#11149,#11150);
#8937=AXIS2_PLACEMENT_3D('',#14335,#11151,#11152);
#8938=AXIS2_PLACEMENT_3D('',#14337,#11154,#11155);
#8939=AXIS2_PLACEMENT_3D('',#14338,#11156,#11157);
#8940=AXIS2_PLACEMENT_3D('',#14339,#11158,#11159);
#8941=AXIS2_PLACEMENT_3D('',#14342,#11161,#11162);
#8942=AXIS2_PLACEMENT_3D('',#14343,#11163,#11164);
#8943=AXIS2_PLACEMENT_3D('',#14347,#11167,#11168);
#8944=AXIS2_PLACEMENT_3D('',#14350,#11170,#11171);
#8945=AXIS2_PLACEMENT_3D('',#14351,#11172,#11173);
#8946=AXIS2_PLACEMENT_3D('',#14355,#11176,#11177);
#8947=AXIS2_PLACEMENT_3D('',#14358,#11179,#11180);
#8948=AXIS2_PLACEMENT_3D('',#14359,#11181,#11182);
#8949=AXIS2_PLACEMENT_3D('',#14363,#11185,#11186);
#8950=AXIS2_PLACEMENT_3D('',#14364,#11187,#11188);
#8951=AXIS2_PLACEMENT_3D('',#14365,#11189,#11190);
#8952=AXIS2_PLACEMENT_3D('',#14367,#11192,#11193);
#8953=AXIS2_PLACEMENT_3D('',#14369,#11194,#11195);
#8954=AXIS2_PLACEMENT_3D('',#14371,#11196,#11197);
#8955=AXIS2_PLACEMENT_3D('',#14373,#11198,#11199);
#8956=AXIS2_PLACEMENT_3D('',#14375,#11200,#11201);
#8957=AXIS2_PLACEMENT_3D('',#14376,#11202,#11203);
#8958=AXIS2_PLACEMENT_3D('',#14378,#11204,#11205);
#8959=AXIS2_PLACEMENT_3D('',#14379,#11206,#11207);
#8960=AXIS2_PLACEMENT_3D('',#14380,#11208,#11209);
#8961=AXIS2_PLACEMENT_3D('',#14381,#11210,#11211);
#8962=AXIS2_PLACEMENT_3D('',#14382,#11212,#11213);
#8963=AXIS2_PLACEMENT_3D('',#14383,#11214,#11215);
#8964=AXIS2_PLACEMENT_3D('',#14384,#11216,#11217);
#8965=AXIS2_PLACEMENT_3D('',#14385,#11218,#11219);
#8966=AXIS2_PLACEMENT_3D('',#14386,#11220,#11221);
#8967=AXIS2_PLACEMENT_3D('',#14387,#11222,#11223);
#8968=AXIS2_PLACEMENT_3D('',#14388,#11224,#11225);
#8969=AXIS2_PLACEMENT_3D('',#14390,#11226,#11227);
#8970=AXIS2_PLACEMENT_3D('',#14391,#11228,#11229);
#8971=AXIS2_PLACEMENT_3D('',#14392,#11230,#11231);
#8972=AXIS2_PLACEMENT_3D('',#14394,#11232,#11233);
#8973=AXIS2_PLACEMENT_3D('',#14396,#11235,#11236);
#8974=AXIS2_PLACEMENT_3D('',#14398,#11237,#11238);
#8975=AXIS2_PLACEMENT_3D('',#14399,#11239,#11240);
#8976=AXIS2_PLACEMENT_3D('',#14400,#11241,#11242);
#8977=AXIS2_PLACEMENT_3D('',#14402,#11244,#11245);
#8978=AXIS2_PLACEMENT_3D('',#14410,#11249,#11250);
#8979=AXIS2_PLACEMENT_3D('',#14414,#11252,#11253);
#8980=AXIS2_PLACEMENT_3D('',#14420,#11257,#11258);
#8981=AXIS2_PLACEMENT_3D('',#14423,#11260,#11261);
#8982=AXIS2_PLACEMENT_3D('',#14424,#11262,#11263);
#8983=AXIS2_PLACEMENT_3D('',#14430,#11266,#11267);
#8984=AXIS2_PLACEMENT_3D('',#14434,#11269,#11270);
#8985=AXIS2_PLACEMENT_3D('',#14438,#11272,#11273);
#8986=AXIS2_PLACEMENT_3D('',#14442,#11275,#11276);
#8987=AXIS2_PLACEMENT_3D('',#14448,#11279,#11280);
#8988=AXIS2_PLACEMENT_3D('',#14452,#11282,#11283);
#8989=AXIS2_PLACEMENT_3D('',#14456,#11286,#11287);
#8990=AXIS2_PLACEMENT_3D('',#14457,#11288,#11289);
#8991=AXIS2_PLACEMENT_3D('',#14458,#11290,#11291);
#8992=AXIS2_PLACEMENT_3D('',#14469,#11293,#11294);
#8993=AXIS2_PLACEMENT_3D('',#14481,#11295,#11296);
#8994=AXIS2_PLACEMENT_3D('',#14482,#11297,#11298);
#8995=AXIS2_PLACEMENT_3D('',#14484,#11299,#11300);
#8996=AXIS2_PLACEMENT_3D('',#14485,#11301,#11302);
#8997=AXIS2_PLACEMENT_3D('',#14486,#11303,#11304);
#8998=AXIS2_PLACEMENT_3D('',#14496,#11305,#11306);
#8999=AXIS2_PLACEMENT_3D('',#14508,#11308,#11309);
#9000=AXIS2_PLACEMENT_3D('',#14510,#11310,#11311);
#9001=AXIS2_PLACEMENT_3D('',#14514,#11313,#11314);
#9002=AXIS2_PLACEMENT_3D('',#14518,#11316,#11317);
#9003=AXIS2_PLACEMENT_3D('',#14522,#11319,#11320);
#9004=AXIS2_PLACEMENT_3D('',#14526,#11322,#11323);
#9005=AXIS2_PLACEMENT_3D('',#14530,#11325,#11326);
#9006=AXIS2_PLACEMENT_3D('',#14534,#11328,#11329);
#9007=AXIS2_PLACEMENT_3D('',#14538,#11331,#11332);
#9008=AXIS2_PLACEMENT_3D('',#14542,#11334,#11335);
#9009=AXIS2_PLACEMENT_3D('',#14546,#11337,#11338);
#9010=AXIS2_PLACEMENT_3D('',#14549,#11340,#11341);
#9011=AXIS2_PLACEMENT_3D('',#14554,#11343,#11344);
#9012=AXIS2_PLACEMENT_3D('',#14558,#11346,#11347);
#9013=AXIS2_PLACEMENT_3D('',#14562,#11349,#11350);
#9014=AXIS2_PLACEMENT_3D('',#14565,#11352,#11353);
#9015=AXIS2_PLACEMENT_3D('',#14566,#11354,#11355);
#9016=AXIS2_PLACEMENT_3D('',#14580,#11356,#11357);
#9017=AXIS2_PLACEMENT_3D('',#14589,#11358,#11359);
#9018=AXIS2_PLACEMENT_3D('',#14614,#11361,#11362);
#9019=AXIS2_PLACEMENT_3D('',#14615,#11363,#11364);
#9020=AXIS2_PLACEMENT_3D('',#14616,#11365,#11366);
#9021=AXIS2_PLACEMENT_3D('',#14635,#11367,#11368);
#9022=AXIS2_PLACEMENT_3D('',#14636,#11369,#11370);
#9023=AXIS2_PLACEMENT_3D('',#14638,#11371,#11372);
#9024=AXIS2_PLACEMENT_3D('',#14640,#11373,#11374);
#9025=AXIS2_PLACEMENT_3D('',#14641,#11375,#11376);
#9026=AXIS2_PLACEMENT_3D('',#14642,#11377,#11378);
#9027=AXIS2_PLACEMENT_3D('',#14644,#11379,#11380);
#9028=AXIS2_PLACEMENT_3D('',#14646,#11382,#11383);
#9029=AXIS2_PLACEMENT_3D('',#14648,#11384,#11385);
#9030=AXIS2_PLACEMENT_3D('',#14649,#11386,#11387);
#9031=AXIS2_PLACEMENT_3D('',#14650,#11388,#11389);
#9032=AXIS2_PLACEMENT_3D('',#14659,#11390,#11391);
#9033=AXIS2_PLACEMENT_3D('',#14670,#11392,#11393);
#9034=AXIS2_PLACEMENT_3D('',#14671,#11394,#11395);
#9035=AXIS2_PLACEMENT_3D('',#14672,#11396,#11397);
#9036=AXIS2_PLACEMENT_3D('',#14673,#11398,#11399);
#9037=AXIS2_PLACEMENT_3D('',#14674,#11400,#11401);
#9038=AXIS2_PLACEMENT_3D('',#14693,#11402,#11403);
#9039=AXIS2_PLACEMENT_3D('',#14694,#11404,#11405);
#9040=AXIS2_PLACEMENT_3D('',#14695,#11406,#11407);
#9041=AXIS2_PLACEMENT_3D('',#14704,#11408,#11409);
#9042=AXIS2_PLACEMENT_3D('',#14715,#11410,#11411);
#9043=AXIS2_PLACEMENT_3D('',#14716,#11412,#11413);
#9044=AXIS2_PLACEMENT_3D('',#14717,#11414,#11415);
#9045=AXIS2_PLACEMENT_3D('',#14718,#11416,#11417);
#9046=AXIS2_PLACEMENT_3D('',#14719,#11418,#11419);
#9047=AXIS2_PLACEMENT_3D('',#14738,#11420,#11421);
#9048=AXIS2_PLACEMENT_3D('',#14739,#11422,#11423);
#9049=AXIS2_PLACEMENT_3D('',#14740,#11424,#11425);
#9050=AXIS2_PLACEMENT_3D('',#14741,#11426,#11427);
#9051=AXIS2_PLACEMENT_3D('',#14742,#11428,#11429);
#9052=AXIS2_PLACEMENT_3D('',#14743,#11430,#11431);
#9053=AXIS2_PLACEMENT_3D('',#14744,#11432,#11433);
#9054=AXIS2_PLACEMENT_3D('',#14745,#11434,#11435);
#9055=AXIS2_PLACEMENT_3D('',#14759,#11436,#11437);
#9056=AXIS2_PLACEMENT_3D('',#14774,#11439,#11440);
#9057=AXIS2_PLACEMENT_3D('',#14775,#11441,#11442);
#9058=AXIS2_PLACEMENT_3D('',#14776,#11443,#11444);
#9059=AXIS2_PLACEMENT_3D('',#14777,#11445,#11446);
#9060=AXIS2_PLACEMENT_3D('',#14778,#11447,#11448);
#9061=AXIS2_PLACEMENT_3D('',#14779,#11449,#11450);
#9062=AXIS2_PLACEMENT_3D('',#14780,#11451,#11452);
#9063=AXIS2_PLACEMENT_3D('',#14781,#11453,#11454);
#9064=AXIS2_PLACEMENT_3D('',#14782,#11455,#11456);
#9065=AXIS2_PLACEMENT_3D('',#14783,#11457,#11458);
#9066=AXIS2_PLACEMENT_3D('',#14785,#11459,#11460);
#9067=AXIS2_PLACEMENT_3D('',#14787,#11461,#11462);
#9068=AXIS2_PLACEMENT_3D('',#14788,#11463,#11464);
#9069=AXIS2_PLACEMENT_3D('',#14789,#11465,#11466);
#9070=AXIS2_PLACEMENT_3D('',#14791,#11467,#11468);
#9071=AXIS2_PLACEMENT_3D('',#14793,#11470,#11471);
#9072=AXIS2_PLACEMENT_3D('',#14795,#11472,#11473);
#9073=AXIS2_PLACEMENT_3D('',#14796,#11474,#11475);
#9074=AXIS2_PLACEMENT_3D('',#14797,#11476,#11477);
#9075=AXIS2_PLACEMENT_3D('',#14799,#11478,#11479);
#9076=AXIS2_PLACEMENT_3D('',#14801,#11481,#11482);
#9077=AXIS2_PLACEMENT_3D('',#14803,#11483,#11484);
#9078=AXIS2_PLACEMENT_3D('',#14804,#11485,#11486);
#9079=AXIS2_PLACEMENT_3D('',#14805,#11487,#11488);
#9080=AXIS2_PLACEMENT_3D('',#14807,#11489,#11490);
#9081=AXIS2_PLACEMENT_3D('',#14809,#11492,#11493);
#9082=AXIS2_PLACEMENT_3D('',#14811,#11494,#11495);
#9083=AXIS2_PLACEMENT_3D('',#14812,#11496,#11497);
#9084=AXIS2_PLACEMENT_3D('',#14813,#11498,#11499);
#9085=AXIS2_PLACEMENT_3D('',#14815,#11501,#11502);
#9086=AXIS2_PLACEMENT_3D('',#14821,#11506,#11507);
#9087=AXIS2_PLACEMENT_3D('',#14824,#11509,#11510);
#9088=AXIS2_PLACEMENT_3D('',#14825,#11511,#11512);
#9089=AXIS2_PLACEMENT_3D('',#14828,#11515,#11516);
#9090=AXIS2_PLACEMENT_3D('',#14830,#11518,#11519);
#9091=AXIS2_PLACEMENT_3D('',#14831,#11520,#11521);
#9092=AXIS2_PLACEMENT_3D('',#14832,#11522,#11523);
#9093=AXIS2_PLACEMENT_3D('',#14834,#11524,#11525);
#9094=AXIS2_PLACEMENT_3D('',#14836,#11527,#11528);
#9095=AXIS2_PLACEMENT_3D('',#14837,#11529,#11530);
#9096=AXIS2_PLACEMENT_3D('',#14838,#11531,#11532);
#9097=AXIS2_PLACEMENT_3D('',#14839,#11533,#11534);
#9098=AXIS2_PLACEMENT_3D('',#14840,#11535,#11536);
#9099=AXIS2_PLACEMENT_3D('',#14841,#11537,#11538);
#9100=AXIS2_PLACEMENT_3D('',#14842,#11539,#11540);
#9101=AXIS2_PLACEMENT_3D('',#14845,#11543,#11544);
#9102=AXIS2_PLACEMENT_3D('',#14846,#11545,#11546);
#9103=AXIS2_PLACEMENT_3D('',#14849,#11547,#11548);
#9104=AXIS2_PLACEMENT_3D('',#14852,#11551,#11552);
#9105=AXIS2_PLACEMENT_3D('',#14855,#11553,#11554);
#9106=AXIS2_PLACEMENT_3D('',#14856,#11555,#11556);
#9107=AXIS2_PLACEMENT_3D('',#14857,#11557,#11558);
#9108=AXIS2_PLACEMENT_3D('',#14858,#11559,#11560);
#9109=AXIS2_PLACEMENT_3D('',#14861,#11561,#11562);
#9110=AXIS2_PLACEMENT_3D('',#14864,#11565,#11566);
#9111=AXIS2_PLACEMENT_3D('',#14867,#11567,#11568);
#9112=AXIS2_PLACEMENT_3D('',#14868,#11569,#11570);
#9113=AXIS2_PLACEMENT_3D('',#14869,#11571,#11572);
#9114=AXIS2_PLACEMENT_3D('',#14870,#11573,#11574);
#9115=AXIS2_PLACEMENT_3D('',#14873,#11577,#11578);
#9116=AXIS2_PLACEMENT_3D('',#14877,#11581,#11582);
#9117=AXIS2_PLACEMENT_3D('',#14880,#11584,#11585);
#9118=AXIS2_PLACEMENT_3D('',#14881,#11586,#11587);
#9119=AXIS2_PLACEMENT_3D('',#14885,#11590,#11591);
#9120=AXIS2_PLACEMENT_3D('',#14888,#11593,#11594);
#9121=AXIS2_PLACEMENT_3D('',#14889,#11595,#11596);
#9122=AXIS2_PLACEMENT_3D('',#14891,#11598,#11599);
#9123=AXIS2_PLACEMENT_3D('',#14892,#11600,#11601);
#9124=AXIS2_PLACEMENT_3D('',#14893,#11602,#11603);
#9125=AXIS2_PLACEMENT_3D('',#14894,#11604,#11605);
#9126=AXIS2_PLACEMENT_3D('',#14895,#11606,#11607);
#9127=AXIS2_PLACEMENT_3D('',#14896,#11608,#11609);
#9128=AXIS2_PLACEMENT_3D('',#14897,#11610,#11611);
#9129=AXIS2_PLACEMENT_3D('',#14898,#11612,#11613);
#9130=AXIS2_PLACEMENT_3D('',#14899,#11614,#11615);
#9131=AXIS2_PLACEMENT_3D('',#14900,#11616,#11617);
#9132=AXIS2_PLACEMENT_3D('',#14901,#11618,#11619);
#9133=AXIS2_PLACEMENT_3D('',#14903,#11620,#11621);
#9134=AXIS2_PLACEMENT_3D('',#14905,#11623,#11624);
#9135=AXIS2_PLACEMENT_3D('',#14907,#11625,#11626);
#9136=AXIS2_PLACEMENT_3D('',#14908,#11627,#11628);
#9137=AXIS2_PLACEMENT_3D('',#14909,#11629,#11630);
#9138=AXIS2_PLACEMENT_3D('',#14911,#11631,#11632);
#9139=AXIS2_PLACEMENT_3D('',#14913,#11634,#11635);
#9140=AXIS2_PLACEMENT_3D('',#14915,#11636,#11637);
#9141=AXIS2_PLACEMENT_3D('',#14916,#11638,#11639);
#9142=AXIS2_PLACEMENT_3D('',#14917,#11640,#11641);
#9143=AXIS2_PLACEMENT_3D('',#14919,#11643,#11644);
#9144=AXIS2_PLACEMENT_3D('',#14922,#11645,#11646);
#9145=AXIS2_PLACEMENT_3D('',#14925,#11649,#11650);
#9146=AXIS2_PLACEMENT_3D('',#14928,#11651,#11652);
#9147=AXIS2_PLACEMENT_3D('',#14929,#11653,#11654);
#9148=AXIS2_PLACEMENT_3D('',#14930,#11655,#11656);
#9149=AXIS2_PLACEMENT_3D('',#14931,#11657,#11658);
#9150=AXIS2_PLACEMENT_3D('',#14934,#11659,#11660);
#9151=AXIS2_PLACEMENT_3D('',#14937,#11663,#11664);
#9152=AXIS2_PLACEMENT_3D('',#14940,#11665,#11666);
#9153=AXIS2_PLACEMENT_3D('',#14941,#11667,#11668);
#9154=AXIS2_PLACEMENT_3D('',#14942,#11669,#11670);
#9155=AXIS2_PLACEMENT_3D('',#14943,#11671,#11672);
#9156=AXIS2_PLACEMENT_3D('',#14946,#11675,#11676);
#9157=AXIS2_PLACEMENT_3D('',#14948,#11678,#11679);
#9158=AXIS2_PLACEMENT_3D('',#14950,#11681,#11682);
#9159=AXIS2_PLACEMENT_3D('',#14952,#11684,#11685);
#9160=AXIS2_PLACEMENT_3D('',#14954,#11687,#11688);
#9161=AXIS2_PLACEMENT_3D('',#14955,#11689,#11690);
#9162=AXIS2_PLACEMENT_3D('',#14957,#11691,#11692);
#9163=AXIS2_PLACEMENT_3D('',#14959,#11694,#11695);
#9164=AXIS2_PLACEMENT_3D('',#14961,#11696,#11697);
#9165=AXIS2_PLACEMENT_3D('',#14962,#11698,#11699);
#9166=AXIS2_PLACEMENT_3D('',#14963,#11700,#11701);
#9167=AXIS2_PLACEMENT_3D('',#14965,#11702,#11703);
#9168=AXIS2_PLACEMENT_3D('',#14967,#11705,#11706);
#9169=AXIS2_PLACEMENT_3D('',#14969,#11707,#11708);
#9170=AXIS2_PLACEMENT_3D('',#14970,#11709,#11710);
#9171=AXIS2_PLACEMENT_3D('',#14971,#11711,#11712);
#9172=AXIS2_PLACEMENT_3D('',#14973,#11714,#11715);
#9173=AXIS2_PLACEMENT_3D('',#14976,#11716,#11717);
#9174=AXIS2_PLACEMENT_3D('',#14979,#11720,#11721);
#9175=AXIS2_PLACEMENT_3D('',#14982,#11722,#11723);
#9176=AXIS2_PLACEMENT_3D('',#14983,#11724,#11725);
#9177=AXIS2_PLACEMENT_3D('',#14984,#11726,#11727);
#9178=AXIS2_PLACEMENT_3D('',#14985,#11728,#11729);
#9179=AXIS2_PLACEMENT_3D('',#14988,#11730,#11731);
#9180=AXIS2_PLACEMENT_3D('',#14991,#11734,#11735);
#9181=AXIS2_PLACEMENT_3D('',#14994,#11736,#11737);
#9182=AXIS2_PLACEMENT_3D('',#14995,#11738,#11739);
#9183=AXIS2_PLACEMENT_3D('',#14996,#11740,#11741);
#9184=AXIS2_PLACEMENT_3D('',#14997,#11742,#11743);
#9185=AXIS2_PLACEMENT_3D('',#15000,#11746,#11747);
#9186=AXIS2_PLACEMENT_3D('',#15002,#11749,#11750);
#9187=AXIS2_PLACEMENT_3D('',#15004,#11752,#11753);
#9188=AXIS2_PLACEMENT_3D('',#15006,#11755,#11756);
#9189=AXIS2_PLACEMENT_3D('',#15008,#11758,#11759);
#9190=AXIS2_PLACEMENT_3D('',#15009,#11760,#11761);
#9191=AXIS2_PLACEMENT_3D('',#15012,#11762,#11763);
#9192=AXIS2_PLACEMENT_3D('',#15015,#11766,#11767);
#9193=AXIS2_PLACEMENT_3D('',#15018,#11768,#11769);
#9194=AXIS2_PLACEMENT_3D('',#15019,#11770,#11771);
#9195=AXIS2_PLACEMENT_3D('',#15020,#11772,#11773);
#9196=AXIS2_PLACEMENT_3D('',#15021,#11774,#11775);
#9197=AXIS2_PLACEMENT_3D('',#15024,#11776,#11777);
#9198=AXIS2_PLACEMENT_3D('',#15027,#11780,#11781);
#9199=AXIS2_PLACEMENT_3D('',#15030,#11782,#11783);
#9200=AXIS2_PLACEMENT_3D('',#15031,#11784,#11785);
#9201=AXIS2_PLACEMENT_3D('',#15032,#11786,#11787);
#9202=AXIS2_PLACEMENT_3D('',#15033,#11788,#11789);
#9203=AXIS2_PLACEMENT_3D('',#15036,#11792,#11793);
#9204=AXIS2_PLACEMENT_3D('',#15040,#11796,#11797);
#9205=AXIS2_PLACEMENT_3D('',#15043,#11799,#11800);
#9206=AXIS2_PLACEMENT_3D('',#15044,#11801,#11802);
#9207=AXIS2_PLACEMENT_3D('',#15048,#11805,#11806);
#9208=AXIS2_PLACEMENT_3D('',#15051,#11808,#11809);
#9209=AXIS2_PLACEMENT_3D('',#15052,#11810,#11811);
#9210=AXIS2_PLACEMENT_3D('',#15054,#11813,#11814);
#9211=AXIS2_PLACEMENT_3D('',#15055,#11815,#11816);
#9212=AXIS2_PLACEMENT_3D('',#15056,#11817,#11818);
#9213=AXIS2_PLACEMENT_3D('',#15057,#11819,#11820);
#9214=AXIS2_PLACEMENT_3D('',#15058,#11821,#11822);
#9215=AXIS2_PLACEMENT_3D('',#15059,#11823,#11824);
#9216=AXIS2_PLACEMENT_3D('',#15060,#11825,#11826);
#9217=AXIS2_PLACEMENT_3D('',#15061,#11827,#11828);
#9218=AXIS2_PLACEMENT_3D('',#15062,#11829,#11830);
#9219=AXIS2_PLACEMENT_3D('',#15063,#11831,#11832);
#9220=AXIS2_PLACEMENT_3D('',#15064,#11833,#11834);
#9221=AXIS2_PLACEMENT_3D('',#15066,#11836,#11837);
#9222=AXIS2_PLACEMENT_3D('',#15067,#11838,#11839);
#9223=AXIS2_PLACEMENT_3D('',#15070,#11842,#11843);
#9224=AXIS2_PLACEMENT_3D('',#15072,#11845,#11846);
#9225=AXIS2_PLACEMENT_3D('',#15074,#11848,#11849);
#9226=AXIS2_PLACEMENT_3D('',#15075,#11850,#11851);
#9227=AXIS2_PLACEMENT_3D('',#15076,#11852,#11853);
#9228=AXIS2_PLACEMENT_3D('',#15078,#11855,#11856);
#9229=AXIS2_PLACEMENT_3D('',#15080,#11858,#11859);
#9230=AXIS2_PLACEMENT_3D('',#15082,#11861,#11862);
#9231=AXIS2_PLACEMENT_3D('',#15084,#11864,#11865);
#9232=AXIS2_PLACEMENT_3D('',#15086,#11867,#11868);
#9233=AXIS2_PLACEMENT_3D('',#15088,#11870,#11871);
#9234=AXIS2_PLACEMENT_3D('',#15090,#11873,#11874);
#9235=AXIS2_PLACEMENT_3D('',#15091,#11875,#11876);
#9236=AXIS2_PLACEMENT_3D('',#15092,#11877,#11878);
#9237=AXIS2_PLACEMENT_3D('',#15093,#11879,#11880);
#9238=AXIS2_PLACEMENT_3D('',#15095,#11882,#11883);
#9239=AXIS2_PLACEMENT_3D('',#15097,#11885,#11886);
#9240=AXIS2_PLACEMENT_3D('',#15099,#11888,#11889);
#9241=AXIS2_PLACEMENT_3D('',#15100,#11890,#11891);
#9242=DIRECTION('axis',(0.,0.,1.));
#9243=DIRECTION('refdir',(1.,0.,0.));
#9244=DIRECTION('center_axis',(0.,0.,-1.));
#9245=DIRECTION('ref_axis',(-1.,0.,0.));
#9246=DIRECTION('',(1.,3.10862446895044E-16,0.));
#9247=DIRECTION('center_axis',(0.,0.,-1.));
#9248=DIRECTION('ref_axis',(0.707106781186547,0.707106781186548,0.));
#9249=DIRECTION('',(3.10862446895044E-16,-1.,0.));
#9250=DIRECTION('center_axis',(0.,0.,-1.));
#9251=DIRECTION('ref_axis',(0.707106781186548,-0.707106781186547,0.));
#9252=DIRECTION('',(-1.,-3.10862446895044E-16,0.));
#9253=DIRECTION('',(-3.48510974716794E-17,-1.,0.));
#9254=DIRECTION('center_axis',(0.,0.,-1.));
#9255=DIRECTION('ref_axis',(0.707106781186547,-0.707106781186548,0.));
#9256=DIRECTION('',(-1.,3.48510974716794E-17,0.));
#9257=DIRECTION('center_axis',(0.,0.,-1.));
#9258=DIRECTION('ref_axis',(-0.707106781186547,-0.707106781186547,0.));
#9259=DIRECTION('',(3.48510974716794E-17,1.,0.));
#9260=DIRECTION('center_axis',(0.,0.,-1.));
#9261=DIRECTION('ref_axis',(-0.707106781186548,0.707106781186547,0.));
#9262=DIRECTION('',(1.,2.22044604925031E-16,0.));
#9263=DIRECTION('center_axis',(0.,0.,-1.));
#9264=DIRECTION('ref_axis',(-0.707106781186548,0.707106781186547,0.));
#9265=DIRECTION('',(-2.22044604925031E-16,1.,0.));
#9266=DIRECTION('center_axis',(0.,0.,-1.));
#9267=DIRECTION('ref_axis',(-0.707106781186548,-0.707106781186548,0.));
#9268=DIRECTION('',(-1.,-2.22044604925031E-16,0.));
#9269=DIRECTION('center_axis',(0.,0.,-1.));
#9270=DIRECTION('ref_axis',(0.707106781186548,-0.707106781186547,0.));
#9271=DIRECTION('',(2.22044604925031E-16,-1.,0.));
#9272=DIRECTION('center_axis',(0.,0.,-1.));
#9273=DIRECTION('ref_axis',(0.707106781186548,0.707106781186548,0.));
#9274=DIRECTION('',(1.,2.22044604925031E-16,0.));
#9275=DIRECTION('center_axis',(0.,0.,-1.));
#9276=DIRECTION('ref_axis',(0.707106781186547,0.707106781186548,0.));
#9277=DIRECTION('',(-3.48510974716794E-17,-1.,0.));
#9278=DIRECTION('',(1.,0.,0.));
#9279=DIRECTION('center_axis',(0.,0.,-1.));
#9280=DIRECTION('ref_axis',(0.707106781186548,0.707106781186547,0.));
#9281=DIRECTION('',(0.,-1.,0.));
#9282=DIRECTION('center_axis',(0.,0.,-1.));
#9283=DIRECTION('ref_axis',(0.707106781186548,-0.707106781186547,0.));
#9284=DIRECTION('',(-1.,0.,0.));
#9285=DIRECTION('',(-3.48510974716794E-17,-1.,0.));
#9286=DIRECTION('center_axis',(0.,0.,-1.));
#9287=DIRECTION('ref_axis',(0.707106781186547,-0.707106781186548,0.));
#9288=DIRECTION('',(-1.,3.48510974716794E-17,0.));
#9289=DIRECTION('center_axis',(0.,0.,-1.));
#9290=DIRECTION('ref_axis',(-0.707106781186547,-0.707106781186547,0.));
#9291=DIRECTION('',(3.48510974716794E-17,1.,0.));
#9292=DIRECTION('center_axis',(0.,0.,-1.));
#9293=DIRECTION('ref_axis',(-0.707106781186547,0.707106781186547,0.));
#9294=DIRECTION('',(1.,-3.48510974716794E-17,0.));
#9295=DIRECTION('center_axis',(0.,0.,-1.));
#9296=DIRECTION('ref_axis',(0.707106781186547,0.707106781186548,0.));
#9297=DIRECTION('',(-3.48510974716794E-17,-1.,0.));
#9298=DIRECTION('center_axis',(0.,0.,1.));
#9299=DIRECTION('ref_axis',(0.707106781186544,0.707106781186551,0.));
#9300=DIRECTION('',(0.,1.,0.));
#9301=DIRECTION('center_axis',(0.,0.,1.));
#9302=DIRECTION('ref_axis',(0.707106781186541,-0.707106781186554,0.));
#9303=DIRECTION('',(1.,0.,0.));
#9304=DIRECTION('center_axis',(0.,0.,1.));
#9305=DIRECTION('ref_axis',(-0.707106781186541,-0.707106781186554,0.));
#9306=DIRECTION('',(0.,-1.,0.));
#9307=DIRECTION('center_axis',(0.,0.,1.));
#9308=DIRECTION('ref_axis',(-0.707106781186541,0.707106781186554,0.));
#9309=DIRECTION('',(-1.,0.,0.));
#9310=DIRECTION('center_axis',(0.,0.,1.));
#9311=DIRECTION('ref_axis',(0.707106781186544,0.707106781186551,0.));
#9312=DIRECTION('',(0.,1.,0.));
#9313=DIRECTION('center_axis',(0.,0.,1.));
#9314=DIRECTION('ref_axis',(0.707106781186541,-0.707106781186554,0.));
#9315=DIRECTION('',(1.,0.,0.));
#9316=DIRECTION('center_axis',(0.,0.,1.));
#9317=DIRECTION('ref_axis',(-0.707106781186541,-0.707106781186554,0.));
#9318=DIRECTION('',(0.,-1.,0.));
#9319=DIRECTION('center_axis',(0.,0.,1.));
#9320=DIRECTION('ref_axis',(-0.707106781186541,0.707106781186554,0.));
#9321=DIRECTION('',(-1.,0.,0.));
#9322=DIRECTION('center_axis',(0.,0.,1.));
#9323=DIRECTION('ref_axis',(-0.707106781186541,-0.707106781186554,0.));
#9324=DIRECTION('',(2.22044604925031E-16,-1.,0.));
#9325=DIRECTION('center_axis',(0.,0.,1.));
#9326=DIRECTION('ref_axis',(-0.707106781186554,0.707106781186541,0.));
#9327=DIRECTION('',(-1.,-2.22044604925031E-16,0.));
#9328=DIRECTION('center_axis',(0.,0.,1.));
#9329=DIRECTION('ref_axis',(0.707106781186541,0.707106781186554,0.));
#9330=DIRECTION('',(-2.22044604925031E-16,1.,0.));
#9331=DIRECTION('center_axis',(0.,0.,1.));
#9332=DIRECTION('ref_axis',(0.707106781186541,-0.707106781186554,0.));
#9333=DIRECTION('',(1.,2.22044604925031E-16,0.));
#9334=DIRECTION('center_axis',(-1.,3.48510974716794E-17,0.));
#9335=DIRECTION('ref_axis',(-3.48510974716794E-17,-1.,0.));
#9336=DIRECTION('',(3.48510974716794E-17,1.,0.));
#9337=DIRECTION('',(0.,0.,1.));
#9338=DIRECTION('',(0.,0.,1.));
#9339=DIRECTION('center_axis',(0.,0.,1.));
#9340=DIRECTION('ref_axis',(0.707106781186547,0.707106781186548,0.));
#9341=DIRECTION('center_axis',(0.,0.,1.));
#9342=DIRECTION('ref_axis',(0.707106781186547,0.707106781186548,0.));
#9343=DIRECTION('',(0.,0.,1.));
#9344=DIRECTION('center_axis',(-3.48510974716794E-17,-1.,0.));
#9345=DIRECTION('ref_axis',(1.,-3.48510974716794E-17,0.));
#9346=DIRECTION('',(-1.,3.48510974716794E-17,0.));
#9347=DIRECTION('',(0.,0.,1.));
#9348=DIRECTION('center_axis',(0.,0.,1.));
#9349=DIRECTION('ref_axis',(-0.707106781186547,0.707106781186547,0.));
#9350=DIRECTION('center_axis',(0.,0.,1.));
#9351=DIRECTION('ref_axis',(-0.707106781186547,0.707106781186547,0.));
#9352=DIRECTION('',(0.,0.,1.));
#9353=DIRECTION('center_axis',(1.,-3.48510974716794E-17,0.));
#9354=DIRECTION('ref_axis',(3.48510974716794E-17,1.,0.));
#9355=DIRECTION('',(-3.48510974716794E-17,-1.,0.));
#9356=DIRECTION('',(0.,0.,1.));
#9357=DIRECTION('center_axis',(0.,0.,1.));
#9358=DIRECTION('ref_axis',(-0.707106781186547,-0.707106781186547,0.));
#9359=DIRECTION('center_axis',(0.,0.,1.));
#9360=DIRECTION('ref_axis',(-0.707106781186547,-0.707106781186547,0.));
#9361=DIRECTION('',(0.,0.,1.));
#9362=DIRECTION('center_axis',(3.48510974716794E-17,1.,0.));
#9363=DIRECTION('ref_axis',(-1.,3.48510974716794E-17,0.));
#9364=DIRECTION('',(1.,-3.48510974716794E-17,0.));
#9365=DIRECTION('',(0.,0.,1.));
#9366=DIRECTION('center_axis',(0.,0.,1.));
#9367=DIRECTION('ref_axis',(0.707106781186547,-0.707106781186548,0.));
#9368=DIRECTION('center_axis',(0.,0.,1.));
#9369=DIRECTION('ref_axis',(0.707106781186547,-0.707106781186548,0.));
#9370=DIRECTION('',(0.,0.,1.));
#9371=DIRECTION('center_axis',(-1.,3.48510974716794E-17,0.));
#9372=DIRECTION('ref_axis',(-3.48510974716794E-17,-1.,0.));
#9373=DIRECTION('',(3.48510974716794E-17,1.,0.));
#9374=DIRECTION('',(0.,0.,1.));
#9375=DIRECTION('center_axis',(0.,1.,0.));
#9376=DIRECTION('ref_axis',(-1.,0.,0.));
#9377=DIRECTION('',(1.,0.,0.));
#9378=DIRECTION('',(0.,0.,1.));
#9379=DIRECTION('center_axis',(0.,0.,1.));
#9380=DIRECTION('ref_axis',(0.707106781186548,-0.707106781186547,0.));
#9381=DIRECTION('center_axis',(0.,0.,1.));
#9382=DIRECTION('ref_axis',(0.707106781186548,-0.707106781186547,0.));
#9383=DIRECTION('',(0.,0.,1.));
#9384=DIRECTION('center_axis',(-1.,0.,0.));
#9385=DIRECTION('ref_axis',(0.,-1.,0.));
#9386=DIRECTION('',(0.,1.,0.));
#9387=DIRECTION('',(0.,0.,1.));
#9388=DIRECTION('center_axis',(0.,0.,1.));
#9389=DIRECTION('ref_axis',(0.707106781186548,0.707106781186547,0.));
#9390=DIRECTION('center_axis',(0.,0.,1.));
#9391=DIRECTION('ref_axis',(0.707106781186548,0.707106781186547,0.));
#9392=DIRECTION('',(0.,0.,1.));
#9393=DIRECTION('center_axis',(0.,-1.,0.));
#9394=DIRECTION('ref_axis',(1.,0.,0.));
#9395=DIRECTION('',(-1.,0.,0.));
#9396=DIRECTION('center_axis',(-1.,3.48510974716794E-17,0.));
#9397=DIRECTION('ref_axis',(-3.48510974716794E-17,-1.,0.));
#9398=DIRECTION('',(3.48510974716794E-17,1.,0.));
#9399=DIRECTION('',(0.,0.,1.));
#9400=DIRECTION('',(0.,0.,1.));
#9401=DIRECTION('center_axis',(0.,0.,1.));
#9402=DIRECTION('ref_axis',(0.707106781186547,0.707106781186548,0.));
#9403=DIRECTION('center_axis',(0.,0.,1.));
#9404=DIRECTION('ref_axis',(0.707106781186547,0.707106781186548,0.));
#9405=DIRECTION('',(0.,0.,1.));
#9406=DIRECTION('center_axis',(0.,0.,1.));
#9407=DIRECTION('ref_axis',(-0.707106781186548,0.707106781186547,0.));
#9408=DIRECTION('center_axis',(0.,0.,1.));
#9409=DIRECTION('ref_axis',(-0.707106781186548,0.707106781186547,0.));
#9410=DIRECTION('',(0.,0.,-1.));
#9411=DIRECTION('',(0.,0.,1.));
#9412=DIRECTION('center_axis',(1.,-3.48510974716794E-17,0.));
#9413=DIRECTION('ref_axis',(3.48510974716794E-17,1.,0.));
#9414=DIRECTION('',(-3.48510974716794E-17,-1.,0.));
#9415=DIRECTION('',(0.,0.,1.));
#9416=DIRECTION('center_axis',(0.,0.,1.));
#9417=DIRECTION('ref_axis',(-0.707106781186547,-0.707106781186547,0.));
#9418=DIRECTION('center_axis',(0.,0.,1.));
#9419=DIRECTION('ref_axis',(-0.707106781186547,-0.707106781186547,0.));
#9420=DIRECTION('',(0.,0.,1.));
#9421=DIRECTION('center_axis',(3.48510974716794E-17,1.,0.));
#9422=DIRECTION('ref_axis',(-1.,3.48510974716794E-17,0.));
#9423=DIRECTION('',(1.,-3.48510974716794E-17,0.));
#9424=DIRECTION('',(0.,0.,1.));
#9425=DIRECTION('center_axis',(0.,0.,1.));
#9426=DIRECTION('ref_axis',(0.707106781186547,-0.707106781186548,0.));
#9427=DIRECTION('center_axis',(0.,0.,1.));
#9428=DIRECTION('ref_axis',(0.707106781186547,-0.707106781186548,0.));
#9429=DIRECTION('',(0.,0.,1.));
#9430=DIRECTION('center_axis',(-1.,3.48510974716794E-17,0.));
#9431=DIRECTION('ref_axis',(-3.48510974716794E-17,-1.,0.));
#9432=DIRECTION('',(3.48510974716794E-17,1.,0.));
#9433=DIRECTION('',(0.,0.,1.));
#9434=DIRECTION('center_axis',(-3.10862446895044E-16,1.,0.));
#9435=DIRECTION('ref_axis',(-1.,-3.10862446895044E-16,0.));
#9436=DIRECTION('',(1.,3.10862446895044E-16,0.));
#9437=DIRECTION('',(0.,0.,1.));
#9438=DIRECTION('center_axis',(0.,0.,1.));
#9439=DIRECTION('ref_axis',(0.707106781186548,-0.707106781186547,0.));
#9440=DIRECTION('center_axis',(0.,0.,1.));
#9441=DIRECTION('ref_axis',(0.707106781186548,-0.707106781186547,0.));
#9442=DIRECTION('',(0.,0.,1.));
#9443=DIRECTION('center_axis',(-1.,-3.10862446895044E-16,0.));
#9444=DIRECTION('ref_axis',(3.10862446895044E-16,-1.,0.));
#9445=DIRECTION('',(-3.10862446895044E-16,1.,0.));
#9446=DIRECTION('',(0.,0.,1.));
#9447=DIRECTION('center_axis',(0.,0.,1.));
#9448=DIRECTION('ref_axis',(0.707106781186547,0.707106781186548,0.));
#9449=DIRECTION('center_axis',(0.,0.,1.));
#9450=DIRECTION('ref_axis',(0.707106781186547,0.707106781186548,0.));
#9451=DIRECTION('',(0.,0.,1.));
#9452=DIRECTION('center_axis',(3.10862446895044E-16,-1.,0.));
#9453=DIRECTION('ref_axis',(1.,3.10862446895044E-16,0.));
#9454=DIRECTION('',(-1.,-3.10862446895044E-16,0.));
#9455=DIRECTION('center_axis',(0.,0.,-1.));
#9456=DIRECTION('ref_axis',(0.707106781186548,0.707106781186548,0.));
#9457=DIRECTION('',(0.,0.,1.));
#9458=DIRECTION('center_axis',(0.,0.,-1.));
#9459=DIRECTION('ref_axis',(0.707106781186547,0.707106781186548,0.));
#9460=DIRECTION('',(0.,0.,-1.));
#9461=DIRECTION('center_axis',(1.,2.22044604925031E-16,0.));
#9462=DIRECTION('ref_axis',(2.22044604925031E-16,-1.,0.));
#9463=DIRECTION('',(0.,0.,-1.));
#9464=DIRECTION('',(2.22044604925031E-16,-1.,0.));
#9465=DIRECTION('',(0.,0.,-1.));
#9466=DIRECTION('center_axis',(1.,2.22044604925031E-16,0.));
#9467=DIRECTION('ref_axis',(0.,0.707106781186554,-0.707106781186541));
#9468=DIRECTION('',(2.22044604925031E-16,-1.,0.));
#9469=DIRECTION('',(0.,0.,-1.));
#9470=DIRECTION('',(-2.22044604925031E-16,1.,0.));
#9471=DIRECTION('center_axis',(1.,2.22044604925031E-16,0.));
#9472=DIRECTION('ref_axis',(0.,0.707106781186547,0.707106781186547));
#9473=DIRECTION('',(-2.22044604925031E-16,1.,0.));
#9474=DIRECTION('',(0.,0.,1.));
#9475=DIRECTION('',(2.22044604925031E-16,-1.,0.));
#9476=DIRECTION('',(0.,0.,-1.));
#9477=DIRECTION('',(2.22044604925031E-16,-1.,0.));
#9478=DIRECTION('',(0.,0.,-1.));
#9479=DIRECTION('',(-2.22044604925031E-16,1.,0.));
#9480=DIRECTION('',(0.,0.,1.));
#9481=DIRECTION('',(-2.22044604925031E-16,1.,0.));
#9482=DIRECTION('',(0.,0.,1.));
#9483=DIRECTION('',(2.22044604925031E-16,-1.,0.));
#9484=DIRECTION('',(0.,0.,-1.));
#9485=DIRECTION('',(2.22044604925031E-16,-1.,0.));
#9486=DIRECTION('',(0.,0.,-1.));
#9487=DIRECTION('',(-2.22044604925031E-16,1.,0.));
#9488=DIRECTION('',(0.,0.,1.));
#9489=DIRECTION('',(-2.22044604925031E-16,1.,0.));
#9490=DIRECTION('',(0.,0.,1.));
#9491=DIRECTION('',(2.22044604925031E-16,-1.,0.));
#9492=DIRECTION('',(0.,0.,-1.));
#9493=DIRECTION('',(0.,0.,1.));
#9494=DIRECTION('',(2.22044604925031E-16,-1.,0.));
#9495=DIRECTION('',(0.,0.,-1.));
#9496=DIRECTION('',(-2.22044604925031E-16,1.,0.));
#9497=DIRECTION('center_axis',(0.,0.,-1.));
#9498=DIRECTION('ref_axis',(0.707106781186548,-0.707106781186547,0.));
#9499=DIRECTION('',(0.,0.,1.));
#9500=DIRECTION('center_axis',(0.,0.,-1.));
#9501=DIRECTION('ref_axis',(0.707106781186548,-0.707106781186548,0.));
#9502=DIRECTION('center_axis',(2.22044604925031E-16,-1.,0.));
#9503=DIRECTION('ref_axis',(-1.,-2.22044604925031E-16,0.));
#9504=DIRECTION('',(0.,0.,-1.));
#9505=DIRECTION('',(-1.,-2.22044604925031E-16,0.));
#9506=DIRECTION('center_axis',(-2.22044604925031E-16,1.,0.));
#9507=DIRECTION('ref_axis',(-0.707106781186548,-1.57009245868378E-16,0.707106781186547));
#9508=DIRECTION('',(0.,0.,1.));
#9509=DIRECTION('center_axis',(-2.22044604925031E-16,1.,0.));
#9510=DIRECTION('ref_axis',(-0.707106781186547,-1.57009245868377E-16,-0.707106781186548));
#9511=DIRECTION('',(-1.,-2.22044604925031E-16,0.));
#9512=DIRECTION('center_axis',(-2.22044604925031E-16,1.,0.));
#9513=DIRECTION('ref_axis',(0.707106781186547,1.57009245868377E-16,-0.707106781186548));
#9514=DIRECTION('',(0.,0.,-1.));
#9515=DIRECTION('center_axis',(-2.22044604925031E-16,1.,0.));
#9516=DIRECTION('ref_axis',(0.707106781186548,1.57009245868377E-16,0.707106781186547));
#9517=DIRECTION('',(-1.,-2.22044604925031E-16,0.));
#9518=DIRECTION('center_axis',(0.,0.,-1.));
#9519=DIRECTION('ref_axis',(-0.707106781186548,-0.707106781186548,0.));
#9520=DIRECTION('',(0.,0.,1.));
#9521=DIRECTION('center_axis',(0.,0.,-1.));
#9522=DIRECTION('ref_axis',(-0.707106781186548,-0.707106781186548,0.));
#9523=DIRECTION('center_axis',(-1.,-2.22044604925031E-16,0.));
#9524=DIRECTION('ref_axis',(-2.22044604925031E-16,1.,0.));
#9525=DIRECTION('',(0.,0.,-1.));
#9526=DIRECTION('',(-2.22044604925031E-16,1.,0.));
#9527=DIRECTION('center_axis',(0.,0.,-1.));
#9528=DIRECTION('ref_axis',(-0.707106781186548,0.707106781186547,0.));
#9529=DIRECTION('',(0.,0.,1.));
#9530=DIRECTION('center_axis',(0.,0.,-1.));
#9531=DIRECTION('ref_axis',(-0.707106781186548,0.707106781186547,0.));
#9532=DIRECTION('center_axis',(-2.22044604925031E-16,1.,0.));
#9533=DIRECTION('ref_axis',(1.,2.22044604925031E-16,0.));
#9534=DIRECTION('',(1.,2.22044604925031E-16,0.));
#9535=DIRECTION('center_axis',(2.22044604925031E-16,-1.,0.));
#9536=DIRECTION('ref_axis',(0.707106781186547,1.57009245868377E-16,0.707106781186548));
#9537=DIRECTION('',(0.,0.,1.));
#9538=DIRECTION('center_axis',(2.22044604925031E-16,-1.,0.));
#9539=DIRECTION('ref_axis',(0.707106781186547,1.57009245868377E-16,-0.707106781186548));
#9540=DIRECTION('',(1.,2.22044604925031E-16,0.));
#9541=DIRECTION('center_axis',(2.22044604925031E-16,-1.,0.));
#9542=DIRECTION('ref_axis',(-0.707106781186548,-1.57009245868377E-16,-0.707106781186547));
#9543=DIRECTION('',(0.,0.,-1.));
#9544=DIRECTION('center_axis',(2.22044604925031E-16,-1.,0.));
#9545=DIRECTION('ref_axis',(-0.707106781186548,-1.57009245868378E-16,0.707106781186547));
#9546=DIRECTION('',(1.,2.22044604925031E-16,0.));
#9547=DIRECTION('',(1.,-3.48510974716794E-17,0.));
#9548=DIRECTION('center_axis',(9.01555320252585E-31,-4.06024420434343E-15,
-1.));
#9549=DIRECTION('ref_axis',(0.707106781186541,0.707106781186554,0.));
#9550=DIRECTION('',(-9.01555320252585E-31,4.06024420434343E-15,1.));
#9551=DIRECTION('center_axis',(0.,-4.44089209850056E-15,-1.));
#9552=DIRECTION('ref_axis',(0.,1.,-4.44089209850056E-15));
#9553=DIRECTION('',(9.01555320252585E-31,-4.06024420434343E-15,-1.));
#9554=DIRECTION('center_axis',(2.22044604925031E-16,-1.,4.06024420434343E-15));
#9555=DIRECTION('ref_axis',(9.01555320252585E-31,-4.06024420434343E-15,
-1.));
#9556=DIRECTION('',(9.01555320252585E-31,-4.06024420434343E-15,-1.));
#9557=DIRECTION('',(-1.,-2.22044604925031E-16,0.));
#9558=DIRECTION('center_axis',(9.01555320252585E-31,-4.06024420434343E-15,
-1.));
#9559=DIRECTION('ref_axis',(-0.707106781186554,0.707106781186541,0.));
#9560=DIRECTION('',(-9.01555320252585E-31,4.06024420434343E-15,1.));
#9561=DIRECTION('center_axis',(0.,4.44089209850064E-15,1.));
#9562=DIRECTION('ref_axis',(0.,1.,-4.44089209850064E-15));
#9563=DIRECTION('center_axis',(1.,2.22044604925031E-16,0.));
#9564=DIRECTION('ref_axis',(9.01555320252585E-31,-4.06024420434343E-15,
-1.));
#9565=DIRECTION('',(9.01555320252585E-31,-4.06024420434343E-15,-1.));
#9566=DIRECTION('center_axis',(1.,2.22044604925031E-16,0.));
#9567=DIRECTION('ref_axis',(1.57009245868377E-16,-0.707106781186545,0.70710678118655));
#9568=DIRECTION('',(2.22044604925031E-16,-1.,4.06024420434343E-15));
#9569=DIRECTION('center_axis',(1.,2.22044604925031E-16,0.));
#9570=DIRECTION('ref_axis',(-1.57009245868378E-16,0.707106781186551,0.707106781186544));
#9571=DIRECTION('center_axis',(0.,0.,-1.));
#9572=DIRECTION('ref_axis',(-0.707106781186541,-0.707106781186554,0.));
#9573=DIRECTION('',(0.,0.,1.));
#9574=DIRECTION('center_axis',(0.,0.,1.));
#9575=DIRECTION('ref_axis',(-1.,0.,0.));
#9576=DIRECTION('',(0.,0.,-1.));
#9577=DIRECTION('center_axis',(0.,1.,0.));
#9578=DIRECTION('ref_axis',(0.,0.,1.));
#9579=DIRECTION('',(0.,0.,-1.));
#9580=DIRECTION('center_axis',(0.,1.,0.));
#9581=DIRECTION('ref_axis',(0.707106781186547,0.,0.707106781186547));
#9582=DIRECTION('',(1.,0.,0.));
#9583=DIRECTION('center_axis',(0.,1.,0.));
#9584=DIRECTION('ref_axis',(-0.707106781186548,0.,0.707106781186547));
#9585=DIRECTION('center_axis',(0.,0.,-1.));
#9586=DIRECTION('ref_axis',(0.707106781186541,-0.707106781186554,0.));
#9587=DIRECTION('',(0.,0.,1.));
#9588=DIRECTION('center_axis',(0.,0.,-1.));
#9589=DIRECTION('ref_axis',(1.,0.,0.));
#9590=DIRECTION('center_axis',(-1.,0.,0.));
#9591=DIRECTION('ref_axis',(0.,0.,-1.));
#9592=DIRECTION('',(0.,0.,-1.));
#9593=DIRECTION('',(0.,1.,0.));
#9594=DIRECTION('center_axis',(0.,0.,-1.));
#9595=DIRECTION('ref_axis',(-0.707106781186541,-0.707106781186554,0.));
#9596=DIRECTION('',(0.,0.,1.));
#9597=DIRECTION('center_axis',(0.,0.,1.));
#9598=DIRECTION('ref_axis',(-1.,0.,0.));
#9599=DIRECTION('',(0.,0.,-1.));
#9600=DIRECTION('center_axis',(0.,1.,0.));
#9601=DIRECTION('ref_axis',(0.,0.,1.));
#9602=DIRECTION('',(0.,0.,-1.));
#9603=DIRECTION('center_axis',(0.,1.,0.));
#9604=DIRECTION('ref_axis',(0.707106781186547,0.,0.707106781186547));
#9605=DIRECTION('',(1.,0.,0.));
#9606=DIRECTION('center_axis',(0.,1.,0.));
#9607=DIRECTION('ref_axis',(-0.707106781186548,0.,0.707106781186547));
#9608=DIRECTION('center_axis',(0.,0.,-1.));
#9609=DIRECTION('ref_axis',(0.707106781186541,-0.707106781186554,0.));
#9610=DIRECTION('',(0.,0.,1.));
#9611=DIRECTION('center_axis',(0.,0.,-1.));
#9612=DIRECTION('ref_axis',(1.,0.,0.));
#9613=DIRECTION('center_axis',(-1.,0.,0.));
#9614=DIRECTION('ref_axis',(0.,0.,-1.));
#9615=DIRECTION('',(0.,0.,-1.));
#9616=DIRECTION('',(0.,1.,0.));
#9617=DIRECTION('center_axis',(-1.,-2.22044604925031E-16,0.));
#9618=DIRECTION('ref_axis',(-9.01555320252585E-31,4.06024420434343E-15,
1.));
#9619=DIRECTION('center_axis',(-1.,-2.22044604925031E-16,0.));
#9620=DIRECTION('ref_axis',(-1.57009245868378E-16,0.707106781186551,0.707106781186544));
#9621=DIRECTION('',(-2.22044604925031E-16,1.,-4.06024420434343E-15));
#9622=DIRECTION('center_axis',(-1.,-2.22044604925031E-16,0.));
#9623=DIRECTION('ref_axis',(1.57009245868377E-16,-0.707106781186545,0.70710678118655));
#9624=DIRECTION('',(-9.01555320252585E-31,4.06024420434343E-15,1.));
#9625=DIRECTION('center_axis',(9.01555320252585E-31,-4.06024420434343E-15,
-1.));
#9626=DIRECTION('ref_axis',(-0.707106781186541,-0.707106781186554,0.));
#9627=DIRECTION('',(-9.01555320252585E-31,4.06024420434343E-15,1.));
#9628=DIRECTION('center_axis',(0.,-4.44089209850056E-15,-1.));
#9629=DIRECTION('ref_axis',(0.,-1.,4.44089209850056E-15));
#9630=DIRECTION('center_axis',(1.,2.22044604925031E-16,0.));
#9631=DIRECTION('ref_axis',(0.,0.,-1.));
#9632=DIRECTION('center_axis',(0.,-1.,0.));
#9633=DIRECTION('ref_axis',(0.,0.,1.));
#9634=DIRECTION('center_axis',(-1.,-2.22044604925031E-16,0.));
#9635=DIRECTION('ref_axis',(1.38777878078144E-16,-0.707106781186545,0.70710678118655));
#9636=DIRECTION('center_axis',(2.22044604925031E-16,-1.,4.06024420434343E-15));
#9637=DIRECTION('ref_axis',(-0.707106781186548,0.,0.707106781186548));
#9638=DIRECTION('center_axis',(0.,-1.,0.));
#9639=DIRECTION('ref_axis',(0.,0.,1.));
#9640=DIRECTION('',(-2.22044604925031E-16,1.,-4.06024420434343E-15));
#9641=DIRECTION('center_axis',(1.,2.22044604925031E-16,0.));
#9642=DIRECTION('ref_axis',(0.,0.,-1.));
#9643=DIRECTION('center_axis',(-1.,-2.22044604925031E-16,0.));
#9644=DIRECTION('ref_axis',(-1.38777878078144E-16,0.707106781186551,0.707106781186544));
#9645=DIRECTION('center_axis',(-1.,-2.22044604925031E-16,0.));
#9646=DIRECTION('ref_axis',(0.,0.707106781186554,0.707106781186541));
#9647=DIRECTION('',(1.,2.22044604925031E-16,0.));
#9648=DIRECTION('center_axis',(1.,2.22044604925031E-16,0.));
#9649=DIRECTION('ref_axis',(-1.38777878078144E-16,0.707106781186551,0.707106781186544));
#9650=DIRECTION('center_axis',(-9.01555320252585E-31,4.06024420434343E-15,
1.));
#9651=DIRECTION('ref_axis',(1.,2.22044604925031E-16,0.));
#9652=DIRECTION('',(-1.,-2.22044604925031E-16,0.));
#9653=DIRECTION('',(2.22044604925031E-16,-1.,4.06024420434343E-15));
#9654=DIRECTION('center_axis',(1.,2.22044604925031E-16,0.));
#9655=DIRECTION('ref_axis',(0.,-0.707106781186543,0.707106781186552));
#9656=DIRECTION('',(1.,2.22044604925031E-16,0.));
#9657=DIRECTION('center_axis',(1.,2.22044604925031E-16,0.));
#9658=DIRECTION('ref_axis',(1.38777878078144E-16,-0.707106781186545,0.70710678118655));
#9659=DIRECTION('center_axis',(-2.22044604925031E-16,1.,-4.06024420434343E-15));
#9660=DIRECTION('ref_axis',(-9.01555320252585E-31,4.06024420434343E-15,
1.));
#9661=DIRECTION('',(9.01555320252585E-31,-4.06024420434343E-15,-1.));
#9662=DIRECTION('center_axis',(-1.,-2.22044604925031E-16,0.));
#9663=DIRECTION('ref_axis',(0.,0.,1.));
#9664=DIRECTION('center_axis',(0.,1.,0.));
#9665=DIRECTION('ref_axis',(0.,0.,1.));
#9666=DIRECTION('center_axis',(-2.22044604925031E-16,1.,-4.06024420434343E-15));
#9667=DIRECTION('ref_axis',(0.707106781186548,0.,0.707106781186548));
#9668=DIRECTION('center_axis',(0.,1.,0.));
#9669=DIRECTION('ref_axis',(0.,0.,1.));
#9670=DIRECTION('center_axis',(-1.,-2.22044604925031E-16,0.));
#9671=DIRECTION('ref_axis',(0.,0.,1.));
#9672=DIRECTION('center_axis',(0.,4.44089209850056E-15,1.));
#9673=DIRECTION('ref_axis',(0.,-1.,4.44089209850056E-15));
#9674=DIRECTION('center_axis',(9.01555320252585E-31,-4.06024420434343E-15,
-1.));
#9675=DIRECTION('ref_axis',(0.707106781186541,-0.707106781186554,0.));
#9676=DIRECTION('center_axis',(0.,0.,-1.));
#9677=DIRECTION('ref_axis',(-0.707106781186541,0.707106781186554,0.));
#9678=DIRECTION('',(0.,0.,1.));
#9679=DIRECTION('center_axis',(0.,0.,-1.));
#9680=DIRECTION('ref_axis',(-1.,0.,0.));
#9681=DIRECTION('',(0.,0.,-1.));
#9682=DIRECTION('center_axis',(0.,-1.,0.));
#9683=DIRECTION('ref_axis',(0.,0.,-1.));
#9684=DIRECTION('center_axis',(-1.,0.,0.));
#9685=DIRECTION('ref_axis',(0.,0.,1.));
#9686=DIRECTION('center_axis',(0.,-1.,0.));
#9687=DIRECTION('ref_axis',(-0.707106781186548,0.,0.707106781186547));
#9688=DIRECTION('center_axis',(0.,1.,0.));
#9689=DIRECTION('ref_axis',(-0.707106781186548,0.,0.707106781186547));
#9690=DIRECTION('center_axis',(-1.,0.,0.));
#9691=DIRECTION('ref_axis',(0.,0.707106781186554,0.707106781186541));
#9692=DIRECTION('center_axis',(-1.,0.,0.));
#9693=DIRECTION('ref_axis',(0.,0.,1.));
#9694=DIRECTION('',(-1.,0.,0.));
#9695=DIRECTION('',(1.,0.,0.));
#9696=DIRECTION('center_axis',(0.,-1.,0.));
#9697=DIRECTION('ref_axis',(0.,0.,-1.));
#9698=DIRECTION('center_axis',(0.,0.,1.));
#9699=DIRECTION('ref_axis',(1.,0.,0.));
#9700=DIRECTION('center_axis',(0.,-1.,0.));
#9701=DIRECTION('ref_axis',(0.707106781186547,0.,0.707106781186547));
#9702=DIRECTION('center_axis',(0.,1.,0.));
#9703=DIRECTION('ref_axis',(0.707106781186547,0.,0.707106781186547));
#9704=DIRECTION('center_axis',(0.,0.,-1.));
#9705=DIRECTION('ref_axis',(0.707106781186544,0.707106781186551,0.));
#9706=DIRECTION('',(0.,0.,1.));
#9707=DIRECTION('center_axis',(0.,1.,0.));
#9708=DIRECTION('ref_axis',(0.707106781186548,0.,0.707106781186548));
#9709=DIRECTION('',(0.,-1.,0.));
#9710=DIRECTION('center_axis',(0.,-1.,0.));
#9711=DIRECTION('ref_axis',(0.707106781186547,0.,0.707106781186547));
#9712=DIRECTION('center_axis',(0.,0.,1.));
#9713=DIRECTION('ref_axis',(0.,-1.,0.));
#9714=DIRECTION('',(0.,1.,0.));
#9715=DIRECTION('',(-1.,0.,0.));
#9716=DIRECTION('center_axis',(0.,-1.,0.));
#9717=DIRECTION('ref_axis',(-0.707106781186549,0.,0.707106781186546));
#9718=DIRECTION('',(0.,-1.,0.));
#9719=DIRECTION('center_axis',(0.,-1.,0.));
#9720=DIRECTION('ref_axis',(-0.707106781186548,0.,0.707106781186547));
#9721=DIRECTION('center_axis',(1.,0.,0.));
#9722=DIRECTION('ref_axis',(0.,0.,1.));
#9723=DIRECTION('center_axis',(0.,1.,0.));
#9724=DIRECTION('ref_axis',(0.,0.,1.));
#9725=DIRECTION('center_axis',(1.,0.,0.));
#9726=DIRECTION('ref_axis',(0.,0.,1.));
#9727=DIRECTION('center_axis',(1.,0.,0.));
#9728=DIRECTION('ref_axis',(0.,-0.707106781186554,0.707106781186541));
#9729=DIRECTION('center_axis',(1.,0.,0.));
#9730=DIRECTION('ref_axis',(0.,0.,1.));
#9731=DIRECTION('center_axis',(0.,1.,0.));
#9732=DIRECTION('ref_axis',(0.,0.,1.));
#9733=DIRECTION('center_axis',(0.,-1.,0.));
#9734=DIRECTION('ref_axis',(0.,0.,-1.));
#9735=DIRECTION('center_axis',(0.,0.,-1.));
#9736=DIRECTION('ref_axis',(-0.707106781186541,0.707106781186554,0.));
#9737=DIRECTION('',(0.,0.,1.));
#9738=DIRECTION('center_axis',(0.,0.,-1.));
#9739=DIRECTION('ref_axis',(-1.,0.,0.));
#9740=DIRECTION('',(0.,0.,-1.));
#9741=DIRECTION('center_axis',(0.,-1.,0.));
#9742=DIRECTION('ref_axis',(0.,0.,-1.));
#9743=DIRECTION('center_axis',(-1.,0.,0.));
#9744=DIRECTION('ref_axis',(0.,0.,1.));
#9745=DIRECTION('center_axis',(0.,-1.,0.));
#9746=DIRECTION('ref_axis',(-0.707106781186548,0.,0.707106781186547));
#9747=DIRECTION('center_axis',(0.,1.,0.));
#9748=DIRECTION('ref_axis',(-0.707106781186548,0.,0.707106781186547));
#9749=DIRECTION('center_axis',(-1.,0.,0.));
#9750=DIRECTION('ref_axis',(0.,0.707106781186554,0.707106781186541));
#9751=DIRECTION('center_axis',(-1.,0.,0.));
#9752=DIRECTION('ref_axis',(0.,0.,1.));
#9753=DIRECTION('',(-1.,0.,0.));
#9754=DIRECTION('',(1.,0.,0.));
#9755=DIRECTION('center_axis',(0.,-1.,0.));
#9756=DIRECTION('ref_axis',(0.,0.,-1.));
#9757=DIRECTION('center_axis',(0.,0.,1.));
#9758=DIRECTION('ref_axis',(1.,0.,0.));
#9759=DIRECTION('center_axis',(0.,-1.,0.));
#9760=DIRECTION('ref_axis',(0.707106781186547,0.,0.707106781186547));
#9761=DIRECTION('center_axis',(0.,1.,0.));
#9762=DIRECTION('ref_axis',(0.707106781186547,0.,0.707106781186547));
#9763=DIRECTION('center_axis',(0.,0.,-1.));
#9764=DIRECTION('ref_axis',(0.707106781186544,0.707106781186551,0.));
#9765=DIRECTION('',(0.,0.,1.));
#9766=DIRECTION('center_axis',(0.,1.,0.));
#9767=DIRECTION('ref_axis',(0.707106781186548,0.,0.707106781186548));
#9768=DIRECTION('',(0.,-1.,0.));
#9769=DIRECTION('center_axis',(0.,-1.,0.));
#9770=DIRECTION('ref_axis',(0.707106781186547,0.,0.707106781186547));
#9771=DIRECTION('center_axis',(0.,0.,1.));
#9772=DIRECTION('ref_axis',(0.,-1.,0.));
#9773=DIRECTION('',(0.,1.,0.));
#9774=DIRECTION('',(-1.,0.,0.));
#9775=DIRECTION('center_axis',(0.,-1.,0.));
#9776=DIRECTION('ref_axis',(-0.707106781186549,0.,0.707106781186546));
#9777=DIRECTION('',(0.,-1.,0.));
#9778=DIRECTION('center_axis',(0.,-1.,0.));
#9779=DIRECTION('ref_axis',(-0.707106781186548,0.,0.707106781186547));
#9780=DIRECTION('center_axis',(1.,0.,0.));
#9781=DIRECTION('ref_axis',(0.,0.,1.));
#9782=DIRECTION('center_axis',(0.,1.,0.));
#9783=DIRECTION('ref_axis',(0.,0.,1.));
#9784=DIRECTION('center_axis',(1.,0.,0.));
#9785=DIRECTION('ref_axis',(0.,0.,1.));
#9786=DIRECTION('center_axis',(1.,0.,0.));
#9787=DIRECTION('ref_axis',(0.,-0.707106781186554,0.707106781186541));
#9788=DIRECTION('center_axis',(1.,0.,0.));
#9789=DIRECTION('ref_axis',(0.,0.,1.));
#9790=DIRECTION('center_axis',(0.,1.,0.));
#9791=DIRECTION('ref_axis',(0.,0.,1.));
#9792=DIRECTION('center_axis',(0.,-1.,0.));
#9793=DIRECTION('ref_axis',(0.,0.,-1.));
#9794=DIRECTION('center_axis',(0.,0.,-1.));
#9795=DIRECTION('ref_axis',(1.,0.,0.));
#9796=DIRECTION('center_axis',(0.,0.,-1.));
#9797=DIRECTION('ref_axis',(1.,0.,0.));
#9798=DIRECTION('',(0.,0.,-1.));
#9799=DIRECTION('center_axis',(0.,0.,1.));
#9800=DIRECTION('ref_axis',(1.,0.,0.));
#9801=DIRECTION('center_axis',(0.,0.,-1.));
#9802=DIRECTION('ref_axis',(0.70710678118656,-0.707106781186535,0.));
#9803=DIRECTION('center_axis',(0.,-0.707106781186543,0.707106781186552));
#9804=DIRECTION('ref_axis',(4.90653893338683E-17,-0.707106781186552,-0.707106781186543));
#9805=DIRECTION('',(0.,0.,-1.));
#9806=DIRECTION('center_axis',(0.,-0.707106781186543,-0.707106781186552));
#9807=DIRECTION('ref_axis',(4.90653893338683E-17,-0.707106781186552,0.707106781186543));
#9808=DIRECTION('',(0.,0.,1.));
#9809=DIRECTION('center_axis',(0.,1.,0.));
#9810=DIRECTION('ref_axis',(0.,0.,-1.));
#9811=DIRECTION('',(-1.,0.,0.));
#9812=DIRECTION('',(-1.,0.,0.));
#9813=DIRECTION('center_axis',(0.,0.894427190999914,-0.447213595499963));
#9814=DIRECTION('ref_axis',(0.,0.447213595499963,0.894427190999914));
#9815=DIRECTION('center_axis',(0.,-0.447213595499964,0.894427190999913));
#9816=DIRECTION('ref_axis',(0.,0.894427190999913,0.447213595499964));
#9817=DIRECTION('center_axis',(1.,0.,0.));
#9818=DIRECTION('ref_axis',(0.,1.,0.));
#9819=DIRECTION('center_axis',(0.,0.447213595499958,0.894427190999916));
#9820=DIRECTION('ref_axis',(0.,-0.894427190999916,0.447213595499958));
#9821=DIRECTION('center_axis',(0.,-0.894427190999914,-0.447213595499963));
#9822=DIRECTION('ref_axis',(0.,-0.447213595499963,0.894427190999914));
#9823=DIRECTION('center_axis',(1.,0.,0.));
#9824=DIRECTION('ref_axis',(0.,0.,1.));
#9825=DIRECTION('center_axis',(0.,-1.,0.));
#9826=DIRECTION('ref_axis',(0.707106781186554,0.,0.707106781186541));
#9827=DIRECTION('',(0.,1.,0.));
#9828=DIRECTION('',(0.,-1.,0.));
#9829=DIRECTION('center_axis',(0.,0.,-1.));
#9830=DIRECTION('ref_axis',(0.70710678118656,-0.707106781186535,0.));
#9831=DIRECTION('',(0.,0.,-1.));
#9832=DIRECTION('center_axis',(0.,0.,1.));
#9833=DIRECTION('ref_axis',(0.,-1.,0.));
#9834=DIRECTION('',(0.,0.,1.));
#9835=DIRECTION('center_axis',(1.,0.,0.));
#9836=DIRECTION('ref_axis',(0.,0.,-1.));
#9837=DIRECTION('center_axis',(0.,1.,0.));
#9838=DIRECTION('ref_axis',(0.,0.,1.));
#9839=DIRECTION('center_axis',(1.,0.,0.));
#9840=DIRECTION('ref_axis',(0.,0.707106781186547,-0.707106781186547));
#9841=DIRECTION('center_axis',(-1.,0.,0.));
#9842=DIRECTION('ref_axis',(0.,0.707106781186547,-0.707106781186547));
#9843=DIRECTION('center_axis',(0.,-1.,0.));
#9844=DIRECTION('ref_axis',(0.707106781186551,0.,0.707106781186544));
#9845=DIRECTION('center_axis',(0.,1.,0.));
#9846=DIRECTION('ref_axis',(0.,0.,1.));
#9847=DIRECTION('',(0.,1.,0.));
#9848=DIRECTION('',(0.,-1.,0.));
#9849=DIRECTION('center_axis',(1.,0.,0.));
#9850=DIRECTION('ref_axis',(0.,0.,-1.));
#9851=DIRECTION('center_axis',(0.,0.,-1.));
#9852=DIRECTION('ref_axis',(0.,1.,0.));
#9853=DIRECTION('center_axis',(1.,0.,0.));
#9854=DIRECTION('ref_axis',(0.,-0.707106781186547,-0.707106781186547));
#9855=DIRECTION('center_axis',(-1.,0.,0.));
#9856=DIRECTION('ref_axis',(0.,-0.707106781186547,-0.707106781186547));
#9857=DIRECTION('center_axis',(0.,0.,1.));
#9858=DIRECTION('ref_axis',(0.70710678118656,0.707106781186535,0.));
#9859=DIRECTION('',(0.,0.,-1.));
#9860=DIRECTION('',(0.,0.,1.));
#9861=DIRECTION('center_axis',(0.,-1.,0.));
#9862=DIRECTION('ref_axis',(0.707106781186554,0.,0.707106781186541));
#9863=DIRECTION('',(0.,-1.,0.));
#9864=DIRECTION('center_axis',(0.,-0.707106781186548,0.707106781186548));
#9865=DIRECTION('ref_axis',(-4.9065389333868E-17,0.707106781186547,0.707106781186547));
#9866=DIRECTION('',(0.,1.,0.));
#9867=DIRECTION('center_axis',(-1.,0.,0.));
#9868=DIRECTION('ref_axis',(0.,0.,1.));
#9869=DIRECTION('',(0.,-1.,0.));
#9870=DIRECTION('',(0.,0.,-1.));
#9871=DIRECTION('',(0.,1.,0.));
#9872=DIRECTION('',(0.,0.,-1.));
#9873=DIRECTION('center_axis',(-1.,0.,0.));
#9874=DIRECTION('ref_axis',(0.,0.707106781186547,0.707106781186548));
#9875=DIRECTION('',(0.,1.,0.));
#9876=DIRECTION('center_axis',(-1.,0.,0.));
#9877=DIRECTION('ref_axis',(0.,-0.707106781186547,0.707106781186548));
#9878=DIRECTION('',(0.,0.,1.));
#9879=DIRECTION('',(0.,1.,0.));
#9880=DIRECTION('',(0.,0.,1.));
#9881=DIRECTION('',(0.,0.,-1.));
#9882=DIRECTION('',(0.,-1.,0.));
#9883=DIRECTION('',(0.,0.,-1.));
#9884=DIRECTION('center_axis',(1.,0.,0.));
#9885=DIRECTION('ref_axis',(0.,-0.707106781186547,0.707106781186547));
#9886=DIRECTION('',(0.,-1.,0.));
#9887=DIRECTION('center_axis',(1.,0.,0.));
#9888=DIRECTION('ref_axis',(0.,0.707106781186547,0.707106781186547));
#9889=DIRECTION('',(0.,0.,1.));
#9890=DIRECTION('',(0.,-1.,0.));
#9891=DIRECTION('',(0.,1.,0.));
#9892=DIRECTION('',(0.,0.,1.));
#9893=DIRECTION('center_axis',(1.,0.,0.));
#9894=DIRECTION('ref_axis',(0.,0.707106781186547,-0.707106781186547));
#9895=DIRECTION('',(0.,1.,0.));
#9896=DIRECTION('center_axis',(1.,0.,0.));
#9897=DIRECTION('ref_axis',(0.,-0.707106781186547,-0.707106781186547));
#9898=DIRECTION('',(0.,0.,-1.));
#9899=DIRECTION('',(0.,1.,0.));
#9900=DIRECTION('',(0.,0.,-1.));
#9901=DIRECTION('',(0.,-1.,0.));
#9902=DIRECTION('',(0.,0.,-1.));
#9903=DIRECTION('center_axis',(1.,0.,0.));
#9904=DIRECTION('ref_axis',(0.,-0.707106781186547,0.707106781186547));
#9905=DIRECTION('',(0.,-1.,0.));
#9906=DIRECTION('center_axis',(1.,0.,0.));
#9907=DIRECTION('ref_axis',(0.,0.707106781186547,0.707106781186547));
#9908=DIRECTION('',(0.,0.,1.));
#9909=DIRECTION('',(0.,-1.,0.));
#9910=DIRECTION('',(0.,0.,1.));
#9911=DIRECTION('',(0.,1.,0.));
#9912=DIRECTION('',(0.,0.,1.));
#9913=DIRECTION('center_axis',(1.,0.,0.));
#9914=DIRECTION('ref_axis',(0.,0.70710678118653,-0.707106781186565));
#9915=DIRECTION('',(0.,1.,0.));
#9916=DIRECTION('center_axis',(1.,0.,0.));
#9917=DIRECTION('ref_axis',(0.,-0.70710678118653,-0.707106781186565));
#9918=DIRECTION('',(0.,0.,-1.));
#9919=DIRECTION('',(0.,1.,0.));
#9920=DIRECTION('',(0.,0.,-1.));
#9921=DIRECTION('',(0.,-1.,0.));
#9922=DIRECTION('',(0.,0.,-1.));
#9923=DIRECTION('center_axis',(1.,0.,0.));
#9924=DIRECTION('ref_axis',(0.,-0.70710678118653,0.707106781186565));
#9925=DIRECTION('',(0.,-1.,0.));
#9926=DIRECTION('center_axis',(1.,0.,0.));
#9927=DIRECTION('ref_axis',(0.,0.70710678118653,0.707106781186565));
#9928=DIRECTION('',(0.,0.,1.));
#9929=DIRECTION('',(0.,-1.,0.));
#9930=DIRECTION('',(0.,0.,1.));
#9931=DIRECTION('',(0.,0.,1.));
#9932=DIRECTION('',(0.,1.,0.));
#9933=DIRECTION('',(0.,0.,-1.));
#9934=DIRECTION('',(0.,-1.,0.));
#9935=DIRECTION('center_axis',(0.,0.,1.));
#9936=DIRECTION('ref_axis',(0.707106781186547,0.707106781186547,0.));
#9937=DIRECTION('',(0.,0.,1.));
#9938=DIRECTION('center_axis',(0.,0.707106781186543,0.707106781186552));
#9939=DIRECTION('ref_axis',(0.,0.707106781186552,-0.707106781186543));
#9940=DIRECTION('center_axis',(0.,-1.,0.));
#9941=DIRECTION('ref_axis',(0.,0.,1.));
#9942=DIRECTION('',(-1.,0.,0.));
#9943=DIRECTION('',(-1.,0.,0.));
#9944=DIRECTION('center_axis',(0.,-0.894427190999914,0.447213595499963));
#9945=DIRECTION('ref_axis',(0.,-0.447213595499963,-0.894427190999914));
#9946=DIRECTION('center_axis',(0.,0.447213595499964,-0.894427190999913));
#9947=DIRECTION('ref_axis',(0.,-0.894427190999913,-0.447213595499964));
#9948=DIRECTION('center_axis',(1.,0.,0.));
#9949=DIRECTION('ref_axis',(0.,-1.,0.));
#9950=DIRECTION('center_axis',(0.,-0.447213595499958,-0.894427190999916));
#9951=DIRECTION('ref_axis',(0.,0.894427190999916,-0.447213595499958));
#9952=DIRECTION('center_axis',(0.,0.894427190999914,0.447213595499963));
#9953=DIRECTION('ref_axis',(0.,0.447213595499963,-0.894427190999914));
#9954=DIRECTION('center_axis',(1.,0.,0.));
#9955=DIRECTION('ref_axis',(0.,0.,-1.));
#9956=DIRECTION('center_axis',(0.,1.,0.));
#9957=DIRECTION('ref_axis',(0.707106781186551,0.,-0.707106781186544));
#9958=DIRECTION('',(0.,1.,0.));
#9959=DIRECTION('center_axis',(0.,0.,1.));
#9960=DIRECTION('ref_axis',(0.70710678118656,0.707106781186535,0.));
#9961=DIRECTION('',(0.,0.,1.));
#9962=DIRECTION('center_axis',(0.,0.,-1.));
#9963=DIRECTION('ref_axis',(0.,1.,0.));
#9964=DIRECTION('center_axis',(1.,0.,0.));
#9965=DIRECTION('ref_axis',(0.,0.,-1.));
#9966=DIRECTION('center_axis',(0.,-1.,0.));
#9967=DIRECTION('ref_axis',(0.,0.,-1.));
#9968=DIRECTION('center_axis',(-1.,0.,0.));
#9969=DIRECTION('ref_axis',(0.,-0.707106781186547,0.707106781186547));
#9970=DIRECTION('center_axis',(0.,1.,0.));
#9971=DIRECTION('ref_axis',(0.707106781186554,0.,-0.707106781186541));
#9972=DIRECTION('center_axis',(0.,-1.,0.));
#9973=DIRECTION('ref_axis',(0.,0.,-1.));
#9974=DIRECTION('',(0.,1.,0.));
#9975=DIRECTION('center_axis',(1.,0.,0.));
#9976=DIRECTION('ref_axis',(0.,0.,-1.));
#9977=DIRECTION('center_axis',(0.,0.,1.));
#9978=DIRECTION('ref_axis',(0.,-1.,0.));
#9979=DIRECTION('center_axis',(-1.,0.,0.));
#9980=DIRECTION('ref_axis',(0.,0.707106781186547,0.707106781186547));
#9981=DIRECTION('center_axis',(0.,0.,-1.));
#9982=DIRECTION('ref_axis',(0.70710678118656,-0.707106781186535,0.));
#9983=DIRECTION('',(0.,0.,-1.));
#9984=DIRECTION('center_axis',(0.,1.,0.));
#9985=DIRECTION('ref_axis',(0.707106781186551,0.,-0.707106781186544));
#9986=DIRECTION('',(0.,1.,0.));
#9987=DIRECTION('center_axis',(0.,0.,1.));
#9988=DIRECTION('ref_axis',(0.,1.,0.));
#9989=DIRECTION('',(-1.,0.,0.));
#9990=DIRECTION('',(0.,-1.,0.));
#9991=DIRECTION('',(-1.,0.,0.));
#9992=DIRECTION('center_axis',(-1.,0.,0.));
#9993=DIRECTION('ref_axis',(0.,-0.707106781186554,0.707106781186541));
#9994=DIRECTION('',(-1.,0.,0.));
#9995=DIRECTION('center_axis',(1.,0.,0.));
#9996=DIRECTION('ref_axis',(0.,-0.707106781186554,0.707106781186541));
#9997=DIRECTION('',(1.,0.,0.));
#9998=DIRECTION('center_axis',(0.,0.,1.));
#9999=DIRECTION('ref_axis',(0.,1.,0.));
#10000=DIRECTION('',(0.,1.,0.));
#10001=DIRECTION('',(-1.,0.,0.));
#10002=DIRECTION('center_axis',(-1.,0.,0.));
#10003=DIRECTION('ref_axis',(0.,-0.707106781186554,-0.707106781186541));
#10004=DIRECTION('',(-1.,0.,0.));
#10005=DIRECTION('center_axis',(1.,0.,0.));
#10006=DIRECTION('ref_axis',(0.,-0.707106781186554,-0.707106781186541));
#10007=DIRECTION('',(1.,0.,0.));
#10008=DIRECTION('center_axis',(0.,0.,-1.));
#10009=DIRECTION('ref_axis',(0.,-1.,0.));
#10010=DIRECTION('',(1.,0.,0.));
#10011=DIRECTION('',(0.,-1.,0.));
#10012=DIRECTION('center_axis',(-1.,0.,0.));
#10013=DIRECTION('ref_axis',(0.,0.707106781186547,0.707106781186547));
#10014=DIRECTION('',(-1.,0.,0.));
#10015=DIRECTION('center_axis',(-1.,0.,0.));
#10016=DIRECTION('ref_axis',(0.,0.707106781186547,0.707106781186547));
#10017=DIRECTION('',(1.,0.,0.));
#10018=DIRECTION('center_axis',(0.,-1.,0.));
#10019=DIRECTION('ref_axis',(0.,0.,1.));
#10020=DIRECTION('',(0.,0.,1.));
#10021=DIRECTION('center_axis',(-1.,0.,0.));
#10022=DIRECTION('ref_axis',(0.,0.707106781186554,-0.707106781186541));
#10023=DIRECTION('',(-1.,0.,0.));
#10024=DIRECTION('center_axis',(1.,0.,0.));
#10025=DIRECTION('ref_axis',(0.,0.707106781186554,-0.707106781186541));
#10026=DIRECTION('center_axis',(-1.,0.,0.));
#10027=DIRECTION('ref_axis',(0.,0.,1.));
#10028=DIRECTION('',(0.,0.,1.));
#10029=DIRECTION('center_axis',(-1.,0.,0.));
#10030=DIRECTION('ref_axis',(0.,0.707106781186554,-0.707106781186541));
#10031=DIRECTION('',(0.,0.,1.));
#10032=DIRECTION('',(0.,1.,0.));
#10033=DIRECTION('',(0.,0.,-1.));
#10034=DIRECTION('center_axis',(-1.,0.,0.));
#10035=DIRECTION('ref_axis',(0.,-0.707106781186554,0.707106781186541));
#10036=DIRECTION('',(0.,-1.,0.));
#10037=DIRECTION('',(0.,0.,-1.));
#10038=DIRECTION('',(0.,1.,0.));
#10039=DIRECTION('center_axis',(-1.,0.,0.));
#10040=DIRECTION('ref_axis',(0.,-0.707106781186554,-0.707106781186541));
#10041=DIRECTION('',(0.,0.,-1.));
#10042=DIRECTION('center_axis',(1.,0.,0.));
#10043=DIRECTION('ref_axis',(0.,0.707106781186554,0.707106781186541));
#10044=DIRECTION('center_axis',(0.,1.,0.));
#10045=DIRECTION('ref_axis',(0.,0.,-1.));
#10046=DIRECTION('',(1.,0.,0.));
#10047=DIRECTION('center_axis',(1.,0.,0.));
#10048=DIRECTION('ref_axis',(0.,0.707106781186554,-0.707106781186541));
#10049=DIRECTION('',(1.,0.,0.));
#10050=DIRECTION('center_axis',(1.,0.,0.));
#10051=DIRECTION('ref_axis',(0.,-0.707106781186554,-0.707106781186541));
#10052=DIRECTION('',(-1.,0.,0.));
#10053=DIRECTION('',(1.,0.,0.));
#10054=DIRECTION('center_axis',(0.,1.,0.));
#10055=DIRECTION('ref_axis',(0.,0.,-1.));
#10056=DIRECTION('',(1.,0.,0.));
#10057=DIRECTION('center_axis',(-1.,0.,0.));
#10058=DIRECTION('ref_axis',(0.,-0.707106781186554,0.707106781186541));
#10059=DIRECTION('',(-1.,0.,0.));
#10060=DIRECTION('center_axis',(0.,0.,-1.));
#10061=DIRECTION('ref_axis',(0.,-1.,0.));
#10062=DIRECTION('',(-1.,0.,0.));
#10063=DIRECTION('center_axis',(-1.,0.,0.));
#10064=DIRECTION('ref_axis',(0.,0.707106781186554,0.707106781186541));
#10065=DIRECTION('center_axis',(0.,0.,-1.));
#10066=DIRECTION('ref_axis',(0.70710678118656,-0.707106781186535,0.));
#10067=DIRECTION('center_axis',(0.,-0.707106781186543,0.707106781186552));
#10068=DIRECTION('ref_axis',(4.90653893338683E-17,-0.707106781186552,-0.707106781186543));
#10069=DIRECTION('',(0.,0.,-1.));
#10070=DIRECTION('center_axis',(0.,-0.707106781186543,-0.707106781186552));
#10071=DIRECTION('ref_axis',(4.90653893338683E-17,-0.707106781186552,0.707106781186543));
#10072=DIRECTION('center_axis',(0.,1.,0.));
#10073=DIRECTION('ref_axis',(0.,0.,-1.));
#10074=DIRECTION('',(-1.,0.,0.));
#10075=DIRECTION('',(-1.,0.,0.));
#10076=DIRECTION('center_axis',(0.,0.894427190999914,-0.447213595499963));
#10077=DIRECTION('ref_axis',(0.,0.447213595499963,0.894427190999914));
#10078=DIRECTION('center_axis',(0.,-0.447213595499964,0.894427190999913));
#10079=DIRECTION('ref_axis',(0.,0.894427190999913,0.447213595499964));
#10080=DIRECTION('center_axis',(1.,0.,0.));
#10081=DIRECTION('ref_axis',(0.,1.,0.));
#10082=DIRECTION('center_axis',(0.,0.447213595499958,0.894427190999916));
#10083=DIRECTION('ref_axis',(0.,-0.894427190999916,0.447213595499958));
#10084=DIRECTION('center_axis',(0.,-0.894427190999914,-0.447213595499963));
#10085=DIRECTION('ref_axis',(0.,-0.447213595499963,0.894427190999914));
#10086=DIRECTION('center_axis',(1.,0.,0.));
#10087=DIRECTION('ref_axis',(0.,0.,1.));
#10088=DIRECTION('center_axis',(0.,-1.,0.));
#10089=DIRECTION('ref_axis',(0.707106781186554,0.,0.707106781186541));
#10090=DIRECTION('',(0.,-1.,0.));
#10091=DIRECTION('center_axis',(0.,0.,-1.));
#10092=DIRECTION('ref_axis',(0.70710678118656,-0.707106781186535,0.));
#10093=DIRECTION('',(0.,0.,-1.));
#10094=DIRECTION('center_axis',(0.,0.,1.));
#10095=DIRECTION('ref_axis',(0.,-1.,0.));
#10096=DIRECTION('center_axis',(1.,0.,0.));
#10097=DIRECTION('ref_axis',(0.,0.,-1.));
#10098=DIRECTION('center_axis',(0.,1.,0.));
#10099=DIRECTION('ref_axis',(0.,0.,1.));
#10100=DIRECTION('center_axis',(-1.,0.,0.));
#10101=DIRECTION('ref_axis',(0.,0.707106781186547,-0.707106781186547));
#10102=DIRECTION('center_axis',(0.,-1.,0.));
#10103=DIRECTION('ref_axis',(0.707106781186551,0.,0.707106781186544));
#10104=DIRECTION('center_axis',(0.,1.,0.));
#10105=DIRECTION('ref_axis',(0.,0.,1.));
#10106=DIRECTION('',(0.,-1.,0.));
#10107=DIRECTION('center_axis',(1.,0.,0.));
#10108=DIRECTION('ref_axis',(0.,0.,-1.));
#10109=DIRECTION('center_axis',(0.,0.,-1.));
#10110=DIRECTION('ref_axis',(0.,1.,0.));
#10111=DIRECTION('center_axis',(-1.,0.,0.));
#10112=DIRECTION('ref_axis',(0.,-0.707106781186547,-0.707106781186547));
#10113=DIRECTION('center_axis',(0.,0.,1.));
#10114=DIRECTION('ref_axis',(0.70710678118656,0.707106781186535,0.));
#10115=DIRECTION('',(0.,0.,1.));
#10116=DIRECTION('center_axis',(0.,-1.,0.));
#10117=DIRECTION('ref_axis',(0.707106781186554,0.,0.707106781186541));
#10118=DIRECTION('',(0.,-1.,0.));
#10119=DIRECTION('center_axis',(0.,-0.707106781186548,0.707106781186548));
#10120=DIRECTION('ref_axis',(-4.9065389333868E-17,0.707106781186547,0.707106781186547));
#10121=DIRECTION('center_axis',(0.,0.,1.));
#10122=DIRECTION('ref_axis',(0.70710678118656,0.707106781186535,0.));
#10123=DIRECTION('',(0.,0.,1.));
#10124=DIRECTION('center_axis',(0.,0.707106781186543,0.707106781186552));
#10125=DIRECTION('ref_axis',(4.90653893338683E-17,0.707106781186552,-0.707106781186543));
#10126=DIRECTION('center_axis',(0.,-1.,0.));
#10127=DIRECTION('ref_axis',(0.,0.,1.));
#10128=DIRECTION('',(-1.,0.,0.));
#10129=DIRECTION('',(-1.,0.,0.));
#10130=DIRECTION('center_axis',(0.,-0.894427190999914,0.447213595499963));
#10131=DIRECTION('ref_axis',(0.,-0.447213595499963,-0.894427190999914));
#10132=DIRECTION('center_axis',(0.,0.447213595499964,-0.894427190999913));
#10133=DIRECTION('ref_axis',(0.,-0.894427190999913,-0.447213595499964));
#10134=DIRECTION('center_axis',(1.,0.,0.));
#10135=DIRECTION('ref_axis',(0.,-1.,0.));
#10136=DIRECTION('center_axis',(0.,-0.447213595499958,-0.894427190999916));
#10137=DIRECTION('ref_axis',(0.,0.894427190999916,-0.447213595499958));
#10138=DIRECTION('center_axis',(0.,0.894427190999914,0.447213595499963));
#10139=DIRECTION('ref_axis',(0.,0.447213595499963,-0.894427190999914));
#10140=DIRECTION('center_axis',(1.,0.,0.));
#10141=DIRECTION('ref_axis',(0.,0.,-1.));
#10142=DIRECTION('center_axis',(0.,1.,0.));
#10143=DIRECTION('ref_axis',(0.707106781186551,0.,-0.707106781186544));
#10144=DIRECTION('',(0.,1.,0.));
#10145=DIRECTION('center_axis',(0.,0.,1.));
#10146=DIRECTION('ref_axis',(0.70710678118656,0.707106781186535,0.));
#10147=DIRECTION('',(0.,0.,1.));
#10148=DIRECTION('center_axis',(0.,0.,-1.));
#10149=DIRECTION('ref_axis',(0.,1.,0.));
#10150=DIRECTION('center_axis',(1.,0.,0.));
#10151=DIRECTION('ref_axis',(0.,0.,-1.));
#10152=DIRECTION('center_axis',(0.,-1.,0.));
#10153=DIRECTION('ref_axis',(0.,0.,-1.));
#10154=DIRECTION('center_axis',(-1.,0.,0.));
#10155=DIRECTION('ref_axis',(0.,-0.707106781186547,0.707106781186547));
#10156=DIRECTION('center_axis',(0.,1.,0.));
#10157=DIRECTION('ref_axis',(0.707106781186554,0.,-0.707106781186541));
#10158=DIRECTION('center_axis',(0.,-1.,0.));
#10159=DIRECTION('ref_axis',(0.,0.,-1.));
#10160=DIRECTION('',(0.,1.,0.));
#10161=DIRECTION('center_axis',(1.,0.,0.));
#10162=DIRECTION('ref_axis',(0.,0.,-1.));
#10163=DIRECTION('center_axis',(0.,0.,1.));
#10164=DIRECTION('ref_axis',(0.,-1.,0.));
#10165=DIRECTION('center_axis',(-1.,0.,0.));
#10166=DIRECTION('ref_axis',(0.,0.707106781186547,0.707106781186547));
#10167=DIRECTION('center_axis',(0.,0.,-1.));
#10168=DIRECTION('ref_axis',(0.70710678118656,-0.707106781186535,0.));
#10169=DIRECTION('',(0.,0.,-1.));
#10170=DIRECTION('center_axis',(0.,1.,0.));
#10171=DIRECTION('ref_axis',(0.707106781186551,0.,-0.707106781186544));
#10172=DIRECTION('',(0.,1.,0.));
#10173=DIRECTION('center_axis',(0.,0.,1.));
#10174=DIRECTION('ref_axis',(0.,1.,0.));
#10175=DIRECTION('',(-1.,0.,0.));
#10176=DIRECTION('center_axis',(-1.,0.,0.));
#10177=DIRECTION('ref_axis',(0.,0.707106781186554,0.707106781186541));
#10178=DIRECTION('',(-1.,0.,0.));
#10179=DIRECTION('center_axis',(1.,0.,0.));
#10180=DIRECTION('ref_axis',(0.,0.707106781186554,0.707106781186541));
#10181=DIRECTION('',(1.,0.,0.));
#10182=DIRECTION('center_axis',(0.,0.,1.));
#10183=DIRECTION('ref_axis',(0.,1.,0.));
#10184=DIRECTION('',(1.,0.,0.));
#10185=DIRECTION('',(0.,1.,0.));
#10186=DIRECTION('center_axis',(1.,0.,0.));
#10187=DIRECTION('ref_axis',(0.,-0.707106781186554,-0.707106781186541));
#10188=DIRECTION('',(-1.,0.,0.));
#10189=DIRECTION('center_axis',(-1.,0.,0.));
#10190=DIRECTION('ref_axis',(0.,-0.707106781186554,-0.707106781186541));
#10191=DIRECTION('',(1.,0.,0.));
#10192=DIRECTION('center_axis',(0.,1.,0.));
#10193=DIRECTION('ref_axis',(0.,0.,-1.));
#10194=DIRECTION('',(0.,0.,-1.));
#10195=DIRECTION('center_axis',(-1.,0.,0.));
#10196=DIRECTION('ref_axis',(0.,-0.707106781186554,0.707106781186541));
#10197=DIRECTION('',(-1.,0.,0.));
#10198=DIRECTION('center_axis',(-1.,0.,0.));
#10199=DIRECTION('ref_axis',(0.,-0.707106781186554,0.707106781186541));
#10200=DIRECTION('',(1.,0.,0.));
#10201=DIRECTION('center_axis',(0.,1.,0.));
#10202=DIRECTION('ref_axis',(0.,0.,-1.));
#10203=DIRECTION('',(0.,0.,-1.));
#10204=DIRECTION('',(-1.,0.,0.));
#10205=DIRECTION('center_axis',(-1.,0.,0.));
#10206=DIRECTION('ref_axis',(0.,0.707106781186554,-0.707106781186541));
#10207=DIRECTION('center_axis',(1.,0.,0.));
#10208=DIRECTION('ref_axis',(0.,0.707106781186554,-0.707106781186541));
#10209=DIRECTION('',(1.,0.,0.));
#10210=DIRECTION('center_axis',(-1.,0.,0.));
#10211=DIRECTION('ref_axis',(0.,-0.707106781186554,-0.707106781186541));
#10212=DIRECTION('',(-1.,0.,0.));
#10213=DIRECTION('center_axis',(1.,0.,0.));
#10214=DIRECTION('ref_axis',(0.,-0.707106781186554,-0.707106781186541));
#10215=DIRECTION('',(1.,0.,0.));
#10216=DIRECTION('center_axis',(0.,0.,-1.));
#10217=DIRECTION('ref_axis',(0.,-1.,0.));
#10218=DIRECTION('',(0.,-1.,0.));
#10219=DIRECTION('center_axis',(-1.,0.,0.));
#10220=DIRECTION('ref_axis',(0.,-0.707106781186554,0.707106781186541));
#10221=DIRECTION('',(-1.,0.,0.));
#10222=DIRECTION('center_axis',(1.,0.,0.));
#10223=DIRECTION('ref_axis',(0.,-0.707106781186554,0.707106781186541));
#10224=DIRECTION('center_axis',(0.,-1.,0.));
#10225=DIRECTION('ref_axis',(0.,0.,1.));
#10226=DIRECTION('',(1.,0.,0.));
#10227=DIRECTION('',(0.,0.,1.));
#10228=DIRECTION('center_axis',(-1.,0.,0.));
#10229=DIRECTION('ref_axis',(0.,0.707106781186554,-0.707106781186541));
#10230=DIRECTION('',(-1.,0.,0.));
#10231=DIRECTION('center_axis',(-1.,0.,0.));
#10232=DIRECTION('ref_axis',(0.,0.707106781186554,-0.707106781186541));
#10233=DIRECTION('center_axis',(-1.,0.,0.));
#10234=DIRECTION('ref_axis',(0.,0.707106781186547,0.707106781186547));
#10235=DIRECTION('',(-1.,0.,0.));
#10236=DIRECTION('center_axis',(-1.,0.,0.));
#10237=DIRECTION('ref_axis',(0.,0.707106781186547,0.707106781186547));
#10238=DIRECTION('',(1.,0.,0.));
#10239=DIRECTION('',(1.,0.,0.));
#10240=DIRECTION('center_axis',(0.,-1.,0.));
#10241=DIRECTION('ref_axis',(0.,0.,1.));
#10242=DIRECTION('',(0.,0.,1.));
#10243=DIRECTION('center_axis',(0.,0.,-1.));
#10244=DIRECTION('ref_axis',(0.707106781186547,-0.707106781186547,0.));
#10245=DIRECTION('center_axis',(0.,-0.707106781186543,0.707106781186552));
#10246=DIRECTION('ref_axis',(0.,-0.707106781186552,-0.707106781186543));
#10247=DIRECTION('',(0.,0.,-1.));
#10248=DIRECTION('center_axis',(0.,-0.707106781186543,-0.707106781186552));
#10249=DIRECTION('ref_axis',(0.,-0.707106781186552,0.707106781186543));
#10250=DIRECTION('center_axis',(0.,1.,0.));
#10251=DIRECTION('ref_axis',(0.,0.,-1.));
#10252=DIRECTION('',(-1.,0.,0.));
#10253=DIRECTION('',(-1.,0.,0.));
#10254=DIRECTION('center_axis',(0.,0.,1.));
#10255=DIRECTION('ref_axis',(0.707106781186547,0.707106781186547,0.));
#10256=DIRECTION('center_axis',(0.,0.707106781186543,-0.707106781186552));
#10257=DIRECTION('ref_axis',(0.,0.707106781186552,0.707106781186543));
#10258=DIRECTION('',(0.,0.,1.));
#10259=DIRECTION('center_axis',(0.,0.707106781186543,0.707106781186552));
#10260=DIRECTION('ref_axis',(0.,0.707106781186552,-0.707106781186543));
#10261=DIRECTION('center_axis',(0.,-1.,0.));
#10262=DIRECTION('ref_axis',(0.,0.,1.));
#10263=DIRECTION('',(-1.,0.,0.));
#10264=DIRECTION('',(-1.,0.,0.));
#10265=DIRECTION('center_axis',(0.,0.894427190999914,-0.447213595499963));
#10266=DIRECTION('ref_axis',(0.,0.447213595499963,0.894427190999914));
#10267=DIRECTION('center_axis',(0.,-0.447213595499971,0.89442719099991));
#10268=DIRECTION('ref_axis',(0.,0.89442719099991,0.447213595499971));
#10269=DIRECTION('center_axis',(1.,0.,0.));
#10270=DIRECTION('ref_axis',(0.,1.,0.));
#10271=DIRECTION('center_axis',(0.,0.447213595499952,0.894427190999919));
#10272=DIRECTION('ref_axis',(0.,-0.894427190999919,0.447213595499952));
#10273=DIRECTION('center_axis',(0.,-0.894427190999914,-0.447213595499963));
#10274=DIRECTION('ref_axis',(0.,-0.447213595499963,0.894427190999914));
#10275=DIRECTION('center_axis',(1.,0.,0.));
#10276=DIRECTION('ref_axis',(0.,0.,1.));
#10277=DIRECTION('center_axis',(0.,-1.,0.));
#10278=DIRECTION('ref_axis',(0.707106781186554,0.,0.707106781186541));
#10279=DIRECTION('',(0.,-1.,0.));
#10280=DIRECTION('center_axis',(0.,0.,-1.));
#10281=DIRECTION('ref_axis',(0.707106781186547,-0.707106781186547,0.));
#10282=DIRECTION('',(0.,0.,-1.));
#10283=DIRECTION('center_axis',(0.,0.,1.));
#10284=DIRECTION('ref_axis',(0.,-1.,0.));
#10285=DIRECTION('center_axis',(1.,0.,0.));
#10286=DIRECTION('ref_axis',(0.,0.,-1.));
#10287=DIRECTION('center_axis',(0.,1.,0.));
#10288=DIRECTION('ref_axis',(0.,0.,1.));
#10289=DIRECTION('center_axis',(-1.,0.,0.));
#10290=DIRECTION('ref_axis',(0.,0.70710678118653,-0.707106781186565));
#10291=DIRECTION('center_axis',(0.,-1.,0.));
#10292=DIRECTION('ref_axis',(0.707106781186551,0.,0.707106781186544));
#10293=DIRECTION('center_axis',(0.,1.,0.));
#10294=DIRECTION('ref_axis',(0.,0.,1.));
#10295=DIRECTION('',(0.,-1.,0.));
#10296=DIRECTION('center_axis',(1.,0.,0.));
#10297=DIRECTION('ref_axis',(0.,0.,-1.));
#10298=DIRECTION('center_axis',(0.,0.,-1.));
#10299=DIRECTION('ref_axis',(0.,1.,0.));
#10300=DIRECTION('center_axis',(-1.,0.,0.));
#10301=DIRECTION('ref_axis',(0.,-0.70710678118653,-0.707106781186565));
#10302=DIRECTION('center_axis',(0.,0.,1.));
#10303=DIRECTION('ref_axis',(0.707106781186547,0.707106781186547,0.));
#10304=DIRECTION('',(0.,0.,1.));
#10305=DIRECTION('center_axis',(0.,-1.,0.));
#10306=DIRECTION('ref_axis',(0.707106781186554,0.,0.707106781186541));
#10307=DIRECTION('',(0.,-1.,0.));
#10308=DIRECTION('center_axis',(0.,0.,-1.));
#10309=DIRECTION('ref_axis',(0.,-1.,0.));
#10310=DIRECTION('',(-1.,0.,0.));
#10311=DIRECTION('',(0.,-1.,0.));
#10312=DIRECTION('',(-1.,0.,0.));
#10313=DIRECTION('center_axis',(0.,-0.894427190999914,0.447213595499963));
#10314=DIRECTION('ref_axis',(0.,-0.447213595499963,-0.894427190999914));
#10315=DIRECTION('center_axis',(0.,0.447213595499971,-0.89442719099991));
#10316=DIRECTION('ref_axis',(0.,-0.89442719099991,-0.447213595499971));
#10317=DIRECTION('center_axis',(1.,0.,0.));
#10318=DIRECTION('ref_axis',(0.,-1.,0.));
#10319=DIRECTION('center_axis',(0.,-0.447213595499952,-0.894427190999919));
#10320=DIRECTION('ref_axis',(0.,0.894427190999919,-0.447213595499952));
#10321=DIRECTION('center_axis',(0.,0.894427190999914,0.447213595499963));
#10322=DIRECTION('ref_axis',(0.,0.447213595499963,-0.894427190999914));
#10323=DIRECTION('center_axis',(1.,0.,0.));
#10324=DIRECTION('ref_axis',(0.,0.,-1.));
#10325=DIRECTION('center_axis',(0.,1.,0.));
#10326=DIRECTION('ref_axis',(0.707106781186551,0.,-0.707106781186544));
#10327=DIRECTION('',(0.,1.,0.));
#10328=DIRECTION('center_axis',(0.,0.,1.));
#10329=DIRECTION('ref_axis',(0.707106781186547,0.707106781186547,0.));
#10330=DIRECTION('',(0.,0.,1.));
#10331=DIRECTION('center_axis',(0.,0.,-1.));
#10332=DIRECTION('ref_axis',(0.,1.,0.));
#10333=DIRECTION('center_axis',(1.,0.,0.));
#10334=DIRECTION('ref_axis',(0.,0.,-1.));
#10335=DIRECTION('center_axis',(0.,-1.,0.));
#10336=DIRECTION('ref_axis',(0.,0.,-1.));
#10337=DIRECTION('center_axis',(-1.,0.,0.));
#10338=DIRECTION('ref_axis',(0.,-0.70710678118653,0.707106781186565));
#10339=DIRECTION('center_axis',(0.,1.,0.));
#10340=DIRECTION('ref_axis',(0.707106781186554,0.,-0.707106781186541));
#10341=DIRECTION('center_axis',(0.,-1.,0.));
#10342=DIRECTION('ref_axis',(0.,0.,-1.));
#10343=DIRECTION('',(0.,1.,0.));
#10344=DIRECTION('center_axis',(1.,0.,0.));
#10345=DIRECTION('ref_axis',(0.,0.,-1.));
#10346=DIRECTION('center_axis',(0.,0.,1.));
#10347=DIRECTION('ref_axis',(0.,-1.,0.));
#10348=DIRECTION('center_axis',(-1.,0.,0.));
#10349=DIRECTION('ref_axis',(0.,0.70710678118653,0.707106781186565));
#10350=DIRECTION('center_axis',(0.,0.,-1.));
#10351=DIRECTION('ref_axis',(0.707106781186547,-0.707106781186547,0.));
#10352=DIRECTION('',(0.,0.,-1.));
#10353=DIRECTION('center_axis',(0.,1.,0.));
#10354=DIRECTION('ref_axis',(0.707106781186551,0.,-0.707106781186544));
#10355=DIRECTION('',(0.,1.,0.));
#10356=DIRECTION('center_axis',(0.,0.,1.));
#10357=DIRECTION('ref_axis',(0.,1.,0.));
#10358=DIRECTION('',(-1.,0.,0.));
#10359=DIRECTION('',(0.,-1.,0.));
#10360=DIRECTION('',(-1.,0.,0.));
#10361=DIRECTION('center_axis',(-1.,0.,0.));
#10362=DIRECTION('ref_axis',(0.,-0.707106781186529,0.707106781186566));
#10363=DIRECTION('',(-1.,0.,0.));
#10364=DIRECTION('center_axis',(1.,0.,0.));
#10365=DIRECTION('ref_axis',(0.,-0.707106781186529,0.707106781186566));
#10366=DIRECTION('',(1.,0.,0.));
#10367=DIRECTION('center_axis',(0.,0.,1.));
#10368=DIRECTION('ref_axis',(0.,1.,0.));
#10369=DIRECTION('',(0.,1.,0.));
#10370=DIRECTION('',(-1.,0.,0.));
#10371=DIRECTION('center_axis',(1.,0.,0.));
#10372=DIRECTION('ref_axis',(0.,0.707106781186529,-0.707106781186566));
#10373=DIRECTION('center_axis',(-1.,0.,0.));
#10374=DIRECTION('ref_axis',(0.,0.707106781186529,-0.707106781186566));
#10375=DIRECTION('',(1.,0.,0.));
#10376=DIRECTION('center_axis',(-1.,0.,0.));
#10377=DIRECTION('ref_axis',(0.,0.707106781186522,0.707106781186573));
#10378=DIRECTION('',(-1.,0.,0.));
#10379=DIRECTION('center_axis',(-1.,0.,0.));
#10380=DIRECTION('ref_axis',(0.,0.707106781186522,0.707106781186573));
#10381=DIRECTION('',(1.,0.,0.));
#10382=DIRECTION('center_axis',(0.,0.,-1.));
#10383=DIRECTION('ref_axis',(0.,-1.,0.));
#10384=DIRECTION('',(0.,1.,0.));
#10385=DIRECTION('',(-1.,0.,0.));
#10386=DIRECTION('center_axis',(-1.,0.,0.));
#10387=DIRECTION('ref_axis',(0.,-0.707106781186529,-0.707106781186566));
#10388=DIRECTION('',(-1.,0.,0.));
#10389=DIRECTION('center_axis',(1.,0.,0.));
#10390=DIRECTION('ref_axis',(0.,-0.707106781186529,-0.707106781186566));
#10391=DIRECTION('',(1.,0.,0.));
#10392=DIRECTION('center_axis',(0.,-1.,0.));
#10393=DIRECTION('ref_axis',(0.,0.,1.));
#10394=DIRECTION('',(0.,0.,1.));
#10395=DIRECTION('center_axis',(-1.,0.,0.));
#10396=DIRECTION('ref_axis',(0.,0.707106781186529,-0.707106781186566));
#10397=DIRECTION('',(-1.,0.,0.));
#10398=DIRECTION('center_axis',(1.,0.,0.));
#10399=DIRECTION('ref_axis',(0.,0.707106781186529,-0.707106781186566));
#10400=DIRECTION('',(1.,0.,0.));
#10401=DIRECTION('center_axis',(-1.,0.,0.));
#10402=DIRECTION('ref_axis',(0.,0.,1.));
#10403=DIRECTION('',(0.,0.,1.));
#10404=DIRECTION('',(0.,0.,1.));
#10405=DIRECTION('',(0.,-1.,0.));
#10406=DIRECTION('',(0.,0.,-1.));
#10407=DIRECTION('center_axis',(-1.,0.,0.));
#10408=DIRECTION('ref_axis',(0.,-0.707106781186529,0.707106781186566));
#10409=DIRECTION('',(0.,0.,-1.));
#10410=DIRECTION('',(0.,1.,0.));
#10411=DIRECTION('center_axis',(-1.,0.,0.));
#10412=DIRECTION('ref_axis',(0.,-0.707106781186529,-0.707106781186566));
#10413=DIRECTION('',(0.,0.,-1.));
#10414=DIRECTION('center_axis',(1.,0.,0.));
#10415=DIRECTION('ref_axis',(0.,0.707106781186529,0.707106781186566));
#10416=DIRECTION('center_axis',(0.,1.,0.));
#10417=DIRECTION('ref_axis',(0.,0.,-1.));
#10418=DIRECTION('',(1.,0.,0.));
#10419=DIRECTION('center_axis',(-1.,0.,0.));
#10420=DIRECTION('ref_axis',(0.,-0.707106781186529,0.707106781186566));
#10421=DIRECTION('center_axis',(-1.,0.,0.));
#10422=DIRECTION('ref_axis',(0.,0.707106781186529,0.707106781186566));
#10423=DIRECTION('',(1.,0.,0.));
#10424=DIRECTION('center_axis',(1.,0.,0.));
#10425=DIRECTION('ref_axis',(0.,-0.707106781186529,-0.707106781186566));
#10426=DIRECTION('',(-1.,0.,0.));
#10427=DIRECTION('',(1.,0.,0.));
#10428=DIRECTION('center_axis',(0.,0.,1.));
#10429=DIRECTION('ref_axis',(0.,1.,0.));
#10430=DIRECTION('',(-1.,0.,0.));
#10431=DIRECTION('center_axis',(0.,-1.,0.));
#10432=DIRECTION('ref_axis',(0.,0.,1.));
#10433=DIRECTION('center_axis',(0.,1.,0.));
#10434=DIRECTION('ref_axis',(0.,0.,-1.));
#10435=DIRECTION('center_axis',(0.,0.,-1.));
#10436=DIRECTION('ref_axis',(0.,-1.,0.));
#10437=DIRECTION('center_axis',(0.,-1.,0.));
#10438=DIRECTION('ref_axis',(0.,0.,1.));
#10439=DIRECTION('center_axis',(0.,1.,0.));
#10440=DIRECTION('ref_axis',(0.,0.,-1.));
#10441=DIRECTION('center_axis',(0.,0.,1.));
#10442=DIRECTION('ref_axis',(0.,1.,0.));
#10443=DIRECTION('',(-1.,0.,0.));
#10444=DIRECTION('center_axis',(0.,-1.,0.));
#10445=DIRECTION('ref_axis',(0.,0.,1.));
#10446=DIRECTION('center_axis',(0.,-1.,0.));
#10447=DIRECTION('ref_axis',(0.,0.,1.));
#10448=DIRECTION('center_axis',(0.,0.,-1.));
#10449=DIRECTION('ref_axis',(0.,-1.,0.));
#10450=DIRECTION('',(-1.,0.,0.));
#10451=DIRECTION('center_axis',(0.,1.,0.));
#10452=DIRECTION('ref_axis',(0.,0.,-1.));
#10453=DIRECTION('center_axis',(0.,1.,0.));
#10454=DIRECTION('ref_axis',(0.,0.,-1.));
#10455=DIRECTION('',(0.,0.,-1.));
#10456=DIRECTION('center_axis',(0.,0.,1.));
#10457=DIRECTION('ref_axis',(0.,1.,0.));
#10458=DIRECTION('',(0.,1.,0.));
#10459=DIRECTION('',(-1.,0.,0.));
#10460=DIRECTION('center_axis',(0.,-1.,0.));
#10461=DIRECTION('ref_axis',(0.,0.,1.));
#10462=DIRECTION('',(0.,0.,-1.));
#10463=DIRECTION('',(-1.,0.,0.));
#10464=DIRECTION('center_axis',(0.,0.,-1.));
#10465=DIRECTION('ref_axis',(0.,-1.,0.));
#10466=DIRECTION('',(0.,-1.,0.));
#10467=DIRECTION('center_axis',(0.,0.,-1.));
#10468=DIRECTION('ref_axis',(0.,-1.,0.));
#10469=DIRECTION('center_axis',(-1.,0.,0.));
#10470=DIRECTION('ref_axis',(0.,0.,1.));
#10471=DIRECTION('center_axis',(-1.,0.,0.));
#10472=DIRECTION('ref_axis',(0.,0.70710678118654,-0.707106781186555));
#10473=DIRECTION('center_axis',(1.,0.,0.));
#10474=DIRECTION('ref_axis',(0.,0.70710678118654,-0.707106781186555));
#10475=DIRECTION('',(1.,0.,0.));
#10476=DIRECTION('center_axis',(1.,0.,0.));
#10477=DIRECTION('ref_axis',(0.,0.,-1.));
#10478=DIRECTION('',(-1.,0.,0.));
#10479=DIRECTION('center_axis',(9.93013661298912E-16,0.447213595499959,
0.894427190999915));
#10480=DIRECTION('ref_axis',(0.,-0.894427190999915,0.447213595499959));
#10481=DIRECTION('center_axis',(9.93013661298907E-16,-0.894427190999917,
-0.447213595499955));
#10482=DIRECTION('ref_axis',(0.,-0.447213595499955,0.894427190999917));
#10483=DIRECTION('center_axis',(0.,0.,-1.));
#10484=DIRECTION('ref_axis',(0.,-1.,0.));
#10485=DIRECTION('',(0.,-1.,0.));
#10486=DIRECTION('',(-1.,0.,0.));
#10487=DIRECTION('',(0.,-1.,0.));
#10488=DIRECTION('center_axis',(-1.,0.,0.));
#10489=DIRECTION('ref_axis',(0.,0.,1.));
#10490=DIRECTION('',(0.,0.,-1.));
#10491=DIRECTION('center_axis',(1.,0.,0.));
#10492=DIRECTION('ref_axis',(0.,0.707106781186551,0.707106781186544));
#10493=DIRECTION('',(0.,1.,0.));
#10494=DIRECTION('center_axis',(1.,0.,0.));
#10495=DIRECTION('ref_axis',(0.,-0.707106781186554,0.707106781186541));
#10496=DIRECTION('',(0.,0.,1.));
#10497=DIRECTION('center_axis',(1.,0.,0.));
#10498=DIRECTION('ref_axis',(0.,-0.707106781186553,-0.707106781186542));
#10499=DIRECTION('',(0.,0.,-1.));
#10500=DIRECTION('',(0.,-1.,0.));
#10501=DIRECTION('',(0.,0.,1.));
#10502=DIRECTION('',(0.,1.,0.));
#10503=DIRECTION('center_axis',(0.,1.,0.));
#10504=DIRECTION('ref_axis',(0.,0.,-1.));
#10505=DIRECTION('',(0.,0.,-1.));
#10506=DIRECTION('',(1.,0.,0.));
#10507=DIRECTION('center_axis',(-1.,0.,0.));
#10508=DIRECTION('ref_axis',(0.,0.,-1.));
#10509=DIRECTION('center_axis',(0.,0.894427190999911,-0.447213595499968));
#10510=DIRECTION('ref_axis',(0.,0.447213595499968,0.894427190999911));
#10511=DIRECTION('center_axis',(-9.93013661298912E-16,-0.447213595499959,
0.894427190999915));
#10512=DIRECTION('ref_axis',(0.,0.894427190999915,0.447213595499959));
#10513=DIRECTION('center_axis',(-1.,0.,0.));
#10514=DIRECTION('ref_axis',(0.,-0.707106781186553,-0.707106781186542));
#10515=DIRECTION('',(1.,0.,0.));
#10516=DIRECTION('center_axis',(0.,-1.,0.));
#10517=DIRECTION('ref_axis',(0.707106781186553,0.,0.707106781186542));
#10518=DIRECTION('center_axis',(0.,0.,1.));
#10519=DIRECTION('ref_axis',(0.707106781186547,0.707106781186547,0.));
#10520=DIRECTION('',(0.,0.,1.));
#10521=DIRECTION('center_axis',(0.,0.894427190999914,0.447213595499963));
#10522=DIRECTION('ref_axis',(0.,0.447213595499963,-0.894427190999914));
#10523=DIRECTION('center_axis',(-1.,0.,0.));
#10524=DIRECTION('ref_axis',(0.,-1.,-4.44089209850072E-15));
#10525=DIRECTION('center_axis',(0.,-0.44721359549996,-0.894427190999915));
#10526=DIRECTION('ref_axis',(0.,0.894427190999915,-0.44721359549996));
#10527=DIRECTION('center_axis',(-1.,0.,0.));
#10528=DIRECTION('ref_axis',(0.,-0.707106781186554,0.707106781186541));
#10529=DIRECTION('',(1.,0.,0.));
#10530=DIRECTION('',(-1.,0.,0.));
#10531=DIRECTION('center_axis',(0.,-1.,0.));
#10532=DIRECTION('ref_axis',(0.,0.,1.));
#10533=DIRECTION('center_axis',(0.,1.,0.));
#10534=DIRECTION('ref_axis',(0.707106781186554,0.,-0.707106781186541));
#10535=DIRECTION('',(0.,1.,0.));
#10536=DIRECTION('center_axis',(0.,0.44721359549996,-0.894427190999915));
#10537=DIRECTION('ref_axis',(0.,-0.894427190999915,-0.44721359549996));
#10538=DIRECTION('center_axis',(-1.,0.,0.));
#10539=DIRECTION('ref_axis',(0.,0.707106781186551,0.707106781186544));
#10540=DIRECTION('center_axis',(1.,0.,0.));
#10541=DIRECTION('ref_axis',(0.,1.,0.));
#10542=DIRECTION('',(-1.,0.,0.));
#10543=DIRECTION('center_axis',(0.,-0.894427190999917,0.447213595499956));
#10544=DIRECTION('ref_axis',(0.,-0.447213595499956,-0.894427190999917));
#10545=DIRECTION('center_axis',(0.,0.,-1.));
#10546=DIRECTION('ref_axis',(0.70710678118656,-0.707106781186535,0.));
#10547=DIRECTION('center_axis',(2.22044604925031E-16,-1.,0.));
#10548=DIRECTION('ref_axis',(0.,0.,-1.));
#10549=DIRECTION('center_axis',(-1.,0.,0.));
#10550=DIRECTION('ref_axis',(0.,0.,-1.));
#10551=DIRECTION('center_axis',(0.,0.,1.));
#10552=DIRECTION('ref_axis',(0.,-1.,0.));
#10553=DIRECTION('center_axis',(-2.22044604925031E-16,1.,0.));
#10554=DIRECTION('ref_axis',(-0.707106781186548,-1.66533453693774E-16,0.707106781186547));
#10555=DIRECTION('center_axis',(0.,0.,1.));
#10556=DIRECTION('ref_axis',(0.707106781186551,-0.707106781186544,0.));
#10557=DIRECTION('center_axis',(0.,0.,1.));
#10558=DIRECTION('ref_axis',(0.,-1.,0.));
#10559=DIRECTION('',(0.,0.,1.));
#10560=DIRECTION('center_axis',(2.22044604925031E-16,-1.,0.));
#10561=DIRECTION('ref_axis',(0.,0.,-1.));
#10562=DIRECTION('center_axis',(-1.,0.,0.));
#10563=DIRECTION('ref_axis',(0.,-1.,0.));
#10564=DIRECTION('center_axis',(-2.22044604925031E-16,1.,0.));
#10565=DIRECTION('ref_axis',(-0.707106781186548,-1.66533453693773E-16,-0.707106781186547));
#10566=DIRECTION('center_axis',(-1.,-2.22044604925031E-16,0.));
#10567=DIRECTION('ref_axis',(0.,-0.707106781186544,0.707106781186551));
#10568=DIRECTION('center_axis',(-1.,0.,0.));
#10569=DIRECTION('ref_axis',(0.,-1.,0.));
#10570=DIRECTION('',(-1.,-2.22044604925031E-16,0.));
#10571=DIRECTION('center_axis',(2.22044604925031E-16,-1.,0.));
#10572=DIRECTION('ref_axis',(0.,0.,-1.));
#10573=DIRECTION('center_axis',(0.,0.,-1.));
#10574=DIRECTION('ref_axis',(0.,-1.,0.));
#10575=DIRECTION('center_axis',(-2.22044604925031E-16,1.,0.));
#10576=DIRECTION('ref_axis',(0.707106781186547,1.66533453693774E-16,-0.707106781186548));
#10577=DIRECTION('center_axis',(0.,0.,-1.));
#10578=DIRECTION('ref_axis',(-0.707106781186547,-0.707106781186548,0.));
#10579=DIRECTION('center_axis',(0.,0.,-1.));
#10580=DIRECTION('ref_axis',(0.,-1.,0.));
#10581=DIRECTION('',(0.,0.,-1.));
#10582=DIRECTION('center_axis',(2.22044604925031E-16,-1.,0.));
#10583=DIRECTION('ref_axis',(0.,0.,-1.));
#10584=DIRECTION('center_axis',(1.,0.,0.));
#10585=DIRECTION('ref_axis',(0.,-1.,0.));
#10586=DIRECTION('center_axis',(-2.22044604925031E-16,1.,0.));
#10587=DIRECTION('ref_axis',(0.707106781186547,1.66533453693774E-16,0.707106781186548));
#10588=DIRECTION('center_axis',(1.,2.22044604925031E-16,0.));
#10589=DIRECTION('ref_axis',(0.,-0.707106781186548,-0.707106781186547));
#10590=DIRECTION('',(1.,2.22044604925031E-16,0.));
#10591=DIRECTION('',(1.,2.22044604925031E-16,0.));
#10592=DIRECTION('center_axis',(1.,0.,0.));
#10593=DIRECTION('ref_axis',(0.,0.,1.));
#10594=DIRECTION('',(0.,-1.,0.));
#10595=DIRECTION('',(0.,0.,1.));
#10596=DIRECTION('',(0.,1.,0.));
#10597=DIRECTION('center_axis',(0.,-1.,0.));
#10598=DIRECTION('ref_axis',(0.707106781186548,0.,0.707106781186548));
#10599=DIRECTION('',(0.,1.,0.));
#10600=DIRECTION('center_axis',(0.,-1.,0.));
#10601=DIRECTION('ref_axis',(0.707106781186548,0.,0.707106781186548));
#10602=DIRECTION('center_axis',(0.,0.,1.));
#10603=DIRECTION('ref_axis',(-1.,0.,0.));
#10604=DIRECTION('',(0.,-1.,0.));
#10605=DIRECTION('',(-1.,0.,0.));
#10606=DIRECTION('center_axis',(0.,-1.,0.));
#10607=DIRECTION('ref_axis',(-0.707106781186548,0.,0.707106781186548));
#10608=DIRECTION('',(0.,1.,0.));
#10609=DIRECTION('center_axis',(0.,-1.,0.));
#10610=DIRECTION('ref_axis',(-0.707106781186548,0.,0.707106781186547));
#10611=DIRECTION('center_axis',(0.,1.,0.));
#10612=DIRECTION('ref_axis',(0.,0.,1.));
#10613=DIRECTION('center_axis',(0.,0.,-1.));
#10614=DIRECTION('ref_axis',(-1.,0.,0.));
#10615=DIRECTION('center_axis',(0.,1.,0.));
#10616=DIRECTION('ref_axis',(0.707106781186547,0.,-0.707106781186548));
#10617=DIRECTION('center_axis',(1.,0.,0.));
#10618=DIRECTION('ref_axis',(0.,1.,0.));
#10619=DIRECTION('center_axis',(0.,-1.,0.));
#10620=DIRECTION('ref_axis',(0.707106781186547,0.,-0.707106781186548));
#10621=DIRECTION('center_axis',(1.,0.,0.));
#10622=DIRECTION('ref_axis',(0.,0.707106781186544,0.707106781186551));
#10623=DIRECTION('center_axis',(1.,0.,0.));
#10624=DIRECTION('ref_axis',(0.,1.,0.));
#10625=DIRECTION('',(1.,0.,0.));
#10626=DIRECTION('',(-1.,0.,0.));
#10627=DIRECTION('center_axis',(0.,1.,0.));
#10628=DIRECTION('ref_axis',(0.,0.,1.));
#10629=DIRECTION('center_axis',(0.,0.,-1.));
#10630=DIRECTION('ref_axis',(0.,1.,0.));
#10631=DIRECTION('center_axis',(0.,-1.,0.));
#10632=DIRECTION('ref_axis',(-0.707106781186548,0.,-0.707106781186548));
#10633=DIRECTION('center_axis',(0.,1.,0.));
#10634=DIRECTION('ref_axis',(-0.707106781186548,0.,-0.707106781186548));
#10635=DIRECTION('center_axis',(0.,0.,-1.));
#10636=DIRECTION('ref_axis',(0.707106781186548,0.707106781186548,0.));
#10637=DIRECTION('center_axis',(0.,0.,-1.));
#10638=DIRECTION('ref_axis',(0.,1.,0.));
#10639=DIRECTION('',(0.,0.,-1.));
#10640=DIRECTION('',(0.,0.,1.));
#10641=DIRECTION('center_axis',(0.,1.,0.));
#10642=DIRECTION('ref_axis',(0.,0.,1.));
#10643=DIRECTION('center_axis',(-1.,0.,0.));
#10644=DIRECTION('ref_axis',(0.,1.,-8.88178419700124E-15));
#10645=DIRECTION('center_axis',(0.,1.,0.));
#10646=DIRECTION('ref_axis',(-0.707106781186548,0.,0.707106781186547));
#10647=DIRECTION('center_axis',(-1.,0.,0.));
#10648=DIRECTION('ref_axis',(0.,0.707106781186548,-0.707106781186548));
#10649=DIRECTION('center_axis',(-1.,0.,0.));
#10650=DIRECTION('ref_axis',(0.,1.,0.));
#10651=DIRECTION('',(-1.,0.,0.));
#10652=DIRECTION('center_axis',(0.,1.,0.));
#10653=DIRECTION('ref_axis',(0.,0.,1.));
#10654=DIRECTION('center_axis',(0.,0.,1.));
#10655=DIRECTION('ref_axis',(0.,1.,0.));
#10656=DIRECTION('center_axis',(0.,1.,0.));
#10657=DIRECTION('ref_axis',(0.707106781186548,0.,0.707106781186548));
#10658=DIRECTION('center_axis',(0.,0.,1.));
#10659=DIRECTION('ref_axis',(-0.707106781186548,0.707106781186548,0.));
#10660=DIRECTION('',(0.,0.,-1.));
#10661=DIRECTION('center_axis',(0.,-1.,0.));
#10662=DIRECTION('ref_axis',(0.707106781186548,0.,-0.707106781186548));
#10663=DIRECTION('',(0.,-1.,0.));
#10664=DIRECTION('center_axis',(0.,-1.,0.));
#10665=DIRECTION('ref_axis',(0.,0.,-1.));
#10666=DIRECTION('',(-1.,0.,0.));
#10667=DIRECTION('',(0.,0.,1.));
#10668=DIRECTION('',(1.,0.,0.));
#10669=DIRECTION('',(0.,0.,-1.));
#10670=DIRECTION('',(-1.,0.,0.));
#10671=DIRECTION('',(0.,0.,-1.));
#10672=DIRECTION('center_axis',(0.,-1.,0.));
#10673=DIRECTION('ref_axis',(-0.707106781186548,0.,0.707106781186548));
#10674=DIRECTION('',(-1.,0.,0.));
#10675=DIRECTION('center_axis',(0.,-1.,0.));
#10676=DIRECTION('ref_axis',(0.707106781186547,0.,0.707106781186548));
#10677=DIRECTION('',(0.,0.,1.));
#10678=DIRECTION('',(-1.,0.,0.));
#10679=DIRECTION('center_axis',(0.,-1.,0.));
#10680=DIRECTION('ref_axis',(-0.707106781186548,0.,-0.707106781186548));
#10681=DIRECTION('',(0.,1.,0.));
#10682=DIRECTION('',(0.,-1.,0.));
#10683=DIRECTION('center_axis',(-1.,0.,0.));
#10684=DIRECTION('ref_axis',(0.,0.,-1.));
#10685=DIRECTION('center_axis',(0.,0.,-1.));
#10686=DIRECTION('ref_axis',(1.,0.,0.));
#10687=DIRECTION('center_axis',(0.,0.,1.));
#10688=DIRECTION('ref_axis',(1.,0.,0.));
#10689=DIRECTION('center_axis',(0.,0.,1.));
#10690=DIRECTION('ref_axis',(0.672776448202344,0.739845829037536,0.));
#10691=DIRECTION('center_axis',(0.,0.,-1.));
#10692=DIRECTION('ref_axis',(0.672776448202344,0.739845829037536,0.));
#10693=DIRECTION('center_axis',(0.,1.,0.));
#10694=DIRECTION('ref_axis',(-0.707106781186548,0.,-0.707106781186547));
#10695=DIRECTION('',(0.,-1.,0.));
#10696=DIRECTION('',(0.,1.,0.));
#10697=DIRECTION('center_axis',(0.,0.,1.));
#10698=DIRECTION('ref_axis',(1.,0.,0.));
#10699=DIRECTION('center_axis',(0.,0.,-1.));
#10700=DIRECTION('ref_axis',(0.707106781186548,-0.707106781186547,0.));
#10701=DIRECTION('center_axis',(0.,0.,1.));
#10702=DIRECTION('ref_axis',(0.707106781186548,-0.707106781186547,0.));
#10703=DIRECTION('center_axis',(1.,0.,0.));
#10704=DIRECTION('ref_axis',(0.,0.707106781186554,-0.707106781186541));
#10705=DIRECTION('',(-1.,0.,0.));
#10706=DIRECTION('',(1.,0.,0.));
#10707=DIRECTION('center_axis',(0.,0.,1.));
#10708=DIRECTION('ref_axis',(1.,0.,0.));
#10709=DIRECTION('center_axis',(0.,0.,-1.));
#10710=DIRECTION('ref_axis',(-0.707106781186548,-0.707106781186548,0.));
#10711=DIRECTION('center_axis',(0.,0.,1.));
#10712=DIRECTION('ref_axis',(-0.707106781186547,-0.707106781186547,0.));
#10713=DIRECTION('center_axis',(0.,-1.,0.));
#10714=DIRECTION('ref_axis',(0.707106781186541,0.,-0.707106781186554));
#10715=DIRECTION('',(0.,1.,0.));
#10716=DIRECTION('',(0.,-1.,0.));
#10717=DIRECTION('center_axis',(0.,0.,1.));
#10718=DIRECTION('ref_axis',(1.,0.,0.));
#10719=DIRECTION('center_axis',(0.,0.,-1.));
#10720=DIRECTION('ref_axis',(-0.672776448202344,0.739845829037536,0.));
#10721=DIRECTION('center_axis',(0.,0.,1.));
#10722=DIRECTION('ref_axis',(-0.672776448202344,0.739845829037536,0.));
#10723=DIRECTION('center_axis',(0.,0.,-1.));
#10724=DIRECTION('ref_axis',(1.,0.,0.));
#10725=DIRECTION('',(0.,0.,-1.));
#10726=DIRECTION('center_axis',(0.,0.,-1.));
#10727=DIRECTION('ref_axis',(1.,0.,0.));
#10728=DIRECTION('',(0.,0.,-1.));
#10729=DIRECTION('center_axis',(1.,0.,0.));
#10730=DIRECTION('ref_axis',(0.,-1.,0.));
#10731=DIRECTION('',(0.,0.,-1.));
#10732=DIRECTION('',(0.,-1.,0.));
#10733=DIRECTION('center_axis',(0.,0.,-1.));
#10734=DIRECTION('ref_axis',(1.,0.,0.));
#10735=DIRECTION('',(0.,0.,-1.));
#10736=DIRECTION('center_axis',(0.,0.,-1.));
#10737=DIRECTION('ref_axis',(1.,0.,0.));
#10738=DIRECTION('center_axis',(0.,-1.,0.));
#10739=DIRECTION('ref_axis',(-1.,0.,0.));
#10740=DIRECTION('',(0.,0.,-1.));
#10741=DIRECTION('',(-1.,0.,0.));
#10742=DIRECTION('center_axis',(0.,0.,-1.));
#10743=DIRECTION('ref_axis',(1.,0.,0.));
#10744=DIRECTION('',(0.,0.,-1.));
#10745=DIRECTION('center_axis',(0.,0.,-1.));
#10746=DIRECTION('ref_axis',(1.,0.,0.));
#10747=DIRECTION('center_axis',(-1.,0.,0.));
#10748=DIRECTION('ref_axis',(0.,1.,0.));
#10749=DIRECTION('',(0.,0.,-1.));
#10750=DIRECTION('',(0.,1.,0.));
#10751=DIRECTION('center_axis',(0.,0.,-1.));
#10752=DIRECTION('ref_axis',(1.,0.,0.));
#10753=DIRECTION('',(0.,0.,-1.));
#10754=DIRECTION('center_axis',(0.,0.,-1.));
#10755=DIRECTION('ref_axis',(1.,0.,0.));
#10756=DIRECTION('center_axis',(-1.,0.,0.));
#10757=DIRECTION('ref_axis',(0.,-0.707106781186554,-0.707106781186541));
#10758=DIRECTION('',(-1.,0.,0.));
#10759=DIRECTION('',(1.,0.,0.));
#10760=DIRECTION('center_axis',(0.,1.,0.));
#10761=DIRECTION('ref_axis',(1.,0.,0.));
#10762=DIRECTION('',(1.,0.,0.));
#10763=DIRECTION('center_axis',(1.,0.,0.));
#10764=DIRECTION('ref_axis',(0.,0.707106781186554,-0.707106781186541));
#10765=DIRECTION('',(-1.,0.,0.));
#10766=DIRECTION('',(1.,0.,0.));
#10767=DIRECTION('center_axis',(0.,0.,1.));
#10768=DIRECTION('ref_axis',(1.,0.,0.));
#10769=DIRECTION('center_axis',(0.,0.,-1.));
#10770=DIRECTION('ref_axis',(-0.707106781186547,-0.707106781186547,0.));
#10771=DIRECTION('center_axis',(0.,0.,1.));
#10772=DIRECTION('ref_axis',(-0.707106781186548,-0.707106781186548,0.));
#10773=DIRECTION('center_axis',(0.,-1.,0.));
#10774=DIRECTION('ref_axis',(0.707106781186554,0.,-0.707106781186541));
#10775=DIRECTION('',(0.,1.,0.));
#10776=DIRECTION('',(0.,-1.,0.));
#10777=DIRECTION('center_axis',(0.,0.,1.));
#10778=DIRECTION('ref_axis',(1.,0.,0.));
#10779=DIRECTION('center_axis',(0.,0.,-1.));
#10780=DIRECTION('ref_axis',(-0.707106781186547,0.707106781186547,0.));
#10781=DIRECTION('center_axis',(0.,0.,1.));
#10782=DIRECTION('ref_axis',(-0.707106781186548,0.707106781186548,0.));
#10783=DIRECTION('center_axis',(-1.,0.,0.));
#10784=DIRECTION('ref_axis',(0.,-0.707106781186548,-0.707106781186548));
#10785=DIRECTION('',(1.,0.,0.));
#10786=DIRECTION('',(-1.,0.,0.));
#10787=DIRECTION('center_axis',(0.,0.,1.));
#10788=DIRECTION('ref_axis',(1.,0.,0.));
#10789=DIRECTION('center_axis',(0.,0.,1.));
#10790=DIRECTION('ref_axis',(0.707106781186547,0.707106781186548,0.));
#10791=DIRECTION('center_axis',(0.,0.,-1.));
#10792=DIRECTION('ref_axis',(0.707106781186547,0.707106781186548,0.));
#10793=DIRECTION('center_axis',(0.,1.,0.));
#10794=DIRECTION('ref_axis',(-0.707106781186548,0.,-0.707106781186547));
#10795=DIRECTION('',(0.,1.,0.));
#10796=DIRECTION('',(0.,-1.,0.));
#10797=DIRECTION('center_axis',(0.,0.,1.));
#10798=DIRECTION('ref_axis',(1.,0.,0.));
#10799=DIRECTION('center_axis',(0.,0.,1.));
#10800=DIRECTION('ref_axis',(0.707106781186548,-0.707106781186548,0.));
#10801=DIRECTION('center_axis',(0.,0.,-1.));
#10802=DIRECTION('ref_axis',(0.707106781186547,-0.707106781186547,0.));
#10803=DIRECTION('center_axis',(0.,0.,-1.));
#10804=DIRECTION('ref_axis',(1.,0.,0.));
#10805=DIRECTION('',(0.,0.,-1.));
#10806=DIRECTION('center_axis',(0.,0.,-1.));
#10807=DIRECTION('ref_axis',(1.,0.,0.));
#10808=DIRECTION('',(0.,0.,-1.));
#10809=DIRECTION('center_axis',(1.,0.,0.));
#10810=DIRECTION('ref_axis',(0.,-1.,0.));
#10811=DIRECTION('',(0.,0.,-1.));
#10812=DIRECTION('',(0.,-1.,0.));
#10813=DIRECTION('center_axis',(0.,0.,-1.));
#10814=DIRECTION('ref_axis',(1.,0.,0.));
#10815=DIRECTION('',(0.,0.,-1.));
#10816=DIRECTION('center_axis',(0.,0.,-1.));
#10817=DIRECTION('ref_axis',(1.,0.,0.));
#10818=DIRECTION('center_axis',(0.,-1.,0.));
#10819=DIRECTION('ref_axis',(-1.,0.,0.));
#10820=DIRECTION('',(0.,0.,-1.));
#10821=DIRECTION('',(-1.,0.,0.));
#10822=DIRECTION('center_axis',(0.,0.,1.));
#10823=DIRECTION('ref_axis',(0.,-1.,0.));
#10824=DIRECTION('center_axis',(0.,0.,1.));
#10825=DIRECTION('ref_axis',(0.707106781186547,-0.707106781186548,0.));
#10826=DIRECTION('',(1.,0.,0.));
#10827=DIRECTION('center_axis',(0.,0.,1.));
#10828=DIRECTION('ref_axis',(-0.707106781186547,-0.707106781186547,0.));
#10829=DIRECTION('',(0.,-1.,0.));
#10830=DIRECTION('center_axis',(0.,0.,1.));
#10831=DIRECTION('ref_axis',(-0.707106781186548,0.707106781186547,0.));
#10832=DIRECTION('',(-1.,0.,0.));
#10833=DIRECTION('center_axis',(0.,0.,1.));
#10834=DIRECTION('ref_axis',(0.707106781186547,0.707106781186548,0.));
#10835=DIRECTION('',(0.,1.,0.));
#10836=DIRECTION('center_axis',(0.,0.,1.));
#10837=DIRECTION('ref_axis',(1.,0.,0.));
#10838=DIRECTION('center_axis',(0.,0.,1.));
#10839=DIRECTION('ref_axis',(1.,0.,0.));
#10840=DIRECTION('center_axis',(0.,0.,1.));
#10841=DIRECTION('ref_axis',(1.,0.,0.));
#10842=DIRECTION('center_axis',(0.,0.,1.));
#10843=DIRECTION('ref_axis',(1.,0.,0.));
#10844=DIRECTION('center_axis',(0.,0.,1.));
#10845=DIRECTION('ref_axis',(1.,0.,0.));
#10846=DIRECTION('center_axis',(0.,0.,1.));
#10847=DIRECTION('ref_axis',(1.,0.,0.));
#10848=DIRECTION('center_axis',(0.,0.,1.));
#10849=DIRECTION('ref_axis',(1.,0.,0.));
#10850=DIRECTION('center_axis',(0.,0.,1.));
#10851=DIRECTION('ref_axis',(-0.707106781186547,-0.707106781186548,0.));
#10852=DIRECTION('center_axis',(0.,0.,-1.));
#10853=DIRECTION('ref_axis',(5.55111512312578E-16,-1.,0.));
#10854=DIRECTION('',(0.,0.,-1.));
#10855=DIRECTION('center_axis',(0.,0.,-1.));
#10856=DIRECTION('ref_axis',(-0.707106781186547,-0.707106781186548,0.));
#10857=DIRECTION('',(0.,0.,1.));
#10858=DIRECTION('center_axis',(1.,3.10862446895044E-16,0.));
#10859=DIRECTION('ref_axis',(0.,-0.707106781186546,0.707106781186549));
#10860=DIRECTION('center_axis',(1.,0.,1.66533453693773E-15));
#10861=DIRECTION('ref_axis',(-1.66533453693773E-15,2.22044604925031E-15,
1.));
#10862=DIRECTION('',(1.,3.10862446895044E-16,0.));
#10863=DIRECTION('center_axis',(-1.,-1.11022302462516E-15,0.));
#10864=DIRECTION('ref_axis',(1.11022302462516E-15,-1.,0.));
#10865=DIRECTION('center_axis',(0.,0.,1.));
#10866=DIRECTION('ref_axis',(1.,0.,0.));
#10867=DIRECTION('center_axis',(-1.11022302462516E-15,1.,0.));
#10868=DIRECTION('ref_axis',(-1.,-1.11022302462516E-15,0.));
#10869=DIRECTION('center_axis',(0.,0.,-1.));
#10870=DIRECTION('ref_axis',(0.707106781186547,0.707106781186548,0.));
#10871=DIRECTION('center_axis',(3.10862446895044E-16,-1.,0.));
#10872=DIRECTION('ref_axis',(-0.707106781186547,0.,0.707106781186547));
#10873=DIRECTION('center_axis',(-2.22044604925031E-15,1.,0.));
#10874=DIRECTION('ref_axis',(-1.,-2.22044604925031E-15,0.));
#10875=DIRECTION('',(3.10862446895044E-16,-1.,0.));
#10876=DIRECTION('center_axis',(0.,0.,1.));
#10877=DIRECTION('ref_axis',(1.,0.,0.));
#10878=DIRECTION('center_axis',(1.,0.,0.));
#10879=DIRECTION('ref_axis',(0.,1.,0.));
#10880=DIRECTION('center_axis',(0.,0.,-1.));
#10881=DIRECTION('ref_axis',(0.707106781186548,-0.707106781186547,0.));
#10882=DIRECTION('center_axis',(-1.,-3.10862446895044E-16,0.));
#10883=DIRECTION('ref_axis',(0.,0.707106781186549,0.707106781186546));
#10884=DIRECTION('center_axis',(1.,0.,0.));
#10885=DIRECTION('ref_axis',(0.,1.,0.));
#10886=DIRECTION('',(-1.,-3.10862446895044E-16,0.));
#10887=DIRECTION('center_axis',(0.408248290463863,-0.816496580927727,-0.408248290463862));
#10888=DIRECTION('ref_axis',(-0.577350269189626,-0.577350269189625,0.577350269189627));
#10889=DIRECTION('center_axis',(-3.48510974716794E-17,-1.,0.));
#10890=DIRECTION('ref_axis',(-0.707106781186547,0.,0.707106781186548));
#10891=DIRECTION('center_axis',(0.,0.,-1.));
#10892=DIRECTION('ref_axis',(-0.707106781186547,0.707106781186548,0.));
#10893=DIRECTION('center_axis',(0.,0.,-1.));
#10894=DIRECTION('ref_axis',(-1.,0.,0.));
#10895=DIRECTION('',(0.,0.,-1.));
#10896=DIRECTION('center_axis',(0.,0.,-1.));
#10897=DIRECTION('ref_axis',(-0.707106781186547,0.707106781186548,0.));
#10898=DIRECTION('',(0.,0.,1.));
#10899=DIRECTION('center_axis',(-0.816496580927726,-0.408248290463864,-0.408248290463862));
#10900=DIRECTION('ref_axis',(-0.577350269189625,0.577350269189627,0.577350269189625));
#10901=DIRECTION('center_axis',(3.48510974716794E-17,1.,0.));
#10902=DIRECTION('ref_axis',(-0.707106781186547,0.,0.707106781186548));
#10903=DIRECTION('center_axis',(-3.48510974716794E-17,-1.,0.));
#10904=DIRECTION('ref_axis',(-0.707106781186547,0.,0.707106781186547));
#10905=DIRECTION('center_axis',(5.55111512312579E-16,1.,0.));
#10906=DIRECTION('ref_axis',(-1.,5.55111512312579E-16,0.));
#10907=DIRECTION('',(-3.48510974716794E-17,-1.,0.));
#10908=DIRECTION('center_axis',(-3.48510974716794E-17,-1.,0.));
#10909=DIRECTION('ref_axis',(-0.707106781186547,0.,0.707106781186547));
#10910=DIRECTION('',(-3.48510974716794E-17,-1.,0.));
#10911=DIRECTION('center_axis',(0.,1.,0.));
#10912=DIRECTION('ref_axis',(-1.,0.,0.));
#10913=DIRECTION('center_axis',(1.,-3.48510974716794E-17,0.));
#10914=DIRECTION('ref_axis',(-3.48510974716794E-17,-1.,0.));
#10915=DIRECTION('',(-3.48510974716794E-17,-1.,0.));
#10916=DIRECTION('',(0.,0.,-1.));
#10917=DIRECTION('center_axis',(0.,0.,-1.));
#10918=DIRECTION('ref_axis',(0.707106781186548,-0.707106781186547,0.));
#10919=DIRECTION('',(0.,0.,-1.));
#10920=DIRECTION('center_axis',(0.,0.,1.));
#10921=DIRECTION('ref_axis',(0.707106781186548,-0.707106781186547,0.));
#10922=DIRECTION('',(0.,0.,1.));
#10923=DIRECTION('center_axis',(3.10862446895044E-16,-1.,0.));
#10924=DIRECTION('ref_axis',(-1.,-3.10862446895044E-16,0.));
#10925=DIRECTION('',(-1.,-3.10862446895044E-16,0.));
#10926=DIRECTION('center_axis',(0.,0.,-1.));
#10927=DIRECTION('ref_axis',(0.707106781186548,0.707106781186548,0.));
#10928=DIRECTION('',(0.,0.,-1.));
#10929=DIRECTION('center_axis',(0.,0.,1.));
#10930=DIRECTION('ref_axis',(0.707106781186548,0.707106781186548,0.));
#10931=DIRECTION('',(0.,0.,1.));
#10932=DIRECTION('center_axis',(0.,0.,-1.));
#10933=DIRECTION('ref_axis',(-1.,0.,0.));
#10934=DIRECTION('',(3.10862446895044E-16,-1.,0.));
#10935=DIRECTION('',(1.,3.10862446895044E-16,0.));
#10936=DIRECTION('',(-3.48510974716794E-17,-1.,0.));
#10937=DIRECTION('center_axis',(0.,0.,1.));
#10938=DIRECTION('ref_axis',(0.707106781186548,0.707106781186547,0.));
#10939=DIRECTION('',(1.,-3.48510974716794E-17,0.));
#10940=DIRECTION('center_axis',(0.,0.,1.));
#10941=DIRECTION('ref_axis',(-0.707106781186547,0.707106781186548,0.));
#10942=DIRECTION('',(3.48510974716794E-17,1.,0.));
#10943=DIRECTION('center_axis',(0.,0.,1.));
#10944=DIRECTION('ref_axis',(-0.707106781186547,-0.707106781186547,0.));
#10945=DIRECTION('',(-1.,3.48510974716794E-17,0.));
#10946=DIRECTION('center_axis',(0.,0.,1.));
#10947=DIRECTION('ref_axis',(0.707106781186547,-0.707106781186548,0.));
#10948=DIRECTION('center_axis',(0.,0.,-1.));
#10949=DIRECTION('ref_axis',(1.,0.,0.));
#10950=DIRECTION('center_axis',(0.,0.,-1.));
#10951=DIRECTION('ref_axis',(1.,0.,0.));
#10952=DIRECTION('center_axis',(0.,0.,-1.));
#10953=DIRECTION('ref_axis',(1.,0.,0.));
#10954=DIRECTION('center_axis',(0.,0.,-1.));
#10955=DIRECTION('ref_axis',(1.,0.,0.));
#10956=DIRECTION('',(0.,1.,0.));
#10957=DIRECTION('center_axis',(0.,0.,-1.));
#10958=DIRECTION('ref_axis',(1.,0.,0.));
#10959=DIRECTION('',(1.,0.,0.));
#10960=DIRECTION('center_axis',(-3.10862446895044E-16,1.,0.));
#10961=DIRECTION('ref_axis',(1.,3.10862446895044E-16,0.));
#10962=DIRECTION('center_axis',(0.,0.,1.));
#10963=DIRECTION('ref_axis',(1.,0.,0.));
#10964=DIRECTION('center_axis',(1.,-5.55111512312575E-16,0.));
#10965=DIRECTION('ref_axis',(5.55111512312575E-16,1.,0.));
#10966=DIRECTION('center_axis',(0.,0.,-1.));
#10967=DIRECTION('ref_axis',(0.707106781186547,-0.707106781186548,0.));
#10968=DIRECTION('center_axis',(-1.,3.48510974716794E-17,0.));
#10969=DIRECTION('ref_axis',(0.,0.707106781186546,0.707106781186549));
#10970=DIRECTION('center_axis',(1.,0.,0.));
#10971=DIRECTION('ref_axis',(0.,1.,0.));
#10972=DIRECTION('',(-1.,3.48510974716794E-17,0.));
#10973=DIRECTION('center_axis',(0.,0.,1.));
#10974=DIRECTION('ref_axis',(1.,0.,0.));
#10975=DIRECTION('center_axis',(0.,-1.,0.));
#10976=DIRECTION('ref_axis',(1.,0.,0.));
#10977=DIRECTION('center_axis',(0.,0.,-1.));
#10978=DIRECTION('ref_axis',(-0.707106781186547,-0.707106781186547,0.));
#10979=DIRECTION('center_axis',(3.48510974716794E-17,1.,0.));
#10980=DIRECTION('ref_axis',(0.707106781186546,0.,0.707106781186549));
#10981=DIRECTION('center_axis',(0.,-1.,0.));
#10982=DIRECTION('ref_axis',(1.,0.,0.));
#10983=DIRECTION('',(3.48510974716794E-17,1.,0.));
#10984=DIRECTION('center_axis',(0.,0.,1.));
#10985=DIRECTION('ref_axis',(1.,0.,0.));
#10986=DIRECTION('center_axis',(-0.925131095221812,-0.379647806069903,-3.16120301660424E-16));
#10987=DIRECTION('ref_axis',(0.379647806069903,-0.925131095221812,0.));
#10988=DIRECTION('center_axis',(0.,0.,-1.));
#10989=DIRECTION('ref_axis',(-0.707106781186548,0.707106781186547,0.));
#10990=DIRECTION('center_axis',(0.,0.,-1.));
#10991=DIRECTION('ref_axis',(-1.,0.,0.));
#10992=DIRECTION('center_axis',(0.,0.,-1.));
#10993=DIRECTION('ref_axis',(0.,1.,0.));
#10994=DIRECTION('center_axis',(-1.,0.,0.));
#10995=DIRECTION('ref_axis',(0.,-1.,0.));
#10996=DIRECTION('center_axis',(0.,0.,1.));
#10997=DIRECTION('ref_axis',(1.,0.,0.));
#10998=DIRECTION('center_axis',(0.925131095221813,-0.3796478060699,-3.62148894564793E-16));
#10999=DIRECTION('ref_axis',(2.77555756156289E-16,-2.77555756156289E-16,
1.));
#11000=DIRECTION('center_axis',(0.,0.,-1.));
#11001=DIRECTION('ref_axis',(0.707106781186547,0.707106781186548,0.));
#11002=DIRECTION('center_axis',(0.,0.,-1.));
#11003=DIRECTION('ref_axis',(-1.,0.,0.));
#11004=DIRECTION('center_axis',(1.,0.,0.));
#11005=DIRECTION('ref_axis',(0.,0.,1.));
#11006=DIRECTION('center_axis',(0.,0.,-1.));
#11007=DIRECTION('ref_axis',(0.,1.,0.));
#11008=DIRECTION('center_axis',(1.,-3.48510974716794E-17,0.));
#11009=DIRECTION('ref_axis',(0.,-0.707106781186549,0.707106781186546));
#11010=DIRECTION('',(1.,-3.48510974716794E-17,0.));
#11011=DIRECTION('center_axis',(1.,-3.48510974716794E-17,0.));
#11012=DIRECTION('ref_axis',(-3.48510974716794E-17,-1.,0.));
#11013=DIRECTION('',(0.,0.,1.));
#11014=DIRECTION('center_axis',(0.,0.,-1.));
#11015=DIRECTION('ref_axis',(-0.707106781186547,-0.707106781186547,0.));
#11016=DIRECTION('',(0.,0.,-1.));
#11017=DIRECTION('',(0.,0.,1.));
#11018=DIRECTION('center_axis',(-1.,3.48510974716794E-17,0.));
#11019=DIRECTION('ref_axis',(3.48510974716794E-17,1.,0.));
#11020=DIRECTION('',(0.,0.,-1.));
#11021=DIRECTION('center_axis',(0.,0.,-1.));
#11022=DIRECTION('ref_axis',(-0.707106781186547,0.707106781186548,0.));
#11023=DIRECTION('',(0.,0.,1.));
#11024=DIRECTION('center_axis',(3.48510974716794E-17,1.,0.));
#11025=DIRECTION('ref_axis',(1.,-3.48510974716794E-17,0.));
#11026=DIRECTION('',(0.,0.,-1.));
#11027=DIRECTION('center_axis',(0.,0.,-1.));
#11028=DIRECTION('ref_axis',(0.707106781186547,-0.707106781186548,0.));
#11029=DIRECTION('',(0.,0.,1.));
#11030=DIRECTION('center_axis',(0.,0.,-1.));
#11031=DIRECTION('ref_axis',(0.707106781186548,0.707106781186547,0.));
#11032=DIRECTION('center_axis',(0.,0.,1.));
#11033=DIRECTION('ref_axis',(-0.707106781186542,-0.707106781186553,0.));
#11034=DIRECTION('center_axis',(0.,0.,-1.));
#11035=DIRECTION('ref_axis',(0.,-1.,0.));
#11036=DIRECTION('',(0.,0.,-1.));
#11037=DIRECTION('center_axis',(0.,0.,-1.));
#11038=DIRECTION('ref_axis',(-0.707106781186542,-0.707106781186553,0.));
#11039=DIRECTION('',(0.,0.,1.));
#11040=DIRECTION('center_axis',(1.,0.,0.));
#11041=DIRECTION('ref_axis',(0.,-0.707106781186552,0.707106781186543));
#11042=DIRECTION('center_axis',(1.,0.,2.22044604925031E-15));
#11043=DIRECTION('ref_axis',(-2.22044604925031E-15,0.,1.));
#11044=DIRECTION('',(1.,0.,0.));
#11045=DIRECTION('center_axis',(-1.,0.,0.));
#11046=DIRECTION('ref_axis',(0.,-1.,0.));
#11047=DIRECTION('center_axis',(0.,0.,1.));
#11048=DIRECTION('ref_axis',(1.,0.,0.));
#11049=DIRECTION('center_axis',(0.,1.,0.));
#11050=DIRECTION('ref_axis',(-1.,0.,0.));
#11051=DIRECTION('center_axis',(0.,0.,-1.));
#11052=DIRECTION('ref_axis',(0.707106781186548,0.707106781186547,0.));
#11053=DIRECTION('center_axis',(0.,-1.,0.));
#11054=DIRECTION('ref_axis',(-0.707106781186547,0.,0.707106781186548));
#11055=DIRECTION('center_axis',(0.,1.,0.));
#11056=DIRECTION('ref_axis',(-1.,0.,0.));
#11057=DIRECTION('',(0.,-1.,0.));
#11058=DIRECTION('center_axis',(0.,0.,1.));
#11059=DIRECTION('ref_axis',(1.,0.,0.));
#11060=DIRECTION('center_axis',(1.,0.,0.));
#11061=DIRECTION('ref_axis',(0.,1.,0.));
#11062=DIRECTION('center_axis',(0.,0.,-1.));
#11063=DIRECTION('ref_axis',(0.707106781186548,-0.707106781186547,0.));
#11064=DIRECTION('center_axis',(-1.,0.,0.));
#11065=DIRECTION('ref_axis',(0.,0.707106781186552,0.707106781186543));
#11066=DIRECTION('center_axis',(1.,0.,5.55111512312578E-16));
#11067=DIRECTION('ref_axis',(0.,1.,0.));
#11068=DIRECTION('',(-1.,0.,0.));
#11069=DIRECTION('center_axis',(-0.408248290463865,-0.40824829046386,-0.816496580927726));
#11070=DIRECTION('ref_axis',(-0.577350269189629,-0.577350269189623,0.577350269189625));
#11071=DIRECTION('center_axis',(-3.48510974716794E-17,-1.,0.));
#11072=DIRECTION('ref_axis',(-0.707106781186549,0.,0.707106781186546));
#11073=DIRECTION('center_axis',(0.,0.,-1.));
#11074=DIRECTION('ref_axis',(-0.707106781186542,0.707106781186553,0.));
#11075=DIRECTION('center_axis',(0.,0.,-1.));
#11076=DIRECTION('ref_axis',(-1.,0.,0.));
#11077=DIRECTION('',(0.,0.,-1.));
#11078=DIRECTION('center_axis',(0.,0.,-1.));
#11079=DIRECTION('ref_axis',(-0.707106781186542,0.707106781186553,0.));
#11080=DIRECTION('',(0.,0.,1.));
#11081=DIRECTION('center_axis',(-0.408248290463865,0.40824829046386,-0.816496580927727));
#11082=DIRECTION('ref_axis',(-0.577350269189628,0.577350269189623,0.577350269189627));
#11083=DIRECTION('center_axis',(3.48510974716794E-17,1.,0.));
#11084=DIRECTION('ref_axis',(-0.707106781186549,0.,0.707106781186546));
#11085=DIRECTION('center_axis',(1.,-3.48510974716794E-17,0.));
#11086=DIRECTION('ref_axis',(-3.48510974716794E-17,-1.,0.));
#11087=DIRECTION('',(-3.48510974716794E-17,-1.,0.));
#11088=DIRECTION('',(0.,0.,1.));
#11089=DIRECTION('',(-3.48510974716794E-17,-1.,0.));
#11090=DIRECTION('center_axis',(-3.48510974716794E-17,-1.,0.));
#11091=DIRECTION('ref_axis',(-0.707106781186548,0.,0.707106781186547));
#11092=DIRECTION('center_axis',(0.,1.,0.));
#11093=DIRECTION('ref_axis',(-1.,0.,0.));
#11094=DIRECTION('center_axis',(-3.48510974716794E-17,-1.,0.));
#11095=DIRECTION('ref_axis',(-0.707106781186548,0.,0.707106781186547));
#11096=DIRECTION('',(-3.48510974716794E-17,-1.,0.));
#11097=DIRECTION('center_axis',(0.,1.,0.));
#11098=DIRECTION('ref_axis',(-1.,0.,0.));
#11099=DIRECTION('center_axis',(1.,-3.48510974716794E-17,0.));
#11100=DIRECTION('ref_axis',(-3.48510974716794E-17,-1.,0.));
#11101=DIRECTION('',(-3.48510974716794E-17,-1.,0.));
#11102=DIRECTION('',(0.,0.,-1.));
#11103=DIRECTION('center_axis',(0.,0.,-1.));
#11104=DIRECTION('ref_axis',(0.707106781186548,0.707106781186548,0.));
#11105=DIRECTION('',(0.,0.,-1.));
#11106=DIRECTION('center_axis',(0.,0.,1.));
#11107=DIRECTION('ref_axis',(0.707106781186548,0.707106781186548,0.));
#11108=DIRECTION('',(0.,0.,1.));
#11109=DIRECTION('center_axis',(0.,1.,0.));
#11110=DIRECTION('ref_axis',(1.,0.,0.));
#11111=DIRECTION('',(1.,0.,0.));
#11112=DIRECTION('center_axis',(0.,0.,-1.));
#11113=DIRECTION('ref_axis',(0.707106781186548,-0.707106781186548,0.));
#11114=DIRECTION('',(0.,0.,-1.));
#11115=DIRECTION('center_axis',(0.,0.,1.));
#11116=DIRECTION('ref_axis',(0.707106781186548,-0.707106781186548,0.));
#11117=DIRECTION('',(0.,0.,1.));
#11118=DIRECTION('center_axis',(1.,0.,0.));
#11119=DIRECTION('ref_axis',(0.,-1.,0.));
#11120=DIRECTION('',(0.,-1.,0.));
#11121=DIRECTION('center_axis',(0.,0.,1.));
#11122=DIRECTION('ref_axis',(1.,0.,0.));
#11123=DIRECTION('center_axis',(1.,-5.5511151231258E-16,0.));
#11124=DIRECTION('ref_axis',(5.5511151231258E-16,1.,0.));
#11125=DIRECTION('center_axis',(0.,0.,-1.));
#11126=DIRECTION('ref_axis',(0.707106781186547,-0.707106781186548,0.));
#11127=DIRECTION('center_axis',(-1.,3.48510974716794E-17,0.));
#11128=DIRECTION('ref_axis',(0.,0.707106781186552,0.707106781186543));
#11129=DIRECTION('center_axis',(1.,0.,0.));
#11130=DIRECTION('ref_axis',(0.,1.,0.));
#11131=DIRECTION('',(-1.,3.48510974716794E-17,0.));
#11132=DIRECTION('center_axis',(0.,0.,1.));
#11133=DIRECTION('ref_axis',(1.,0.,0.));
#11134=DIRECTION('center_axis',(0.,-1.,0.));
#11135=DIRECTION('ref_axis',(1.,0.,0.));
#11136=DIRECTION('center_axis',(0.,0.,-1.));
#11137=DIRECTION('ref_axis',(-0.707106781186547,-0.707106781186547,0.));
#11138=DIRECTION('center_axis',(3.48510974716794E-17,1.,0.));
#11139=DIRECTION('ref_axis',(0.707106781186546,0.,0.707106781186549));
#11140=DIRECTION('center_axis',(0.,-1.,0.));
#11141=DIRECTION('ref_axis',(1.,0.,0.));
#11142=DIRECTION('',(3.48510974716794E-17,1.,0.));
#11143=DIRECTION('center_axis',(0.,0.,1.));
#11144=DIRECTION('ref_axis',(1.,0.,0.));
#11145=DIRECTION('center_axis',(-1.,0.,0.));
#11146=DIRECTION('ref_axis',(0.,-1.,0.));
#11147=DIRECTION('center_axis',(0.,0.,-1.));
#11148=DIRECTION('ref_axis',(-0.707106781186547,0.707106781186547,0.));
#11149=DIRECTION('center_axis',(1.,-3.48510974716794E-17,0.));
#11150=DIRECTION('ref_axis',(0.,-0.707106781186552,0.707106781186543));
#11151=DIRECTION('center_axis',(-1.,-1.38777878078145E-16,0.));
#11152=DIRECTION('ref_axis',(1.38777878078145E-16,-1.,0.));
#11153=DIRECTION('',(1.,-3.48510974716794E-17,0.));
#11154=DIRECTION('center_axis',(0.,0.,1.));
#11155=DIRECTION('ref_axis',(1.,0.,0.));
#11156=DIRECTION('center_axis',(0.,0.,-1.));
#11157=DIRECTION('ref_axis',(0.707106781186547,0.707106781186548,0.));
#11158=DIRECTION('center_axis',(0.,0.,-1.));
#11159=DIRECTION('ref_axis',(0.707106781186548,0.707106781186547,0.));
#11160=DIRECTION('',(0.,0.,-1.));
#11161=DIRECTION('center_axis',(0.,0.,1.));
#11162=DIRECTION('ref_axis',(0.707106781186548,0.707106781186547,0.));
#11163=DIRECTION('center_axis',(3.48510974716794E-17,1.,0.));
#11164=DIRECTION('ref_axis',(1.,-3.48510974716794E-17,0.));
#11165=DIRECTION('',(0.,0.,1.));
#11166=DIRECTION('',(1.,-3.48510974716794E-17,0.));
#11167=DIRECTION('center_axis',(0.,0.,-1.));
#11168=DIRECTION('ref_axis',(-0.707106781186547,0.707106781186547,0.));
#11169=DIRECTION('',(0.,0.,-1.));
#11170=DIRECTION('center_axis',(0.,0.,1.));
#11171=DIRECTION('ref_axis',(-0.707106781186547,0.707106781186547,0.));
#11172=DIRECTION('center_axis',(-1.,3.48510974716794E-17,0.));
#11173=DIRECTION('ref_axis',(3.48510974716794E-17,1.,0.));
#11174=DIRECTION('',(0.,0.,1.));
#11175=DIRECTION('',(3.48510974716794E-17,1.,0.));
#11176=DIRECTION('center_axis',(0.,0.,-1.));
#11177=DIRECTION('ref_axis',(-0.707106781186547,-0.707106781186547,0.));
#11178=DIRECTION('',(0.,0.,-1.));
#11179=DIRECTION('center_axis',(0.,0.,1.));
#11180=DIRECTION('ref_axis',(-0.707106781186547,-0.707106781186547,0.));
#11181=DIRECTION('center_axis',(-3.48510974716794E-17,-1.,0.));
#11182=DIRECTION('ref_axis',(-1.,3.48510974716794E-17,0.));
#11183=DIRECTION('',(0.,0.,1.));
#11184=DIRECTION('',(-1.,3.48510974716794E-17,0.));
#11185=DIRECTION('center_axis',(0.,0.,-1.));
#11186=DIRECTION('ref_axis',(0.707106781186547,-0.707106781186548,0.));
#11187=DIRECTION('center_axis',(0.,0.,1.));
#11188=DIRECTION('ref_axis',(0.707106781186547,-0.707106781186548,0.));
#11189=DIRECTION('center_axis',(0.,-1.,0.));
#11190=DIRECTION('ref_axis',(-1.,0.,0.));
#11191=DIRECTION('',(-1.,0.,0.));
#11192=DIRECTION('center_axis',(0.,0.,-1.));
#11193=DIRECTION('ref_axis',(-1.,0.,0.));
#11194=DIRECTION('center_axis',(0.,0.,-1.));
#11195=DIRECTION('ref_axis',(1.,0.,0.));
#11196=DIRECTION('center_axis',(0.,0.,-1.));
#11197=DIRECTION('ref_axis',(1.,0.,0.));
#11198=DIRECTION('center_axis',(0.,0.,-1.));
#11199=DIRECTION('ref_axis',(1.,0.,0.));
#11200=DIRECTION('center_axis',(0.,0.,-1.));
#11201=DIRECTION('ref_axis',(1.,0.,0.));
#11202=DIRECTION('center_axis',(0.,0.,1.));
#11203=DIRECTION('ref_axis',(1.,0.,0.));
#11204=DIRECTION('center_axis',(1.,0.,0.));
#11205=DIRECTION('ref_axis',(0.,-1.,0.));
#11206=DIRECTION('center_axis',(0.,-1.,0.));
#11207=DIRECTION('ref_axis',(0.,0.,-1.));
#11208=DIRECTION('center_axis',(0.,0.,-1.));
#11209=DIRECTION('ref_axis',(0.707106781186547,-0.707106781186548,0.));
#11210=DIRECTION('center_axis',(0.,-1.,0.));
#11211=DIRECTION('ref_axis',(0.707106781186546,0.,-0.707106781186549));
#11212=DIRECTION('center_axis',(0.,-1.,0.));
#11213=DIRECTION('ref_axis',(0.,0.,-1.));
#11214=DIRECTION('center_axis',(0.,0.,1.));
#11215=DIRECTION('ref_axis',(1.,0.,0.));
#11216=DIRECTION('center_axis',(1.,0.,0.));
#11217=DIRECTION('ref_axis',(0.,0.,-1.));
#11218=DIRECTION('center_axis',(0.,0.,-1.));
#11219=DIRECTION('ref_axis',(0.707106781186547,0.707106781186548,0.));
#11220=DIRECTION('center_axis',(1.,0.,0.));
#11221=DIRECTION('ref_axis',(0.,0.707106781186549,-0.707106781186546));
#11222=DIRECTION('center_axis',(1.,0.,0.));
#11223=DIRECTION('ref_axis',(0.,0.,-1.));
#11224=DIRECTION('center_axis',(0.,0.,1.));
#11225=DIRECTION('ref_axis',(1.,0.,0.));
#11226=DIRECTION('center_axis',(-5.5511151231258E-16,1.,0.));
#11227=DIRECTION('ref_axis',(0.,0.,-1.));
#11228=DIRECTION('center_axis',(0.,0.,-1.));
#11229=DIRECTION('ref_axis',(-0.707106781186548,0.707106781186547,0.));
#11230=DIRECTION('center_axis',(0.,-1.,0.));
#11231=DIRECTION('ref_axis',(-0.707106781186546,0.,-0.707106781186549));
#11232=DIRECTION('center_axis',(0.,1.,0.));
#11233=DIRECTION('ref_axis',(0.,0.,-1.));
#11234=DIRECTION('',(0.,1.,0.));
#11235=DIRECTION('center_axis',(0.,0.,1.));
#11236=DIRECTION('ref_axis',(1.,0.,0.));
#11237=DIRECTION('center_axis',(-1.,0.,0.));
#11238=DIRECTION('ref_axis',(0.,0.,-1.));
#11239=DIRECTION('center_axis',(0.,0.,-1.));
#11240=DIRECTION('ref_axis',(-0.707106781186547,-0.707106781186547,0.));
#11241=DIRECTION('center_axis',(-1.,0.,0.));
#11242=DIRECTION('ref_axis',(0.,-0.70710678118654,-0.707106781186555));
#11243=DIRECTION('',(-1.,0.,0.));
#11244=DIRECTION('center_axis',(-1.,0.,0.));
#11245=DIRECTION('ref_axis',(0.,0.,1.));
#11246=DIRECTION('',(0.,0.,-1.));
#11247=DIRECTION('',(0.,-1.,0.));
#11248=DIRECTION('',(0.,0.,-1.));
#11249=DIRECTION('center_axis',(1.,0.,0.));
#11250=DIRECTION('ref_axis',(0.,-0.707106781186547,0.707106781186548));
#11251=DIRECTION('',(0.,-1.,0.));
#11252=DIRECTION('center_axis',(1.,0.,0.));
#11253=DIRECTION('ref_axis',(0.,0.707106781186547,0.707106781186548));
#11254=DIRECTION('',(0.,0.,-1.));
#11255=DIRECTION('',(0.,-1.,0.));
#11256=DIRECTION('',(0.,0.,1.));
#11257=DIRECTION('center_axis',(0.,0.,1.));
#11258=DIRECTION('ref_axis',(-0.707106781186548,-0.707106781186548,0.));
#11259=DIRECTION('',(0.,0.,1.));
#11260=DIRECTION('center_axis',(0.,0.,1.));
#11261=DIRECTION('ref_axis',(-0.707106781186548,-0.707106781186548,0.));
#11262=DIRECTION('center_axis',(0.,1.,0.));
#11263=DIRECTION('ref_axis',(0.,0.,1.));
#11264=DIRECTION('',(0.,0.,-1.));
#11265=DIRECTION('',(1.,0.,0.));
#11266=DIRECTION('center_axis',(0.,-1.,0.));
#11267=DIRECTION('ref_axis',(0.707106781186548,0.,0.707106781186548));
#11268=DIRECTION('',(0.,0.,1.));
#11269=DIRECTION('center_axis',(0.,-1.,0.));
#11270=DIRECTION('ref_axis',(0.707106781186547,0.,-0.707106781186548));
#11271=DIRECTION('',(1.,0.,0.));
#11272=DIRECTION('center_axis',(0.,-1.,0.));
#11273=DIRECTION('ref_axis',(-0.707106781186547,0.,-0.707106781186547));
#11274=DIRECTION('',(0.,0.,-1.));
#11275=DIRECTION('center_axis',(0.,-1.,0.));
#11276=DIRECTION('ref_axis',(-0.707106781186548,0.,0.707106781186547));
#11277=DIRECTION('',(1.,0.,0.));
#11278=DIRECTION('',(0.,0.,-1.));
#11279=DIRECTION('center_axis',(0.,1.,0.));
#11280=DIRECTION('ref_axis',(0.707106781186547,0.,0.707106781186548));
#11281=DIRECTION('',(1.,0.,0.));
#11282=DIRECTION('center_axis',(0.,1.,0.));
#11283=DIRECTION('ref_axis',(-0.707106781186548,0.,0.707106781186548));
#11284=DIRECTION('',(0.,0.,1.));
#11285=DIRECTION('',(1.,0.,0.));
#11286=DIRECTION('center_axis',(0.,0.,-1.));
#11287=DIRECTION('ref_axis',(0.707106781186548,-0.707106781186548,0.));
#11288=DIRECTION('center_axis',(0.,0.,1.));
#11289=DIRECTION('ref_axis',(0.707106781186547,-0.707106781186548,0.));
#11290=DIRECTION('center_axis',(1.,0.,0.));
#11291=DIRECTION('ref_axis',(0.,-0.707106781186546,0.707106781186549));
#11292=DIRECTION('',(-1.,0.,0.));
#11293=DIRECTION('center_axis',(1.,0.,0.));
#11294=DIRECTION('ref_axis',(0.,0.,1.));
#11295=DIRECTION('center_axis',(1.,0.,0.));
#11296=DIRECTION('ref_axis',(0.,-0.707106781186546,0.707106781186549));
#11297=DIRECTION('center_axis',(0.,0.,-1.));
#11298=DIRECTION('ref_axis',(-1.,0.,0.));
#11299=DIRECTION('center_axis',(0.,-1.,0.));
#11300=DIRECTION('ref_axis',(0.,0.,1.));
#11301=DIRECTION('center_axis',(0.,0.,-1.));
#11302=DIRECTION('ref_axis',(-0.707106781186548,-0.707106781186548,0.));
#11303=DIRECTION('center_axis',(0.,1.,0.));
#11304=DIRECTION('ref_axis',(-0.707106781186546,0.,0.707106781186549));
#11305=DIRECTION('center_axis',(0.,1.,0.));
#11306=DIRECTION('ref_axis',(-0.707106781186546,0.,0.707106781186549));
#11307=DIRECTION('',(0.,1.,0.));
#11308=DIRECTION('center_axis',(0.,0.,-1.));
#11309=DIRECTION('ref_axis',(-1.,0.,0.));
#11310=DIRECTION('center_axis',(0.,0.,-1.));
#11311=DIRECTION('ref_axis',(-0.707106781186544,0.707106781186551,0.));
#11312=DIRECTION('',(1.,0.,0.));
#11313=DIRECTION('center_axis',(0.,0.,-1.));
#11314=DIRECTION('ref_axis',(0.707106781186542,0.707106781186553,0.));
#11315=DIRECTION('',(-1.,0.,0.));
#11316=DIRECTION('center_axis',(0.,0.,-1.));
#11317=DIRECTION('ref_axis',(0.707106781186547,-0.707106781186548,0.));
#11318=DIRECTION('',(0.,-1.,0.));
#11319=DIRECTION('center_axis',(0.,0.,-1.));
#11320=DIRECTION('ref_axis',(-0.707106781186554,-0.707106781186541,0.));
#11321=DIRECTION('',(0.,1.,0.));
#11322=DIRECTION('center_axis',(0.,0.,-1.));
#11323=DIRECTION('ref_axis',(-0.707106781186548,0.707106781186548,0.));
#11324=DIRECTION('',(0.,-1.,0.));
#11325=DIRECTION('center_axis',(0.,0.,-1.));
#11326=DIRECTION('ref_axis',(0.707106781186547,0.707106781186548,0.));
#11327=DIRECTION('',(1.,0.,0.));
#11328=DIRECTION('center_axis',(0.,0.,-1.));
#11329=DIRECTION('ref_axis',(0.707106781186547,-0.707106781186548,0.));
#11330=DIRECTION('',(-1.,0.,0.));
#11331=DIRECTION('center_axis',(0.,0.,-1.));
#11332=DIRECTION('ref_axis',(-0.707106781186549,-0.707106781186546,0.));
#11333=DIRECTION('',(1.,0.,0.));
#11334=DIRECTION('center_axis',(0.,0.,-1.));
#11335=DIRECTION('ref_axis',(-0.707106781186548,0.707106781186547,0.));
#11336=DIRECTION('',(0.,1.,0.));
#11337=DIRECTION('center_axis',(0.,0.,-1.));
#11338=DIRECTION('ref_axis',(0.707106781186548,0.707106781186548,0.));
#11339=DIRECTION('',(0.,-1.,0.));
#11340=DIRECTION('center_axis',(0.,0.,-1.));
#11341=DIRECTION('ref_axis',(0.707106781186554,-0.707106781186541,0.));
#11342=DIRECTION('',(2.22044604925031E-16,-1.,0.));
#11343=DIRECTION('center_axis',(0.,0.,1.));
#11344=DIRECTION('ref_axis',(-0.707106781186548,0.707106781186547,0.));
#11345=DIRECTION('',(-1.,-2.22044604925031E-16,0.));
#11346=DIRECTION('center_axis',(0.,0.,1.));
#11347=DIRECTION('ref_axis',(0.707106781186547,0.707106781186548,0.));
#11348=DIRECTION('',(-2.22044604925031E-16,1.,0.));
#11349=DIRECTION('center_axis',(0.,0.,1.));
#11350=DIRECTION('ref_axis',(0.707106781186547,-0.707106781186547,0.));
#11351=DIRECTION('',(1.,2.22044604925031E-16,0.));
#11352=DIRECTION('center_axis',(0.,0.,1.));
#11353=DIRECTION('ref_axis',(-0.707106781186548,-0.707106781186548,0.));
#11354=DIRECTION('center_axis',(1.,0.,0.));
#11355=DIRECTION('ref_axis',(0.,-0.707106781186546,0.707106781186549));
#11356=DIRECTION('center_axis',(-1.,0.,0.));
#11357=DIRECTION('ref_axis',(0.,-1.,0.));
#11358=DIRECTION('center_axis',(-1.,0.,0.));
#11359=DIRECTION('ref_axis',(0.,-0.707106781186546,0.707106781186549));
#11360=DIRECTION('',(1.,0.,0.));
#11361=DIRECTION('center_axis',(0.,0.,-1.));
#11362=DIRECTION('ref_axis',(-1.,0.,0.));
#11363=DIRECTION('center_axis',(0.,-1.,0.));
#11364=DIRECTION('ref_axis',(1.,0.,0.));
#11365=DIRECTION('center_axis',(0.,1.,0.));
#11366=DIRECTION('ref_axis',(0.707106781186546,0.,0.707106781186549));
#11367=DIRECTION('center_axis',(0.,1.,0.));
#11368=DIRECTION('ref_axis',(0.707106781186546,0.,0.707106781186549));
#11369=DIRECTION('center_axis',(0.,1.,0.));
#11370=DIRECTION('ref_axis',(0.,0.,1.));
#11371=DIRECTION('center_axis',(-1.,0.,0.));
#11372=DIRECTION('ref_axis',(0.,0.,-1.));
#11373=DIRECTION('center_axis',(0.,1.,0.));
#11374=DIRECTION('ref_axis',(0.707106781186548,0.,0.707106781186548));
#11375=DIRECTION('center_axis',(0.,0.,1.));
#11376=DIRECTION('ref_axis',(-1.,0.,0.));
#11377=DIRECTION('center_axis',(1.,0.,0.));
#11378=DIRECTION('ref_axis',(0.,-0.707106781186579,-0.707106781186516));
#11379=DIRECTION('center_axis',(-1.,0.,0.));
#11380=DIRECTION('ref_axis',(0.,0.,-1.));
#11381=DIRECTION('',(1.,0.,0.));
#11382=DIRECTION('center_axis',(0.,1.,0.));
#11383=DIRECTION('ref_axis',(0.,0.,1.));
#11384=DIRECTION('center_axis',(0.,0.,-1.));
#11385=DIRECTION('ref_axis',(1.,0.,0.));
#11386=DIRECTION('center_axis',(0.,1.,0.));
#11387=DIRECTION('ref_axis',(-0.707106781186548,0.,0.707106781186547));
#11388=DIRECTION('center_axis',(0.,1.,0.));
#11389=DIRECTION('ref_axis',(0.707106781186546,0.,0.707106781186549));
#11390=DIRECTION('center_axis',(0.,-1.,0.));
#11391=DIRECTION('ref_axis',(0.707106781186546,0.,0.707106781186549));
#11392=DIRECTION('center_axis',(0.,-1.,0.));
#11393=DIRECTION('ref_axis',(1.,0.,0.));
#11394=DIRECTION('center_axis',(0.,0.,-1.));
#11395=DIRECTION('ref_axis',(-1.,0.,0.));
#11396=DIRECTION('center_axis',(1.,-2.22044604925031E-15,0.));
#11397=DIRECTION('ref_axis',(2.22044604925031E-15,1.,0.));
#11398=DIRECTION('center_axis',(0.,0.,1.));
#11399=DIRECTION('ref_axis',(0.707106781186547,0.707106781186548,0.));
#11400=DIRECTION('center_axis',(-1.,0.,0.));
#11401=DIRECTION('ref_axis',(0.,0.707106781186547,0.707106781186548));
#11402=DIRECTION('center_axis',(-1.,0.,0.));
#11403=DIRECTION('ref_axis',(0.,0.707106781186547,0.707106781186548));
#11404=DIRECTION('center_axis',(0.,0.,1.));
#11405=DIRECTION('ref_axis',(0.707106781186548,0.707106781186548,0.));
#11406=DIRECTION('center_axis',(-1.,0.,0.));
#11407=DIRECTION('ref_axis',(0.,0.707106781186547,0.707106781186548));
#11408=DIRECTION('center_axis',(1.,0.,0.));
#11409=DIRECTION('ref_axis',(0.,0.707106781186547,0.707106781186548));
#11410=DIRECTION('center_axis',(1.,0.,0.));
#11411=DIRECTION('ref_axis',(0.,1.,0.));
#11412=DIRECTION('center_axis',(0.,0.,-1.));
#11413=DIRECTION('ref_axis',(-1.,0.,0.));
#11414=DIRECTION('center_axis',(2.77555756156289E-16,1.,0.));
#11415=DIRECTION('ref_axis',(-1.,2.77555756156289E-16,0.));
#11416=DIRECTION('center_axis',(0.,0.,1.));
#11417=DIRECTION('ref_axis',(-0.707106781186548,0.707106781186547,0.));
#11418=DIRECTION('center_axis',(0.,1.,0.));
#11419=DIRECTION('ref_axis',(-0.707106781186546,0.,0.707106781186549));
#11420=DIRECTION('center_axis',(0.,-1.,0.));
#11421=DIRECTION('ref_axis',(-0.707106781186546,0.,0.707106781186549));
#11422=DIRECTION('center_axis',(0.,0.,-1.));
#11423=DIRECTION('ref_axis',(-0.707106781186548,0.707106781186548,0.));
#11424=DIRECTION('center_axis',(2.22044604925031E-16,-1.,0.));
#11425=DIRECTION('ref_axis',(0.707106781186546,0.,0.707106781186549));
#11426=DIRECTION('center_axis',(-5.55111512312578E-16,-1.,0.));
#11427=DIRECTION('ref_axis',(1.,-5.55111512312578E-16,0.));
#11428=DIRECTION('center_axis',(0.,1.,0.));
#11429=DIRECTION('ref_axis',(0.,0.,1.));
#11430=DIRECTION('center_axis',(0.,0.,1.));
#11431=DIRECTION('ref_axis',(1.,0.,0.));
#11432=DIRECTION('center_axis',(-1.,0.,0.));
#11433=DIRECTION('ref_axis',(0.,0.,1.));
#11434=DIRECTION('center_axis',(1.,2.22044604925031E-16,0.));
#11435=DIRECTION('ref_axis',(0.,0.707106781186552,0.707106781186543));
#11436=DIRECTION('center_axis',(-1.,0.,0.));
#11437=DIRECTION('ref_axis',(0.,0.,1.));
#11438=DIRECTION('',(-1.,-2.22044604925031E-16,0.));
#11439=DIRECTION('center_axis',(0.,0.,1.));
#11440=DIRECTION('ref_axis',(1.,0.,0.));
#11441=DIRECTION('center_axis',(0.,-1.,0.));
#11442=DIRECTION('ref_axis',(0.,0.,1.));
#11443=DIRECTION('center_axis',(-2.22044604925031E-16,1.,0.));
#11444=DIRECTION('ref_axis',(-0.707106781186547,0.,0.707106781186547));
#11445=DIRECTION('center_axis',(-1.11022302462516E-15,-1.,0.));
#11446=DIRECTION('ref_axis',(0.,0.,1.));
#11447=DIRECTION('center_axis',(0.,0.,1.));
#11448=DIRECTION('ref_axis',(1.,0.,0.));
#11449=DIRECTION('center_axis',(1.,0.,0.));
#11450=DIRECTION('ref_axis',(0.,0.,1.));
#11451=DIRECTION('center_axis',(-1.,-2.22044604925031E-16,0.));
#11452=DIRECTION('ref_axis',(0.,-0.707106781186547,0.707106781186548));
#11453=DIRECTION('center_axis',(1.,0.,0.));
#11454=DIRECTION('ref_axis',(0.,0.,1.));
#11455=DIRECTION('center_axis',(0.,0.,1.));
#11456=DIRECTION('ref_axis',(1.,0.,0.));
#11457=DIRECTION('center_axis',(-2.22044604925031E-16,1.,0.));
#11458=DIRECTION('ref_axis',(0.,0.,1.));
#11459=DIRECTION('center_axis',(-1.,0.,0.));
#11460=DIRECTION('ref_axis',(0.,1.,0.));
#11461=DIRECTION('center_axis',(2.22044604925031E-16,-1.,0.));
#11462=DIRECTION('ref_axis',(-0.707106781186548,-1.66533453693774E-16,0.707106781186547));
#11463=DIRECTION('center_axis',(0.,0.,1.));
#11464=DIRECTION('ref_axis',(1.,0.,0.));
#11465=DIRECTION('center_axis',(-1.,-2.22044604925031E-16,0.));
#11466=DIRECTION('ref_axis',(0.,0.707106781186554,-0.707106781186541));
#11467=DIRECTION('center_axis',(-1.,0.,0.));
#11468=DIRECTION('ref_axis',(0.,1.,0.));
#11469=DIRECTION('',(-1.,-2.22044604925031E-16,0.));
#11470=DIRECTION('center_axis',(-2.22044604925031E-16,1.,0.));
#11471=DIRECTION('ref_axis',(0.,0.,1.));
#11472=DIRECTION('center_axis',(0.,0.,1.));
#11473=DIRECTION('ref_axis',(0.,1.,0.));
#11474=DIRECTION('center_axis',(2.22044604925031E-16,-1.,0.));
#11475=DIRECTION('ref_axis',(0.707106781186548,1.66533453693774E-16,0.707106781186547));
#11476=DIRECTION('center_axis',(0.,0.,1.));
#11477=DIRECTION('ref_axis',(-0.707106781186541,0.707106781186554,0.));
#11478=DIRECTION('center_axis',(0.,0.,1.));
#11479=DIRECTION('ref_axis',(0.,1.,0.));
#11480=DIRECTION('',(0.,0.,1.));
#11481=DIRECTION('center_axis',(-2.22044604925031E-16,1.,0.));
#11482=DIRECTION('ref_axis',(0.,0.,1.));
#11483=DIRECTION('center_axis',(1.,0.,0.));
#11484=DIRECTION('ref_axis',(0.,1.,0.));
#11485=DIRECTION('center_axis',(2.22044604925031E-16,-1.,0.));
#11486=DIRECTION('ref_axis',(0.707106781186547,1.66533453693774E-16,-0.707106781186548));
#11487=DIRECTION('center_axis',(1.,2.22044604925031E-16,0.));
#11488=DIRECTION('ref_axis',(0.,0.707106781186551,0.707106781186544));
#11489=DIRECTION('center_axis',(1.,0.,0.));
#11490=DIRECTION('ref_axis',(0.,1.,0.));
#11491=DIRECTION('',(1.,2.22044604925031E-16,0.));
#11492=DIRECTION('center_axis',(-2.22044604925031E-16,1.,0.));
#11493=DIRECTION('ref_axis',(0.,0.,1.));
#11494=DIRECTION('center_axis',(0.,0.,-1.));
#11495=DIRECTION('ref_axis',(0.,1.,0.));
#11496=DIRECTION('center_axis',(2.22044604925031E-16,-1.,0.));
#11497=DIRECTION('ref_axis',(-0.707106781186547,-1.66533453693773E-16,-0.707106781186548));
#11498=DIRECTION('center_axis',(0.,0.,-1.));
#11499=DIRECTION('ref_axis',(0.707106781186544,0.707106781186551,0.));
#11500=DIRECTION('',(0.,0.,-1.));
#11501=DIRECTION('center_axis',(0.,0.,-1.));
#11502=DIRECTION('ref_axis',(1.,0.,0.));
#11503=DIRECTION('',(0.,-1.,0.));
#11504=DIRECTION('',(-1.,0.,0.));
#11505=DIRECTION('',(0.,-1.,0.));
#11506=DIRECTION('center_axis',(0.,-1.,0.));
#11507=DIRECTION('ref_axis',(-0.707106781186546,0.,-0.707106781186549));
#11508=DIRECTION('',(0.,-1.,0.));
#11509=DIRECTION('center_axis',(0.,1.,0.));
#11510=DIRECTION('ref_axis',(-0.707106781186548,0.,-0.707106781186548));
#11511=DIRECTION('center_axis',(-1.,0.,0.));
#11512=DIRECTION('ref_axis',(0.,0.,-1.));
#11513=DIRECTION('',(0.,-1.,0.));
#11514=DIRECTION('',(0.,0.,1.));
#11515=DIRECTION('center_axis',(0.,-1.,0.));
#11516=DIRECTION('ref_axis',(-0.707106781186548,0.,0.707106781186548));
#11517=DIRECTION('',(0.,-1.,0.));
#11518=DIRECTION('center_axis',(0.,0.,1.));
#11519=DIRECTION('ref_axis',(0.707106781186519,-0.707106781186576,0.));
#11520=DIRECTION('center_axis',(0.,0.,1.));
#11521=DIRECTION('ref_axis',(0.,-1.,0.));
#11522=DIRECTION('center_axis',(0.,0.,-1.));
#11523=DIRECTION('ref_axis',(-0.707106781186516,-0.707106781186579,0.));
#11524=DIRECTION('center_axis',(0.,0.,1.));
#11525=DIRECTION('ref_axis',(-1.,0.,0.));
#11526=DIRECTION('',(0.,0.,-1.));
#11527=DIRECTION('center_axis',(0.,1.,0.));
#11528=DIRECTION('ref_axis',(0.,0.,1.));
#11529=DIRECTION('center_axis',(1.,0.,0.));
#11530=DIRECTION('ref_axis',(0.,0.,1.));
#11531=DIRECTION('center_axis',(0.,1.,0.));
#11532=DIRECTION('ref_axis',(0.707106781186547,0.,-0.707106781186548));
#11533=DIRECTION('center_axis',(-1.,0.,0.));
#11534=DIRECTION('ref_axis',(0.,-0.707106781186576,0.707106781186519));
#11535=DIRECTION('center_axis',(1.,0.,0.));
#11536=DIRECTION('ref_axis',(0.,0.,1.));
#11537=DIRECTION('center_axis',(0.,1.,0.));
#11538=DIRECTION('ref_axis',(0.,0.,1.));
#11539=DIRECTION('center_axis',(0.,-1.,0.));
#11540=DIRECTION('ref_axis',(0.707106781186548,0.,0.707106781186548));
#11541=DIRECTION('',(0.,-1.,0.));
#11542=DIRECTION('',(0.,-1.,0.));
#11543=DIRECTION('center_axis',(0.,0.,1.));
#11544=DIRECTION('ref_axis',(-1.,0.,0.));
#11545=DIRECTION('center_axis',(0.,0.,1.));
#11546=DIRECTION('ref_axis',(-0.707106781186544,0.707106781186551,0.));
#11547=DIRECTION('center_axis',(0.,0.,-1.));
#11548=DIRECTION('ref_axis',(-1.,0.,0.));
#11549=DIRECTION('',(0.,0.,-1.));
#11550=DIRECTION('',(0.,0.,1.));
#11551=DIRECTION('center_axis',(0.,-1.,0.));
#11552=DIRECTION('ref_axis',(0.,0.,-1.));
#11553=DIRECTION('center_axis',(-1.,0.,0.));
#11554=DIRECTION('ref_axis',(0.,0.,1.));
#11555=DIRECTION('center_axis',(0.,-1.,0.));
#11556=DIRECTION('ref_axis',(-0.707106781186548,0.,0.707106781186548));
#11557=DIRECTION('center_axis',(0.,1.,0.));
#11558=DIRECTION('ref_axis',(-0.707106781186548,0.,0.707106781186548));
#11559=DIRECTION('center_axis',(1.,0.,0.));
#11560=DIRECTION('ref_axis',(0.,0.707106781186551,0.707106781186544));
#11561=DIRECTION('center_axis',(-1.,0.,0.));
#11562=DIRECTION('ref_axis',(0.,0.,1.));
#11563=DIRECTION('',(-1.,0.,0.));
#11564=DIRECTION('',(1.,0.,0.));
#11565=DIRECTION('center_axis',(0.,-1.,0.));
#11566=DIRECTION('ref_axis',(0.,0.,-1.));
#11567=DIRECTION('center_axis',(0.,0.,1.));
#11568=DIRECTION('ref_axis',(1.,0.,0.));
#11569=DIRECTION('center_axis',(0.,-1.,0.));
#11570=DIRECTION('ref_axis',(0.707106781186547,0.,0.707106781186548));
#11571=DIRECTION('center_axis',(0.,1.,0.));
#11572=DIRECTION('ref_axis',(0.707106781186547,0.,0.707106781186548));
#11573=DIRECTION('center_axis',(0.,0.,-1.));
#11574=DIRECTION('ref_axis',(0.707106781186542,0.707106781186553,0.));
#11575=DIRECTION('',(0.,0.,1.));
#11576=DIRECTION('',(0.,0.,-1.));
#11577=DIRECTION('center_axis',(1.,0.,0.));
#11578=DIRECTION('ref_axis',(0.,0.,-1.));
#11579=DIRECTION('',(0.,1.,0.));
#11580=DIRECTION('',(0.,0.,1.));
#11581=DIRECTION('center_axis',(0.,1.,0.));
#11582=DIRECTION('ref_axis',(0.707106781186548,0.,0.707106781186548));
#11583=DIRECTION('',(0.,-1.,0.));
#11584=DIRECTION('center_axis',(0.,-1.,0.));
#11585=DIRECTION('ref_axis',(0.707106781186547,0.,0.707106781186548));
#11586=DIRECTION('center_axis',(0.,0.,1.));
#11587=DIRECTION('ref_axis',(0.,1.,0.));
#11588=DIRECTION('',(0.,1.,0.));
#11589=DIRECTION('',(-1.,0.,0.));
#11590=DIRECTION('center_axis',(0.,-1.,0.));
#11591=DIRECTION('ref_axis',(-0.707106781186548,0.,0.707106781186548));
#11592=DIRECTION('',(0.,-1.,0.));
#11593=DIRECTION('center_axis',(0.,-1.,0.));
#11594=DIRECTION('ref_axis',(-0.707106781186548,0.,0.707106781186548));
#11595=DIRECTION('center_axis',(1.,0.,0.));
#11596=DIRECTION('ref_axis',(0.,0.,-1.));
#11597=DIRECTION('',(0.,0.,-1.));
#11598=DIRECTION('center_axis',(0.,0.,1.));
#11599=DIRECTION('ref_axis',(-0.707106781186557,-0.707106781186538,0.));
#11600=DIRECTION('center_axis',(0.,0.,-1.));
#11601=DIRECTION('ref_axis',(0.,-1.,0.));
#11602=DIRECTION('center_axis',(0.,1.,0.));
#11603=DIRECTION('ref_axis',(0.,0.,1.));
#11604=DIRECTION('center_axis',(-1.,0.,0.));
#11605=DIRECTION('ref_axis',(0.,-1.,0.));
#11606=DIRECTION('center_axis',(1.,0.,0.));
#11607=DIRECTION('ref_axis',(0.,-0.707106781186541,0.707106781186554));
#11608=DIRECTION('center_axis',(-1.,0.,0.));
#11609=DIRECTION('ref_axis',(0.,-1.,0.));
#11610=DIRECTION('center_axis',(0.,1.,0.));
#11611=DIRECTION('ref_axis',(0.,0.,1.));
#11612=DIRECTION('center_axis',(0.,0.,1.));
#11613=DIRECTION('ref_axis',(0.,-1.,0.));
#11614=DIRECTION('center_axis',(0.,0.,-1.));
#11615=DIRECTION('ref_axis',(0.707106781186555,-0.70710678118654,0.));
#11616=DIRECTION('center_axis',(0.,0.,1.));
#11617=DIRECTION('ref_axis',(0.,1.,0.));
#11618=DIRECTION('center_axis',(0.,0.,1.));
#11619=DIRECTION('ref_axis',(0.707106781186554,-0.707106781186541,0.));
#11620=DIRECTION('center_axis',(0.,0.,-1.));
#11621=DIRECTION('ref_axis',(1.,0.,0.));
#11622=DIRECTION('',(0.,0.,-1.));
#11623=DIRECTION('center_axis',(-1.,0.,0.));
#11624=DIRECTION('ref_axis',(0.,0.,1.));
#11625=DIRECTION('center_axis',(0.,-1.,0.));
#11626=DIRECTION('ref_axis',(1.,0.,0.));
#11627=DIRECTION('center_axis',(1.,0.,0.));
#11628=DIRECTION('ref_axis',(0.,-0.707106781186547,0.707106781186548));
#11629=DIRECTION('center_axis',(0.,1.,0.));
#11630=DIRECTION('ref_axis',(0.707106781186548,0.,0.707106781186548));
#11631=DIRECTION('center_axis',(0.,-1.,0.));
#11632=DIRECTION('ref_axis',(1.,0.,0.));
#11633=DIRECTION('',(0.,-1.,0.));
#11634=DIRECTION('center_axis',(-1.,0.,0.));
#11635=DIRECTION('ref_axis',(0.,0.,1.));
#11636=DIRECTION('center_axis',(0.,0.,1.));
#11637=DIRECTION('ref_axis',(1.,0.,0.));
#11638=DIRECTION('center_axis',(1.,0.,0.));
#11639=DIRECTION('ref_axis',(0.,0.707106781186547,0.707106781186548));
#11640=DIRECTION('center_axis',(0.,0.,-1.));
#11641=DIRECTION('ref_axis',(0.707106781186548,0.707106781186548,0.));
#11642=DIRECTION('',(0.,0.,1.));
#11643=DIRECTION('center_axis',(0.,0.,1.));
#11644=DIRECTION('ref_axis',(-0.707106781186554,-0.707106781186541,0.));
#11645=DIRECTION('center_axis',(0.,0.,-1.));
#11646=DIRECTION('ref_axis',(0.,-1.,0.));
#11647=DIRECTION('',(0.,0.,-1.));
#11648=DIRECTION('',(0.,0.,1.));
#11649=DIRECTION('center_axis',(1.,0.,0.));
#11650=DIRECTION('ref_axis',(0.,0.,-1.));
#11651=DIRECTION('center_axis',(0.,-1.,0.));
#11652=DIRECTION('ref_axis',(0.,0.,1.));
#11653=DIRECTION('center_axis',(1.,0.,0.));
#11654=DIRECTION('ref_axis',(0.,-0.707106781186547,0.707106781186548));
#11655=DIRECTION('center_axis',(-1.,0.,0.));
#11656=DIRECTION('ref_axis',(0.,-0.707106781186547,0.707106781186548));
#11657=DIRECTION('center_axis',(0.,1.,0.));
#11658=DIRECTION('ref_axis',(-0.707106781186544,0.,0.707106781186551));
#11659=DIRECTION('center_axis',(0.,-1.,0.));
#11660=DIRECTION('ref_axis',(0.,0.,1.));
#11661=DIRECTION('',(0.,-1.,0.));
#11662=DIRECTION('',(0.,1.,0.));
#11663=DIRECTION('center_axis',(1.,0.,0.));
#11664=DIRECTION('ref_axis',(0.,0.,-1.));
#11665=DIRECTION('center_axis',(0.,0.,1.));
#11666=DIRECTION('ref_axis',(0.,1.,0.));
#11667=DIRECTION('center_axis',(1.,0.,0.));
#11668=DIRECTION('ref_axis',(0.,0.707106781186547,0.707106781186548));
#11669=DIRECTION('center_axis',(-1.,0.,0.));
#11670=DIRECTION('ref_axis',(0.,0.707106781186547,0.707106781186548));
#11671=DIRECTION('center_axis',(0.,0.,-1.));
#11672=DIRECTION('ref_axis',(-0.707106781186548,0.707106781186548,0.));
#11673=DIRECTION('',(0.,0.,1.));
#11674=DIRECTION('',(0.,0.,-1.));
#11675=DIRECTION('center_axis',(0.,-1.,0.));
#11676=DIRECTION('ref_axis',(0.,0.,1.));
#11677=DIRECTION('',(-1.,0.,0.));
#11678=DIRECTION('center_axis',(-1.,0.,0.));
#11679=DIRECTION('ref_axis',(0.,0.707106781186548,0.707106781186548));
#11680=DIRECTION('',(1.,0.,0.));
#11681=DIRECTION('center_axis',(0.,0.,1.));
#11682=DIRECTION('ref_axis',(0.,1.,0.));
#11683=DIRECTION('',(-1.,0.,0.));
#11684=DIRECTION('center_axis',(1.,0.,0.));
#11685=DIRECTION('ref_axis',(0.,-0.707106781186548,0.707106781186548));
#11686=DIRECTION('',(1.,0.,0.));
#11687=DIRECTION('center_axis',(0.,1.,0.));
#11688=DIRECTION('ref_axis',(0.,0.,-1.));
#11689=DIRECTION('center_axis',(0.,0.,1.));
#11690=DIRECTION('ref_axis',(0.707106781186547,0.707106781186548,0.));
#11691=DIRECTION('center_axis',(0.,0.,-1.));
#11692=DIRECTION('ref_axis',(0.,1.,0.));
#11693=DIRECTION('',(0.,0.,-1.));
#11694=DIRECTION('center_axis',(0.,-1.,0.));
#11695=DIRECTION('ref_axis',(0.,0.,-1.));
#11696=DIRECTION('center_axis',(1.,0.,0.));
#11697=DIRECTION('ref_axis',(0.,1.,0.));
#11698=DIRECTION('center_axis',(0.,1.,0.));
#11699=DIRECTION('ref_axis',(0.707106781186547,0.,0.707106781186548));
#11700=DIRECTION('center_axis',(-1.,0.,0.));
#11701=DIRECTION('ref_axis',(0.,0.707106781186549,0.707106781186546));
#11702=DIRECTION('center_axis',(1.,0.,0.));
#11703=DIRECTION('ref_axis',(0.,1.,0.));
#11704=DIRECTION('',(1.,0.,0.));
#11705=DIRECTION('center_axis',(0.,-1.,0.));
#11706=DIRECTION('ref_axis',(0.,0.,-1.));
#11707=DIRECTION('center_axis',(0.,0.,1.));
#11708=DIRECTION('ref_axis',(0.,1.,0.));
#11709=DIRECTION('center_axis',(0.,1.,0.));
#11710=DIRECTION('ref_axis',(-0.707106781186548,0.,0.707106781186548));
#11711=DIRECTION('center_axis',(0.,0.,-1.));
#11712=DIRECTION('ref_axis',(-0.707106781186549,0.707106781186546,0.));
#11713=DIRECTION('',(0.,0.,1.));
#11714=DIRECTION('center_axis',(0.,0.,1.));
#11715=DIRECTION('ref_axis',(0.707106781186547,-0.707106781186548,0.));
#11716=DIRECTION('center_axis',(0.,0.,-1.));
#11717=DIRECTION('ref_axis',(1.,0.,0.));
#11718=DIRECTION('',(0.,0.,-1.));
#11719=DIRECTION('',(0.,0.,1.));
#11720=DIRECTION('center_axis',(0.,1.,0.));
#11721=DIRECTION('ref_axis',(0.,0.,1.));
#11722=DIRECTION('center_axis',(1.,0.,0.));
#11723=DIRECTION('ref_axis',(0.,0.,1.));
#11724=DIRECTION('center_axis',(0.,1.,0.));
#11725=DIRECTION('ref_axis',(0.707106781186547,0.,0.707106781186548));
#11726=DIRECTION('center_axis',(0.,-1.,0.));
#11727=DIRECTION('ref_axis',(0.707106781186547,0.,0.707106781186548));
#11728=DIRECTION('center_axis',(-1.,0.,0.));
#11729=DIRECTION('ref_axis',(0.,-0.707106781186546,0.707106781186549));
#11730=DIRECTION('center_axis',(1.,0.,0.));
#11731=DIRECTION('ref_axis',(0.,0.,1.));
#11732=DIRECTION('',(1.,0.,0.));
#11733=DIRECTION('',(-1.,0.,0.));
#11734=DIRECTION('center_axis',(0.,1.,0.));
#11735=DIRECTION('ref_axis',(0.,0.,1.));
#11736=DIRECTION('center_axis',(0.,0.,1.));
#11737=DIRECTION('ref_axis',(-1.,0.,0.));
#11738=DIRECTION('center_axis',(0.,1.,0.));
#11739=DIRECTION('ref_axis',(-0.707106781186548,0.,0.707106781186548));
#11740=DIRECTION('center_axis',(0.,-1.,0.));
#11741=DIRECTION('ref_axis',(-0.707106781186548,0.,0.707106781186548));
#11742=DIRECTION('center_axis',(0.,0.,-1.));
#11743=DIRECTION('ref_axis',(-0.707106781186549,-0.707106781186546,0.));
#11744=DIRECTION('',(0.,0.,1.));
#11745=DIRECTION('',(0.,0.,-1.));
#11746=DIRECTION('center_axis',(-1.,0.,0.));
#11747=DIRECTION('ref_axis',(0.,0.,1.));
#11748=DIRECTION('',(0.,-1.,0.));
#11749=DIRECTION('center_axis',(0.,-1.,0.));
#11750=DIRECTION('ref_axis',(-0.707106781186548,0.,0.707106781186548));
#11751=DIRECTION('',(0.,1.,0.));
#11752=DIRECTION('center_axis',(0.,0.,-1.));
#11753=DIRECTION('ref_axis',(-1.,0.,0.));
#11754=DIRECTION('',(0.,-1.,0.));
#11755=DIRECTION('center_axis',(0.,-1.,0.));
#11756=DIRECTION('ref_axis',(0.707106781186548,0.,0.707106781186548));
#11757=DIRECTION('',(0.,1.,0.));
#11758=DIRECTION('center_axis',(1.,0.,0.));
#11759=DIRECTION('ref_axis',(0.,0.,-1.));
#11760=DIRECTION('center_axis',(0.,0.,-1.));
#11761=DIRECTION('ref_axis',(0.707106781186548,0.707106781186548,0.));
#11762=DIRECTION('center_axis',(0.,0.,-1.));
#11763=DIRECTION('ref_axis',(0.,1.,0.));
#11764=DIRECTION('',(0.,0.,-1.));
#11765=DIRECTION('',(0.,0.,1.));
#11766=DIRECTION('center_axis',(-1.,0.,0.));
#11767=DIRECTION('ref_axis',(0.,0.,1.));
#11768=DIRECTION('center_axis',(0.,1.,0.));
#11769=DIRECTION('ref_axis',(0.,0.,1.));
#11770=DIRECTION('center_axis',(-1.,0.,0.));
#11771=DIRECTION('ref_axis',(0.,0.707106781186547,0.707106781186548));
#11772=DIRECTION('center_axis',(1.,0.,0.));
#11773=DIRECTION('ref_axis',(0.,0.707106781186547,0.707106781186548));
#11774=DIRECTION('center_axis',(0.,1.,0.));
#11775=DIRECTION('ref_axis',(0.707106781186548,0.,0.707106781186548));
#11776=DIRECTION('center_axis',(0.,1.,0.));
#11777=DIRECTION('ref_axis',(0.,0.,1.));
#11778=DIRECTION('',(0.,1.,0.));
#11779=DIRECTION('',(0.,-1.,0.));
#11780=DIRECTION('center_axis',(-1.,0.,0.));
#11781=DIRECTION('ref_axis',(0.,0.,1.));
#11782=DIRECTION('center_axis',(0.,0.,1.));
#11783=DIRECTION('ref_axis',(0.,-1.,0.));
#11784=DIRECTION('center_axis',(-1.,0.,0.));
#11785=DIRECTION('ref_axis',(0.,-0.707106781186547,0.707106781186548));
#11786=DIRECTION('center_axis',(1.,0.,0.));
#11787=DIRECTION('ref_axis',(0.,-0.707106781186547,0.707106781186548));
#11788=DIRECTION('center_axis',(0.,0.,-1.));
#11789=DIRECTION('ref_axis',(0.707106781186554,-0.707106781186541,0.));
#11790=DIRECTION('',(0.,0.,1.));
#11791=DIRECTION('',(0.,0.,-1.));
#11792=DIRECTION('center_axis',(0.,1.,0.));
#11793=DIRECTION('ref_axis',(0.,0.,-1.));
#11794=DIRECTION('',(1.,0.,0.));
#11795=DIRECTION('',(0.,0.,1.));
#11796=DIRECTION('center_axis',(1.,0.,0.));
#11797=DIRECTION('ref_axis',(0.,-0.707106781186548,0.707106781186548));
#11798=DIRECTION('',(-1.,0.,0.));
#11799=DIRECTION('center_axis',(-1.,0.,0.));
#11800=DIRECTION('ref_axis',(0.,-0.707106781186547,0.707106781186548));
#11801=DIRECTION('center_axis',(0.,0.,1.));
#11802=DIRECTION('ref_axis',(0.,1.,0.));
#11803=DIRECTION('',(1.,0.,0.));
#11804=DIRECTION('',(0.,1.,0.));
#11805=DIRECTION('center_axis',(-1.,0.,0.));
#11806=DIRECTION('ref_axis',(0.,0.707106781186548,0.707106781186548));
#11807=DIRECTION('',(-1.,0.,0.));
#11808=DIRECTION('center_axis',(-1.,0.,0.));
#11809=DIRECTION('ref_axis',(0.,0.707106781186547,0.707106781186548));
#11810=DIRECTION('center_axis',(0.,-1.,0.));
#11811=DIRECTION('ref_axis',(0.,0.,1.));
#11812=DIRECTION('',(0.,0.,-1.));
#11813=DIRECTION('center_axis',(0.,0.,-1.));
#11814=DIRECTION('ref_axis',(-0.707106781186554,-0.707106781186541,0.));
#11815=DIRECTION('center_axis',(0.,0.,-1.));
#11816=DIRECTION('ref_axis',(0.,-1.,0.));
#11817=DIRECTION('center_axis',(1.,0.,0.));
#11818=DIRECTION('ref_axis',(0.,0.,-1.));
#11819=DIRECTION('center_axis',(0.,-1.,0.));
#11820=DIRECTION('ref_axis',(0.,0.,1.));
#11821=DIRECTION('center_axis',(0.,-1.,0.));
#11822=DIRECTION('ref_axis',(-0.707106781186548,0.,0.707106781186548));
#11823=DIRECTION('center_axis',(0.,-1.,0.));
#11824=DIRECTION('ref_axis',(0.,0.,1.));
#11825=DIRECTION('center_axis',(1.,0.,0.));
#11826=DIRECTION('ref_axis',(0.,0.,-1.));
#11827=DIRECTION('center_axis',(0.,0.,1.));
#11828=DIRECTION('ref_axis',(0.,1.,0.));
#11829=DIRECTION('center_axis',(0.,0.,-1.));
#11830=DIRECTION('ref_axis',(-0.707106781186548,0.707106781186548,0.));
#11831=DIRECTION('center_axis',(0.,-1.,0.));
#11832=DIRECTION('ref_axis',(0.,0.,-1.));
#11833=DIRECTION('center_axis',(0.,-1.,0.));
#11834=DIRECTION('ref_axis',(0.707106781186548,0.,-0.707106781186548));
#11835=DIRECTION('',(0.,-1.,0.));
#11836=DIRECTION('center_axis',(1.,0.,0.));
#11837=DIRECTION('ref_axis',(0.,0.,1.));
#11838=DIRECTION('center_axis',(0.,-1.,0.));
#11839=DIRECTION('ref_axis',(0.,0.,1.));
#11840=DIRECTION('',(-1.,0.,0.));
#11841=DIRECTION('',(-1.,0.,0.));
#11842=DIRECTION('center_axis',(0.,0.,1.));
#11843=DIRECTION('ref_axis',(0.,1.,0.));
#11844=DIRECTION('',(-1.,0.,0.));
#11845=DIRECTION('center_axis',(0.,1.,0.));
#11846=DIRECTION('ref_axis',(0.,0.,-1.));
#11847=DIRECTION('',(-1.,0.,0.));
#11848=DIRECTION('center_axis',(0.,0.,-1.));
#11849=DIRECTION('ref_axis',(0.,-1.,0.));
#11850=DIRECTION('center_axis',(1.,3.10862446895044E-16,0.));
#11851=DIRECTION('ref_axis',(3.10862446895044E-16,-1.,0.));
#11852=DIRECTION('center_axis',(0.,0.,-1.));
#11853=DIRECTION('ref_axis',(1.,0.,0.));
#11854=DIRECTION('',(0.,0.,-1.));
#11855=DIRECTION('center_axis',(0.,0.,-1.));
#11856=DIRECTION('ref_axis',(1.,0.,0.));
#11857=DIRECTION('',(0.,0.,-1.));
#11858=DIRECTION('center_axis',(0.,0.,-1.));
#11859=DIRECTION('ref_axis',(1.,0.,0.));
#11860=DIRECTION('',(0.,0.,-1.));
#11861=DIRECTION('center_axis',(0.,0.,-1.));
#11862=DIRECTION('ref_axis',(1.,0.,0.));
#11863=DIRECTION('',(0.,0.,-1.));
#11864=DIRECTION('center_axis',(0.,0.,-1.));
#11865=DIRECTION('ref_axis',(1.,0.,0.));
#11866=DIRECTION('',(0.,0.,-1.));
#11867=DIRECTION('center_axis',(0.,0.,-1.));
#11868=DIRECTION('ref_axis',(1.,0.,0.));
#11869=DIRECTION('',(0.,0.,-1.));
#11870=DIRECTION('center_axis',(0.,0.,-1.));
#11871=DIRECTION('ref_axis',(1.,0.,0.));
#11872=DIRECTION('',(0.,0.,-1.));
#11873=DIRECTION('center_axis',(0.,1.,0.));
#11874=DIRECTION('ref_axis',(0.,0.,1.));
#11875=DIRECTION('center_axis',(-1.,0.,0.));
#11876=DIRECTION('ref_axis',(0.,0.,1.));
#11877=DIRECTION('center_axis',(-1.,0.,0.));
#11878=DIRECTION('ref_axis',(0.,0.,1.));
#11879=DIRECTION('center_axis',(0.,0.,-1.));
#11880=DIRECTION('ref_axis',(1.,0.,0.));
#11881=DIRECTION('',(0.,0.,-1.));
#11882=DIRECTION('center_axis',(0.,1.,0.));
#11883=DIRECTION('ref_axis',(1.,0.,0.));
#11884=DIRECTION('',(0.,0.,-1.));
#11885=DIRECTION('center_axis',(0.,0.,-1.));
#11886=DIRECTION('ref_axis',(1.,0.,0.));
#11887=DIRECTION('',(0.,0.,-1.));
#11888=DIRECTION('center_axis',(-1.,0.,0.));
#11889=DIRECTION('ref_axis',(0.,1.,0.));
#11890=DIRECTION('center_axis',(-3.48510974716794E-17,-1.,0.));
#11891=DIRECTION('ref_axis',(-1.,3.48510974716794E-17,0.));
#11892=CARTESIAN_POINT('',(0.,0.,0.));
#11893=CARTESIAN_POINT('Origin',(-7.71663494110108,-31.2752004623413,3.76));
#11894=CARTESIAN_POINT('',(0.803444035965094,-0.965469936939444,3.76));
#11895=CARTESIAN_POINT('',(1.33992983685155,-0.965469936939444,3.76));
#11896=CARTESIAN_POINT('',(-3.56335255212477,-0.965469936939446,3.76));
#11897=CARTESIAN_POINT('',(2.03992983685155,-1.66546993693944,3.76));
#11898=CARTESIAN_POINT('Origin',(1.33992983685155,-1.66546993693944,3.76));
#11899=CARTESIAN_POINT('',(2.03992983685155,-2.76546993693944,3.76));
#11900=CARTESIAN_POINT('',(2.03992983685155,-16.2203351996404,3.76));
#11901=CARTESIAN_POINT('',(1.33992983685155,-3.46546993693944,3.76));
#11902=CARTESIAN_POINT('Origin',(1.33992983685155,-2.76546993693944,3.76));
#11903=CARTESIAN_POINT('',(0.803444035965094,-3.46546993693944,3.76));
#11904=CARTESIAN_POINT('',(-2.93835255212477,-3.46546993693944,3.76));
#11905=CARTESIAN_POINT('',(0.803444035965094,-10.9288745404607,3.76));
#11906=CARTESIAN_POINT('',(0.803444035965093,-15.477037501401,3.76));
#11907=CARTESIAN_POINT('',(-0.146555964034907,-11.8788745404607,3.76));
#11908=CARTESIAN_POINT('Origin',(-0.146555964034906,-10.9288745404607,3.76));
#11909=CARTESIAN_POINT('',(-10.6465559640349,-11.8788745404607,3.76));
#11910=CARTESIAN_POINT('',(-3.55659545256799,-11.8788745404607,3.76));
#11911=CARTESIAN_POINT('',(-11.5965559640349,-10.9288745404607,3.76));
#11912=CARTESIAN_POINT('Origin',(-10.6465559640349,-10.9288745404607,3.76));
#11913=CARTESIAN_POINT('',(-11.5965559640349,-0.428874540460729,3.76));
#11914=CARTESIAN_POINT('',(-11.5965559640349,-21.477037501401,3.76));
#11915=CARTESIAN_POINT('',(-11.0072213798013,0.449999999999991,3.76));
#11916=CARTESIAN_POINT('Origin',(-10.6465559640349,-0.428874540460729,3.76));
#11917=CARTESIAN_POINT('',(-11.2,0.449999999999991,3.76));
#11918=CARTESIAN_POINT('',(-10.4583174705505,0.44999999999999,3.76));
#11919=CARTESIAN_POINT('',(-13.2,-1.55000000000001,3.76));
#11920=CARTESIAN_POINT('Origin',(-11.2,-1.55000000000001,3.76));
#11921=CARTESIAN_POINT('',(-13.2,-28.55,3.76));
#11922=CARTESIAN_POINT('',(-13.2,-30.9126002311707,3.76));
#11923=CARTESIAN_POINT('',(-11.2,-30.55,3.76));
#11924=CARTESIAN_POINT('Origin',(-11.2,-28.55,3.76));
#11925=CARTESIAN_POINT('',(5.8,-30.55,3.76));
#11926=CARTESIAN_POINT('',(0.0416825294494604,-30.55,3.76));
#11927=CARTESIAN_POINT('',(7.8,-28.55,3.76));
#11928=CARTESIAN_POINT('Origin',(5.79999999999999,-28.55,3.76));
#11929=CARTESIAN_POINT('',(7.79999999999999,-1.55,3.76));
#11930=CARTESIAN_POINT('',(7.79999999999999,-15.4126002311707,3.76));
#11931=CARTESIAN_POINT('',(5.79999999999999,0.449999999999995,3.76));
#11932=CARTESIAN_POINT('Origin',(5.79999999999999,-1.55000000000001,3.76));
#11933=CARTESIAN_POINT('',(0.214109451731499,0.449999999999993,3.76));
#11934=CARTESIAN_POINT('',(-10.4583174705505,0.44999999999999,3.76));
#11935=CARTESIAN_POINT('',(0.803444035965094,-0.428874540460729,3.76));
#11936=CARTESIAN_POINT('Origin',(-0.146555964034906,-0.428874540460729,
3.76));
#11937=CARTESIAN_POINT('',(0.803444035965093,-15.477037501401,3.76));
#11938=CARTESIAN_POINT('',(0.803444035965094,-25.4,3.76));
#11939=CARTESIAN_POINT('',(1.35,-25.4,3.76));
#11940=CARTESIAN_POINT('',(-3.55831747055054,-25.4,3.76));
#11941=CARTESIAN_POINT('',(2.05,-26.1,3.76));
#11942=CARTESIAN_POINT('Origin',(1.35,-26.1,3.76));
#11943=CARTESIAN_POINT('',(2.05,-27.2,3.76));
#11944=CARTESIAN_POINT('',(2.05,-28.4376002311707,3.76));
#11945=CARTESIAN_POINT('',(1.35,-27.9,3.76));
#11946=CARTESIAN_POINT('Origin',(1.35,-27.2,3.76));
#11947=CARTESIAN_POINT('',(0.803444035965094,-27.9,3.76));
#11948=CARTESIAN_POINT('',(-2.93331747055054,-27.9,3.76));
#11949=CARTESIAN_POINT('',(0.803444035965094,-28.4288745404607,3.76));
#11950=CARTESIAN_POINT('',(0.803444035965094,-24.227037501401,3.76));
#11951=CARTESIAN_POINT('',(-0.146555964034907,-29.3788745404607,3.76));
#11952=CARTESIAN_POINT('Origin',(-0.146555964034906,-28.4288745404607,3.76));
#11953=CARTESIAN_POINT('',(-10.6465559640349,-29.3788745404607,3.76));
#11954=CARTESIAN_POINT('',(-3.55659545256799,-29.3788745404607,3.76));
#11955=CARTESIAN_POINT('',(-11.5965559640349,-28.4288745404607,3.76));
#11956=CARTESIAN_POINT('Origin',(-10.6465559640349,-28.4288745404607,3.76));
#11957=CARTESIAN_POINT('',(-11.5965559640349,-17.9288745404607,3.76));
#11958=CARTESIAN_POINT('',(-11.5965559640349,-30.227037501401,3.76));
#11959=CARTESIAN_POINT('',(-10.6465559640349,-16.9788745404607,3.76));
#11960=CARTESIAN_POINT('Origin',(-10.6465559640349,-17.9288745404607,3.76));
#11961=CARTESIAN_POINT('',(-0.146555964034906,-16.9788745404607,3.76));
#11962=CARTESIAN_POINT('',(-9.55659545256799,-16.9788745404607,3.76));
#11963=CARTESIAN_POINT('',(0.803444035965094,-17.9288745404607,3.76));
#11964=CARTESIAN_POINT('Origin',(-0.146555964034906,-17.9288745404607,3.76));
#11965=CARTESIAN_POINT('',(0.803444035965094,-24.227037501401,3.76));
#11966=CARTESIAN_POINT('',(-2.20000006705523,-12.2000001937151,3.76));
#11967=CARTESIAN_POINT('',(-2.30000006705523,-12.1000001937151,3.76));
#11968=CARTESIAN_POINT('Origin',(-2.30000006705523,-12.2000001937151,3.76));
#11969=CARTESIAN_POINT('',(-2.20000006705523,-12.2500001937151,3.76));
#11970=CARTESIAN_POINT('',(-2.20000006705523,-21.7501003280282,3.76));
#11971=CARTESIAN_POINT('',(-2.30000006705523,-12.3500001937151,3.76));
#11972=CARTESIAN_POINT('Origin',(-2.30000006705523,-12.2500001937151,3.76));
#11973=CARTESIAN_POINT('',(-7.10000006705523,-12.3500001937151,3.76));
#11974=CARTESIAN_POINT('',(-6.20831750407815,-12.3500001937151,3.76));
#11975=CARTESIAN_POINT('',(-7.20000006705523,-12.2500001937151,3.76));
#11976=CARTESIAN_POINT('Origin',(-7.10000006705523,-12.2500001937151,3.76));
#11977=CARTESIAN_POINT('',(-7.20000006705523,-12.2000001937151,3.76));
#11978=CARTESIAN_POINT('',(-7.20000006705523,-21.7501003280282,3.76));
#11979=CARTESIAN_POINT('',(-7.10000006705523,-12.1000001937151,3.76));
#11980=CARTESIAN_POINT('Origin',(-7.10000006705523,-12.2000001937151,3.76));
#11981=CARTESIAN_POINT('',(-6.20831750407815,-12.1000001937151,3.76));
#11982=CARTESIAN_POINT('',(-2.20000006705523,-16.5500001937151,3.76));
#11983=CARTESIAN_POINT('',(-2.30000006705523,-16.4500001937151,3.76));
#11984=CARTESIAN_POINT('Origin',(-2.30000006705523,-16.5500001937151,3.76));
#11985=CARTESIAN_POINT('',(-2.20000006705523,-16.6000001937151,3.76));
#11986=CARTESIAN_POINT('',(-2.20000006705523,-23.9251003280282,3.76));
#11987=CARTESIAN_POINT('',(-2.30000006705523,-16.7000001937151,3.76));
#11988=CARTESIAN_POINT('Origin',(-2.30000006705523,-16.6000001937151,3.76));
#11989=CARTESIAN_POINT('',(-7.10000006705523,-16.7000001937151,3.76));
#11990=CARTESIAN_POINT('',(-6.20831750407815,-16.7000001937151,3.76));
#11991=CARTESIAN_POINT('',(-7.20000006705523,-16.6000001937151,3.76));
#11992=CARTESIAN_POINT('Origin',(-7.10000006705523,-16.6000001937151,3.76));
#11993=CARTESIAN_POINT('',(-7.20000006705523,-16.5500001937151,3.76));
#11994=CARTESIAN_POINT('',(-7.20000006705523,-23.9251003280282,3.76));
#11995=CARTESIAN_POINT('',(-7.10000006705523,-16.4500001937151,3.76));
#11996=CARTESIAN_POINT('Origin',(-7.10000006705523,-16.5500001937151,3.76));
#11997=CARTESIAN_POINT('',(-6.20831750407815,-16.4500001937151,3.76));
#11998=CARTESIAN_POINT('',(-7.25000000000001,-16.0546512418973,3.76));
#11999=CARTESIAN_POINT('',(-7.15000000000001,-16.1546512418973,3.76));
#12000=CARTESIAN_POINT('Origin',(-7.15000000000001,-16.0546512418973,3.75999999999994));
#12001=CARTESIAN_POINT('',(-7.25000000000001,-12.7546512418973,3.76));
#12002=CARTESIAN_POINT('',(-7.25000000000001,-22.8399258521193,3.76));
#12003=CARTESIAN_POINT('',(-7.15000000000001,-12.6546512418973,3.76));
#12004=CARTESIAN_POINT('Origin',(-7.15000000000001,-12.7546512418973,3.75999999999992));
#12005=CARTESIAN_POINT('',(-7.10000000000001,-12.6546512418973,3.76));
#12006=CARTESIAN_POINT('',(-7.42081747055054,-12.6546512418973,3.76));
#12007=CARTESIAN_POINT('',(-7.00000000000001,-12.7546512418973,3.76));
#12008=CARTESIAN_POINT('Origin',(-7.10000000000001,-12.7546512418973,3.75999999999992));
#12009=CARTESIAN_POINT('',(-7.00000000000001,-16.0546512418973,3.76));
#12010=CARTESIAN_POINT('',(-7.00000000000001,-22.8399258521193,3.76));
#12011=CARTESIAN_POINT('',(-7.10000000000001,-16.1546512418973,3.76));
#12012=CARTESIAN_POINT('Origin',(-7.10000000000001,-16.0546512418973,3.75999999999994));
#12013=CARTESIAN_POINT('',(-7.42081747055054,-16.1546512418973,3.76));
#12014=CARTESIAN_POINT('Origin',(0.803444035965095,-17.9288745404607,3.75));
#12015=CARTESIAN_POINT('',(0.803444035965094,-25.4,3.75));
#12016=CARTESIAN_POINT('',(0.803444035965094,-17.9288745404607,3.75));
#12017=CARTESIAN_POINT('',(0.803444035965094,-24.227037501401,3.75));
#12018=CARTESIAN_POINT('',(0.803444035965094,-25.4,3.75));
#12019=CARTESIAN_POINT('',(0.803444035965094,-17.9288745404607,3.75));
#12020=CARTESIAN_POINT('Origin',(-0.146555964034906,-17.9288745404607,3.75));
#12021=CARTESIAN_POINT('',(-0.146555964034906,-16.9788745404607,3.75));
#12022=CARTESIAN_POINT('Origin',(-0.146555964034906,-17.9288745404607,3.75));
#12023=CARTESIAN_POINT('',(-0.146555964034906,-16.9788745404607,3.75));
#12024=CARTESIAN_POINT('Origin',(-10.6465559640349,-16.9788745404607,3.75));
#12025=CARTESIAN_POINT('',(-10.6465559640349,-16.9788745404607,3.75));
#12026=CARTESIAN_POINT('',(-9.55659545256799,-16.9788745404607,3.75));
#12027=CARTESIAN_POINT('',(-10.6465559640349,-16.9788745404607,3.75));
#12028=CARTESIAN_POINT('Origin',(-10.6465559640349,-17.9288745404607,3.75));
#12029=CARTESIAN_POINT('',(-11.5965559640349,-17.9288745404607,3.75));
#12030=CARTESIAN_POINT('Origin',(-10.6465559640349,-17.9288745404607,3.75));
#12031=CARTESIAN_POINT('',(-11.5965559640349,-17.9288745404607,3.75));
#12032=CARTESIAN_POINT('Origin',(-11.5965559640349,-28.4288745404607,3.75));
#12033=CARTESIAN_POINT('',(-11.5965559640349,-28.4288745404607,3.75));
#12034=CARTESIAN_POINT('',(-11.5965559640349,-30.227037501401,3.75));
#12035=CARTESIAN_POINT('',(-11.5965559640349,-28.4288745404607,3.75));
#12036=CARTESIAN_POINT('Origin',(-10.6465559640349,-28.4288745404607,3.75));
#12037=CARTESIAN_POINT('',(-10.6465559640349,-29.3788745404607,3.75));
#12038=CARTESIAN_POINT('Origin',(-10.6465559640349,-28.4288745404607,3.75));
#12039=CARTESIAN_POINT('',(-10.6465559640349,-29.3788745404607,3.75));
#12040=CARTESIAN_POINT('Origin',(-0.146555964034907,-29.3788745404607,3.75));
#12041=CARTESIAN_POINT('',(-0.146555964034907,-29.3788745404607,3.75));
#12042=CARTESIAN_POINT('',(-3.55659545256799,-29.3788745404607,3.75));
#12043=CARTESIAN_POINT('',(-0.146555964034907,-29.3788745404607,3.75));
#12044=CARTESIAN_POINT('Origin',(-0.146555964034906,-28.4288745404607,3.75));
#12045=CARTESIAN_POINT('',(0.803444035965094,-28.4288745404607,3.75));
#12046=CARTESIAN_POINT('Origin',(-0.146555964034906,-28.4288745404607,3.75));
#12047=CARTESIAN_POINT('',(0.803444035965094,-28.4288745404607,3.75));
#12048=CARTESIAN_POINT('Origin',(0.803444035965094,-27.9,3.75));
#12049=CARTESIAN_POINT('',(0.803444035965094,-27.9,3.75));
#12050=CARTESIAN_POINT('',(0.803444035965094,-24.227037501401,3.75));
#12051=CARTESIAN_POINT('',(0.803444035965094,-27.9,3.75));
#12052=CARTESIAN_POINT('Origin',(1.35,-27.9,3.75));
#12053=CARTESIAN_POINT('',(1.35,-27.9,3.75));
#12054=CARTESIAN_POINT('',(-2.93331747055054,-27.9,3.75));
#12055=CARTESIAN_POINT('',(1.35,-27.9,3.75));
#12056=CARTESIAN_POINT('Origin',(1.35,-27.2,3.75));
#12057=CARTESIAN_POINT('',(2.05,-27.2,3.75));
#12058=CARTESIAN_POINT('Origin',(1.35,-27.2,3.75));
#12059=CARTESIAN_POINT('',(2.05,-27.2,3.75));
#12060=CARTESIAN_POINT('Origin',(2.05,-26.1,3.75));
#12061=CARTESIAN_POINT('',(2.05,-26.1,3.75));
#12062=CARTESIAN_POINT('',(2.05,-28.4376002311707,3.75));
#12063=CARTESIAN_POINT('',(2.05,-26.1,3.75));
#12064=CARTESIAN_POINT('Origin',(1.35,-26.1,3.75));
#12065=CARTESIAN_POINT('',(1.35,-25.4,3.75));
#12066=CARTESIAN_POINT('Origin',(1.35,-26.1,3.75));
#12067=CARTESIAN_POINT('',(1.35,-25.4,3.75));
#12068=CARTESIAN_POINT('Origin',(0.803444035965095,-25.4,3.75));
#12069=CARTESIAN_POINT('',(-3.55831747055054,-25.4,3.75));
#12070=CARTESIAN_POINT('Origin',(0.803444035965094,-0.428874540460729,3.75));
#12071=CARTESIAN_POINT('',(0.803444035965094,-0.965469936939444,3.75));
#12072=CARTESIAN_POINT('',(0.803444035965094,-0.428874540460729,3.75));
#12073=CARTESIAN_POINT('',(0.803444035965093,-15.477037501401,3.75));
#12074=CARTESIAN_POINT('',(0.803444035965094,-0.965469936939444,3.75));
#12075=CARTESIAN_POINT('',(0.803444035965094,-0.428874540460729,3.75));
#12076=CARTESIAN_POINT('Origin',(-0.146555964034906,-0.428874540460729,
3.75));
#12077=CARTESIAN_POINT('',(0.214109451731499,0.449999999999993,3.75));
#12078=CARTESIAN_POINT('Origin',(-0.146555964034906,-0.428874540460729,
3.75));
#12079=CARTESIAN_POINT('',(0.214109451731499,0.449999999999993,3.75));
#12080=CARTESIAN_POINT('Origin',(-10.6465559640349,-0.428874540460729,3.75));
#12081=CARTESIAN_POINT('',(-11.0072213798013,0.449999999999991,3.75));
#12082=CARTESIAN_POINT('',(-11.5965559640349,-0.428874540460729,3.75));
#12083=CARTESIAN_POINT('Origin',(-10.6465559640349,-0.428874540460729,3.75));
#12084=CARTESIAN_POINT('',(-11.0072213798013,0.449999999999991,3.75));
#12085=CARTESIAN_POINT('',(-11.5965559640349,-0.428874540460729,3.75));
#12086=CARTESIAN_POINT('Origin',(-11.5965559640349,-10.9288745404607,3.75));
#12087=CARTESIAN_POINT('',(-11.5965559640349,-10.9288745404607,3.75));
#12088=CARTESIAN_POINT('',(-11.5965559640349,-21.477037501401,3.75));
#12089=CARTESIAN_POINT('',(-11.5965559640349,-10.9288745404607,3.75));
#12090=CARTESIAN_POINT('Origin',(-10.6465559640349,-10.9288745404607,3.75));
#12091=CARTESIAN_POINT('',(-10.6465559640349,-11.8788745404607,3.75));
#12092=CARTESIAN_POINT('Origin',(-10.6465559640349,-10.9288745404607,3.75));
#12093=CARTESIAN_POINT('',(-10.6465559640349,-11.8788745404607,3.75));
#12094=CARTESIAN_POINT('Origin',(-0.146555964034907,-11.8788745404607,3.75));
#12095=CARTESIAN_POINT('',(-0.146555964034907,-11.8788745404607,3.75));
#12096=CARTESIAN_POINT('',(-3.55659545256799,-11.8788745404607,3.75));
#12097=CARTESIAN_POINT('',(-0.146555964034907,-11.8788745404607,3.75));
#12098=CARTESIAN_POINT('Origin',(-0.146555964034906,-10.9288745404607,3.75));
#12099=CARTESIAN_POINT('',(0.803444035965094,-10.9288745404607,3.75));
#12100=CARTESIAN_POINT('Origin',(-0.146555964034906,-10.9288745404607,3.75));
#12101=CARTESIAN_POINT('',(0.803444035965094,-10.9288745404607,3.75));
#12102=CARTESIAN_POINT('Origin',(0.803444035965094,-3.46546993693944,3.75));
#12103=CARTESIAN_POINT('',(0.803444035965094,-3.46546993693944,3.75));
#12104=CARTESIAN_POINT('',(0.803444035965093,-15.477037501401,3.75));
#12105=CARTESIAN_POINT('',(0.803444035965094,-3.46546993693944,3.75));
#12106=CARTESIAN_POINT('Origin',(1.33992983685155,-3.46546993693944,3.75));
#12107=CARTESIAN_POINT('',(1.33992983685155,-3.46546993693944,3.75));
#12108=CARTESIAN_POINT('',(-2.93835255212477,-3.46546993693944,3.75));
#12109=CARTESIAN_POINT('',(1.33992983685155,-3.46546993693944,3.75));
#12110=CARTESIAN_POINT('Origin',(1.33992983685155,-2.76546993693944,3.75));
#12111=CARTESIAN_POINT('',(2.03992983685155,-2.76546993693944,3.75));
#12112=CARTESIAN_POINT('Origin',(1.33992983685155,-2.76546993693944,3.75));
#12113=CARTESIAN_POINT('',(2.03992983685155,-2.76546993693944,3.75));
#12114=CARTESIAN_POINT('Origin',(2.03992983685155,-1.66546993693944,3.75));
#12115=CARTESIAN_POINT('',(2.03992983685155,-1.66546993693944,3.75));
#12116=CARTESIAN_POINT('',(2.03992983685155,-16.2203351996404,3.75));
#12117=CARTESIAN_POINT('',(2.03992983685155,-1.66546993693944,3.75));
#12118=CARTESIAN_POINT('Origin',(1.33992983685155,-1.66546993693944,3.75));
#12119=CARTESIAN_POINT('',(1.33992983685155,-0.965469936939444,3.75));
#12120=CARTESIAN_POINT('Origin',(1.33992983685155,-1.66546993693944,3.75));
#12121=CARTESIAN_POINT('',(1.33992983685155,-0.965469936939444,3.75));
#12122=CARTESIAN_POINT('Origin',(0.803444035965094,-0.965469936939444,3.75));
#12123=CARTESIAN_POINT('',(-3.56335255212477,-0.965469936939446,3.75));
#12124=CARTESIAN_POINT('Origin',(5.79999999999999,-1.55000000000001,6.));
#12125=CARTESIAN_POINT('',(7.79999999999999,-1.55,5.35));
#12126=CARTESIAN_POINT('',(7.79999999999999,-1.55,6.));
#12127=CARTESIAN_POINT('',(5.79999999999999,0.449999999999995,5.35));
#12128=CARTESIAN_POINT('Origin',(5.79999999999999,-1.55000000000001,5.35));
#12129=CARTESIAN_POINT('',(5.79999999999999,0.449999999999995,6.));
#12130=CARTESIAN_POINT('Origin',(7.79999999999999,0.449999999999999,6.));
#12131=CARTESIAN_POINT('',(7.79999999999999,-28.55,5.35));
#12132=CARTESIAN_POINT('',(7.79999999999999,-28.55,6.));
#12133=CARTESIAN_POINT('',(7.79999999999999,-7.21857767251027,5.35));
#12134=CARTESIAN_POINT('',(7.79999999999999,-12.4915105374814,4.51328931926043));
#12135=CARTESIAN_POINT('',(7.79999999999999,-12.4915105374814,4.16962722683479));
#12136=CARTESIAN_POINT('',(7.79999999999999,-12.4915105374814,5.24572913652381));
#12137=CARTESIAN_POINT('',(7.79999999999999,-12.5328204641642,4.49145827304761));
#12138=CARTESIAN_POINT('Origin',(7.79999999999999,-12.5328204641642,4.54145827304761));
#12139=CARTESIAN_POINT('',(7.79999999999999,-12.7328204641642,4.49145827304761));
#12140=CARTESIAN_POINT('',(7.79999999999999,-6.14141023208208,4.49145827304761));
#12141=CARTESIAN_POINT('',(7.79999999999999,-12.7328204641642,4.19145827304761));
#12142=CARTESIAN_POINT('',(7.79999999999999,-12.7328204641642,5.09572913652381));
#12143=CARTESIAN_POINT('',(7.79999999999999,-12.5328204641642,4.19145827304761));
#12144=CARTESIAN_POINT('',(7.79999999999999,-6.0207552687407,4.19145827304761));
#12145=CARTESIAN_POINT('Origin',(7.79999999999999,-12.5328204641642,4.14145827304761));
#12146=CARTESIAN_POINT('',(7.79999999999999,-17.3028204641642,4.19145827304761));
#12147=CARTESIAN_POINT('',(7.79999999999999,-17.0615105374814,4.19145827304761));
#12148=CARTESIAN_POINT('',(7.79999999999999,-8.3057552687407,4.19145827304761));
#12149=CARTESIAN_POINT('',(7.79999999999999,-17.0615105374814,4.49145827304761));
#12150=CARTESIAN_POINT('',(7.79999999999999,-17.0615105374814,5.24572913652381));
#12151=CARTESIAN_POINT('',(7.79999999999999,-17.3028204641642,4.49145827304761));
#12152=CARTESIAN_POINT('',(7.79999999999999,-8.42641023208208,4.49145827304761));
#12153=CARTESIAN_POINT('',(7.79999999999999,-17.3028204641642,5.09572913652381));
#12154=CARTESIAN_POINT('',(7.79999999999999,-18.4815105374814,4.49145827304761));
#12155=CARTESIAN_POINT('',(7.79999999999999,-18.7315105374814,4.49145827304761));
#12156=CARTESIAN_POINT('',(7.79999999999999,-9.1407552687407,4.49145827304761));
#12157=CARTESIAN_POINT('',(7.79999999999999,-18.7315105374814,4.19145827304761));
#12158=CARTESIAN_POINT('',(7.79999999999999,-18.7315105374814,5.09572913652381));
#12159=CARTESIAN_POINT('',(7.79999999999999,-18.4815105374814,4.19145827304761));
#12160=CARTESIAN_POINT('',(7.79999999999999,-9.0157552687407,4.19145827304761));
#12161=CARTESIAN_POINT('',(7.79999999999999,-18.4815105374814,5.24572913652381));
#12162=CARTESIAN_POINT('',(7.79999999999999,-9.30282046416416,4.19145827304761));
#12163=CARTESIAN_POINT('',(7.79999999999999,-9.06151053748139,4.19145827304761));
#12164=CARTESIAN_POINT('',(7.79999999999999,-4.3057552687407,4.19145827304761));
#12165=CARTESIAN_POINT('',(7.79999999999999,-9.06151053748139,4.49145827304761));
#12166=CARTESIAN_POINT('',(7.79999999999999,-9.06151053748139,5.24572913652381));
#12167=CARTESIAN_POINT('',(7.79999999999999,-9.30282046416416,4.49145827304761));
#12168=CARTESIAN_POINT('',(7.79999999999999,-4.42641023208208,4.49145827304761));
#12169=CARTESIAN_POINT('',(7.79999999999999,-9.30282046416416,5.09572913652381));
#12170=CARTESIAN_POINT('',(7.79999999999999,-10.4815105374814,4.49145827304761));
#12171=CARTESIAN_POINT('',(7.79999999999999,-10.7315105374814,4.49145827304761));
#12172=CARTESIAN_POINT('',(7.79999999999999,-5.1407552687407,4.49145827304761));
#12173=CARTESIAN_POINT('',(7.79999999999999,-10.7315105374814,4.19145827304761));
#12174=CARTESIAN_POINT('',(7.79999999999999,-10.7315105374814,5.09572913652381));
#12175=CARTESIAN_POINT('',(7.79999999999999,-10.4815105374814,4.19145827304761));
#12176=CARTESIAN_POINT('',(7.79999999999999,-5.0157552687407,4.19145827304761));
#12177=CARTESIAN_POINT('',(7.79999999999999,-10.4815105374814,5.24572913652381));
#12178=CARTESIAN_POINT('',(7.79999999999999,-11.3028204641642,4.19145827304761));
#12179=CARTESIAN_POINT('',(7.79999999999999,-11.0615105374814,4.19145827304761));
#12180=CARTESIAN_POINT('',(7.79999999999999,-5.3057552687407,4.19145827304761));
#12181=CARTESIAN_POINT('',(7.79999999999999,-11.0615105374814,4.49145827304761));
#12182=CARTESIAN_POINT('',(7.79999999999999,-11.0615105374814,5.24572913652381));
#12183=CARTESIAN_POINT('',(7.79999999999999,-11.3028204641642,4.49145827304761));
#12184=CARTESIAN_POINT('',(7.79999999999999,-5.42641023208208,4.49145827304761));
#12185=CARTESIAN_POINT('',(7.79999999999999,-11.3028204641642,5.09572913652381));
#12186=CARTESIAN_POINT('',(7.79999999999999,-14.4317254295726,4.38870195334986));
#12187=CARTESIAN_POINT('',(7.79999999999999,-14.4317254295726,4.63870195334986));
#12188=CARTESIAN_POINT('',(7.79999999999999,-14.4317254295726,5.31935097667493));
#12189=CARTESIAN_POINT('',(7.79999999999999,-15.4317254295726,4.63870195334986));
#12190=CARTESIAN_POINT('',(7.79999999999999,-7.49086271478628,4.63870195334986));
#12191=CARTESIAN_POINT('',(7.79999999999999,-15.4317254295726,4.38870195334986));
#12192=CARTESIAN_POINT('',(7.79999999999999,-15.4317254295726,5.19435097667493));
#12193=CARTESIAN_POINT('',(7.79999999999999,-6.99086271478628,4.38870195334986));
#12194=CARTESIAN_POINT('Origin',(5.79999999999999,-28.55,6.));
#12195=CARTESIAN_POINT('',(5.8,-30.55,5.35));
#12196=CARTESIAN_POINT('',(5.8,-30.55,6.));
#12197=CARTESIAN_POINT('Origin',(5.79999999999999,-28.55,5.35));
#12198=CARTESIAN_POINT('Origin',(7.8,-30.55,6.));
#12199=CARTESIAN_POINT('',(-11.2,-30.55,5.35));
#12200=CARTESIAN_POINT('',(-11.2,-30.55,6.));
#12201=CARTESIAN_POINT('',(3.68638801718129,-30.55,5.35));
#12202=CARTESIAN_POINT('',(2.55549246108203,-30.55,5.35));
#12203=CARTESIAN_POINT('',(3.65261578319812,-30.55,5.2));
#12204=CARTESIAN_POINT('Origin',(4.00261578319812,-30.55,5.2));
#12205=CARTESIAN_POINT('',(3.65261578319812,-30.55,4.75));
#12206=CARTESIAN_POINT('',(3.65261578319812,-30.55,5.6));
#12207=CARTESIAN_POINT('',(4.00261578319812,-30.55,4.4));
#12208=CARTESIAN_POINT('Origin',(4.00261578319812,-30.55,4.75));
#12209=CARTESIAN_POINT('',(5.30261578319812,-30.55,4.4));
#12210=CARTESIAN_POINT('',(5.90130789159906,-30.55,4.4));
#12211=CARTESIAN_POINT('',(5.65261578319812,-30.55,4.75));
#12212=CARTESIAN_POINT('Origin',(5.30261578319812,-30.55,4.75));
#12213=CARTESIAN_POINT('',(5.65261578319812,-30.55,5.2));
#12214=CARTESIAN_POINT('',(5.65261578319812,-30.55,5.375));
#12215=CARTESIAN_POINT('',(5.61884354921496,-30.55,5.35));
#12216=CARTESIAN_POINT('Origin',(5.30261578319812,-30.55,5.2));
#12217=CARTESIAN_POINT('',(2.55549246108203,-30.55,5.35));
#12218=CARTESIAN_POINT('Origin',(-11.2,-28.55,6.));
#12219=CARTESIAN_POINT('',(-13.2,-28.55,5.35));
#12220=CARTESIAN_POINT('',(-13.2,-28.55,6.));
#12221=CARTESIAN_POINT('Origin',(-11.2,-28.55,5.35));
#12222=CARTESIAN_POINT('Origin',(-13.2,-30.55,6.));
#12223=CARTESIAN_POINT('',(-13.2,-1.55000000000001,5.35));
#12224=CARTESIAN_POINT('',(-13.2,-1.55000000000001,6.));
#12225=CARTESIAN_POINT('',(-13.2,-22.7185776725103,5.35));
#12226=CARTESIAN_POINT('Origin',(-11.2,-1.55000000000001,6.));
#12227=CARTESIAN_POINT('',(-11.2,0.449999999999991,5.35));
#12228=CARTESIAN_POINT('',(-11.2,0.449999999999991,6.));
#12229=CARTESIAN_POINT('Origin',(-11.2,-1.55000000000001,5.35));
#12230=CARTESIAN_POINT('Origin',(-13.2,0.44999999999999,6.));
#12231=CARTESIAN_POINT('',(4.75,0.449999999999994,5.35));
#12232=CARTESIAN_POINT('',(-7.94450753891797,0.449999999999992,5.35));
#12233=CARTESIAN_POINT('',(5.1,0.449999999999994,5.));
#12234=CARTESIAN_POINT('Origin',(4.75,0.449999999999994,5.));
#12235=CARTESIAN_POINT('',(5.1,0.449999999999995,4.5));
#12236=CARTESIAN_POINT('',(5.1,0.449999999999994,5.125));
#12237=CARTESIAN_POINT('',(4.75,0.449999999999994,4.15));
#12238=CARTESIAN_POINT('Origin',(4.75,0.449999999999994,4.5));
#12239=CARTESIAN_POINT('',(3.25,0.449999999999994,4.15));
#12240=CARTESIAN_POINT('',(-5.1,0.449999999999992,4.15));
#12241=CARTESIAN_POINT('',(2.9,0.449999999999994,4.5));
#12242=CARTESIAN_POINT('Origin',(3.25,0.449999999999994,4.5));
#12243=CARTESIAN_POINT('',(2.9,0.449999999999994,5.));
#12244=CARTESIAN_POINT('',(2.9,0.449999999999994,5.625));
#12245=CARTESIAN_POINT('',(3.25,0.449999999999994,5.35));
#12246=CARTESIAN_POINT('Origin',(3.25,0.449999999999994,5.));
#12247=CARTESIAN_POINT('',(-7.94450753891797,0.449999999999992,5.35));
#12248=CARTESIAN_POINT('',(-10.6465559640349,0.449999999999991,3.73692557076368));
#12249=CARTESIAN_POINT('Ctrl Pts',(-11.0072213798013,0.449999999999991,
3.75));
#12250=CARTESIAN_POINT('Ctrl Pts',(-10.9727315580281,0.449999999999991,
3.75));
#12251=CARTESIAN_POINT('Ctrl Pts',(-10.9313732182716,0.449999999999991,
3.74843904735685));
#12252=CARTESIAN_POINT('Ctrl Pts',(-10.8186975268133,0.449999999999991,
3.74276436931273));
#12253=CARTESIAN_POINT('Ctrl Pts',(-10.7248846399317,0.449999999999991,
3.73692557076368));
#12254=CARTESIAN_POINT('Ctrl Pts',(-10.6465559640349,0.449999999999991,
3.73692557076368));
#12255=CARTESIAN_POINT('',(-0.146555964034906,0.449999999999993,3.73692557076368));
#12256=CARTESIAN_POINT('',(-9.55659545256799,0.449999999999991,3.73692557076368));
#12257=CARTESIAN_POINT('Ctrl Pts',(-0.146555964034907,0.449999999999993,
3.73692557076368));
#12258=CARTESIAN_POINT('Ctrl Pts',(-0.0682272881381218,0.449999999999993,
3.73692557076368));
#12259=CARTESIAN_POINT('Ctrl Pts',(0.0255855987434485,0.449999999999993,
3.74276436931273));
#12260=CARTESIAN_POINT('Ctrl Pts',(0.138261290201787,0.449999999999993,
3.74843904735685));
#12261=CARTESIAN_POINT('Ctrl Pts',(0.179619629958269,0.449999999999993,
3.75));
#12262=CARTESIAN_POINT('Ctrl Pts',(0.214109451731499,0.449999999999993,
3.75));
#12263=CARTESIAN_POINT('Origin',(-7.10000000000001,-12.7546512418973,4.22448958570596));
#12264=CARTESIAN_POINT('',(-7.10000000000001,-12.6546512418973,4.42448958570596));
#12265=CARTESIAN_POINT('',(-7.10000000000001,-12.6546512418973,4.22448958570596));
#12266=CARTESIAN_POINT('',(-7.00000000000001,-12.7546512418973,4.42448958570596));
#12267=CARTESIAN_POINT('Origin',(-7.10000000000001,-12.7546512418973,4.42448958570596));
#12268=CARTESIAN_POINT('',(-7.00000000000001,-12.7546512418973,4.22448958570596));
#12269=CARTESIAN_POINT('Origin',(-7.12500000000001,-12.6546512418973,4.22448958570596));
#12270=CARTESIAN_POINT('',(-7.15000000000001,-12.6546512418973,4.42448958570596));
#12271=CARTESIAN_POINT('',(-7.15000000000001,-12.6546512418973,4.22448958570596));
#12272=CARTESIAN_POINT('',(-7.12500000000001,-12.6546512418973,4.42448958570596));
#12273=CARTESIAN_POINT('Origin',(-7.15000000000001,-12.7546512418973,4.22448958570596));
#12274=CARTESIAN_POINT('',(-7.25000000000001,-12.7546512418973,4.42448958570596));
#12275=CARTESIAN_POINT('',(-7.25000000000001,-12.7546512418973,4.22448958570596));
#12276=CARTESIAN_POINT('Origin',(-7.15000000000001,-12.7546512418973,4.42448958570596));
#12277=CARTESIAN_POINT('Origin',(-7.25000000000001,-14.4046512418973,4.22448958570597));
#12278=CARTESIAN_POINT('',(-7.25000000000001,-16.0546512418973,4.42448958570598));
#12279=CARTESIAN_POINT('',(-7.25000000000001,-16.0546512418973,4.22448958570598));
#12280=CARTESIAN_POINT('',(-7.25000000000001,-15.8546512418973,4.62448958570598));
#12281=CARTESIAN_POINT('Origin',(-7.25000000000001,-15.8546512418973,4.42448958570598));
#12282=CARTESIAN_POINT('',(-7.25000000000001,-12.9546512418973,4.62448958570597));
#12283=CARTESIAN_POINT('',(-7.25000000000001,-14.4046512418973,4.62448958570597));
#12284=CARTESIAN_POINT('Origin',(-7.25000000000001,-12.9546512418973,4.42448958570597));
#12285=CARTESIAN_POINT('Origin',(-7.10000006705523,-16.6000001937151,4.25));
#12286=CARTESIAN_POINT('',(-7.10000006705523,-16.7000001937151,4.45));
#12287=CARTESIAN_POINT('',(-7.10000006705523,-16.7000001937151,4.25));
#12288=CARTESIAN_POINT('',(-7.20000006705523,-16.6000001937151,4.45));
#12289=CARTESIAN_POINT('Origin',(-7.10000006705523,-16.6000001937151,4.45));
#12290=CARTESIAN_POINT('',(-7.20000006705523,-16.6000001937151,4.25));
#12291=CARTESIAN_POINT('Origin',(-4.70000006705523,-16.7000001937151,4.25));
#12292=CARTESIAN_POINT('',(-2.30000006705523,-16.7000001937151,4.45));
#12293=CARTESIAN_POINT('',(-2.30000006705523,-16.7000001937151,4.25));
#12294=CARTESIAN_POINT('',(-2.50000006705523,-16.7000001937151,4.65));
#12295=CARTESIAN_POINT('Origin',(-2.50000006705523,-16.7000001937151,4.45));
#12296=CARTESIAN_POINT('',(-6.90000006705523,-16.7000001937151,4.65));
#12297=CARTESIAN_POINT('',(-4.70000006705523,-16.7000001937151,4.65));
#12298=CARTESIAN_POINT('Origin',(-6.90000006705523,-16.7000001937151,4.45));
#12299=CARTESIAN_POINT('Origin',(-2.30000006705523,-16.6000001937151,4.25));
#12300=CARTESIAN_POINT('',(-2.20000006705523,-16.6000001937151,4.45));
#12301=CARTESIAN_POINT('',(-2.20000006705523,-16.6000001937151,4.25));
#12302=CARTESIAN_POINT('Origin',(-2.30000006705523,-16.6000001937151,4.45));
#12303=CARTESIAN_POINT('Origin',(-2.20000006705523,-16.5750001937151,4.25));
#12304=CARTESIAN_POINT('',(-2.20000006705523,-16.5500001937151,4.45));
#12305=CARTESIAN_POINT('',(-2.20000006705523,-16.5500001937151,4.25));
#12306=CARTESIAN_POINT('',(-2.20000006705523,-16.5750001937151,4.45));
#12307=CARTESIAN_POINT('Origin',(-7.10000006705523,-12.2500001937151,4.25));
#12308=CARTESIAN_POINT('',(-7.10000006705523,-12.3500001937151,4.45));
#12309=CARTESIAN_POINT('',(-7.10000006705523,-12.3500001937151,4.25));
#12310=CARTESIAN_POINT('',(-7.20000006705523,-12.2500001937151,4.45));
#12311=CARTESIAN_POINT('Origin',(-7.10000006705523,-12.2500001937151,4.45));
#12312=CARTESIAN_POINT('',(-7.20000006705523,-12.2500001937151,4.25));
#12313=CARTESIAN_POINT('Origin',(-4.70000006705523,-12.3500001937151,4.25));
#12314=CARTESIAN_POINT('',(-2.30000006705523,-12.3500001937151,4.45));
#12315=CARTESIAN_POINT('',(-2.30000006705523,-12.3500001937151,4.25));
#12316=CARTESIAN_POINT('',(-2.50000006705523,-12.3500001937151,4.65));
#12317=CARTESIAN_POINT('Origin',(-2.50000006705523,-12.3500001937151,4.45));
#12318=CARTESIAN_POINT('',(-6.90000006705523,-12.3500001937151,4.65));
#12319=CARTESIAN_POINT('',(-4.70000006705523,-12.3500001937151,4.65));
#12320=CARTESIAN_POINT('Origin',(-6.90000006705523,-12.3500001937151,4.45));
#12321=CARTESIAN_POINT('Origin',(-2.30000006705523,-12.2500001937151,4.25));
#12322=CARTESIAN_POINT('',(-2.20000006705523,-12.2500001937151,4.45));
#12323=CARTESIAN_POINT('',(-2.20000006705523,-12.2500001937151,4.25));
#12324=CARTESIAN_POINT('Origin',(-2.30000006705523,-12.2500001937151,4.45));
#12325=CARTESIAN_POINT('Origin',(-2.20000006705523,-12.2250001937151,4.25));
#12326=CARTESIAN_POINT('',(-2.20000006705523,-12.2000001937151,4.45));
#12327=CARTESIAN_POINT('',(-2.20000006705523,-12.2000001937151,4.25));
#12328=CARTESIAN_POINT('',(-2.20000006705523,-12.2250001937151,4.45));
#12329=CARTESIAN_POINT('Origin',(-7.00000000000001,-14.4046512418973,4.22448958570597));
#12330=CARTESIAN_POINT('',(-7.00000000000001,-12.9546512418973,4.62448958570597));
#12331=CARTESIAN_POINT('Origin',(-7.00000000000001,-12.9546512418973,4.42448958570597));
#12332=CARTESIAN_POINT('',(-7.00000000000001,-15.8546512418973,4.62448958570598));
#12333=CARTESIAN_POINT('',(-7.00000000000001,-14.4046512418973,4.62448958570597));
#12334=CARTESIAN_POINT('',(-7.00000000000001,-16.0546512418973,4.42448958570598));
#12335=CARTESIAN_POINT('Origin',(-7.00000000000001,-15.8546512418973,4.42448958570598));
#12336=CARTESIAN_POINT('',(-7.00000000000001,-16.0546512418973,4.22448958570598));
#12337=CARTESIAN_POINT('Origin',(-7.15000000000001,-16.0546512418973,4.22448958570598));
#12338=CARTESIAN_POINT('',(-7.15000000000001,-16.1546512418973,4.42448958570598));
#12339=CARTESIAN_POINT('',(-7.15000000000001,-16.1546512418973,4.22448958570598));
#12340=CARTESIAN_POINT('Origin',(-7.15000000000001,-16.0546512418973,4.42448958570598));
#12341=CARTESIAN_POINT('Origin',(-7.15000000000001,-15.8546512418973,4.42448958570598));
#12342=CARTESIAN_POINT('',(-7.15000000000001,-15.8546512418973,4.72448958570598));
#12343=CARTESIAN_POINT('Origin',(-7.15000000000001,-15.8546512418973,4.62448958570598));
#12344=CARTESIAN_POINT('Origin',(-7.15000000000001,-15.8546512418973,4.42448958570598));
#12345=CARTESIAN_POINT('Origin',(-7.15000000000001,-14.4046512418973,4.62448958570597));
#12346=CARTESIAN_POINT('',(-7.15000000000001,-12.9546512418973,4.72448958570597));
#12347=CARTESIAN_POINT('Origin',(-7.15000000000001,-12.9546512418973,4.62448958570597));
#12348=CARTESIAN_POINT('',(-7.15000000000001,-14.4046512418973,4.72448958570597));
#12349=CARTESIAN_POINT('Origin',(-7.15000000000001,-12.9546512418973,4.42448958570597));
#12350=CARTESIAN_POINT('Origin',(-7.15000000000001,-12.9546512418973,4.42448958570597));
#12351=CARTESIAN_POINT('Origin',(-7.12500000000001,-12.9546512418973,4.42448958570597));
#12352=CARTESIAN_POINT('',(-7.10000000000001,-12.9546512418973,4.72448958570597));
#12353=CARTESIAN_POINT('',(-7.12500000000001,-12.9546512418973,4.72448958570597));
#12354=CARTESIAN_POINT('Origin',(-7.10000000000001,-12.9546512418973,4.42448958570597));
#12355=CARTESIAN_POINT('Origin',(-7.12500000000001,-14.4046512418973,4.72448958570597));
#12356=CARTESIAN_POINT('',(-7.10000000000001,-15.8546512418973,4.72448958570598));
#12357=CARTESIAN_POINT('',(-7.12500000000001,-15.8546512418973,4.72448958570598));
#12358=CARTESIAN_POINT('',(-7.10000000000001,-14.4046512418973,4.72448958570597));
#12359=CARTESIAN_POINT('Origin',(-7.12500000000001,-15.8546512418973,4.42448958570598));
#12360=CARTESIAN_POINT('',(-7.10000000000001,-16.1546512418973,4.42448958570598));
#12361=CARTESIAN_POINT('',(-7.12500000000001,-16.1546512418973,4.42448958570598));
#12362=CARTESIAN_POINT('Origin',(-7.10000000000001,-15.8546512418973,4.42448958570598));
#12363=CARTESIAN_POINT('Origin',(-7.12500000000001,-16.1546512418973,4.22448958570598));
#12364=CARTESIAN_POINT('',(-7.10000000000001,-16.1546512418973,4.22448958570598));
#12365=CARTESIAN_POINT('Origin',(-7.10000000000001,-12.9546512418973,4.42448958570597));
#12366=CARTESIAN_POINT('Origin',(-7.10000000000001,-12.9546512418973,4.62448958570597));
#12367=CARTESIAN_POINT('Origin',(-7.10000000000001,-14.4046512418973,4.62448958570597));
#12368=CARTESIAN_POINT('Origin',(-7.10000000000001,-15.8546512418973,4.62448958570598));
#12369=CARTESIAN_POINT('Origin',(-7.10000000000001,-15.8546512418973,4.42448958570598));
#12370=CARTESIAN_POINT('Origin',(-7.10000000000001,-16.0546512418973,4.42448958570598));
#12371=CARTESIAN_POINT('Origin',(-7.10000000000001,-16.0546512418973,4.22448958570598));
#12372=CARTESIAN_POINT('Origin',(-7.10000006705523,-16.5500001937151,4.25));
#12373=CARTESIAN_POINT('',(-7.20000006705523,-16.5500001937151,4.45));
#12374=CARTESIAN_POINT('',(-7.20000006705523,-16.5500001937151,4.25));
#12375=CARTESIAN_POINT('',(-7.10000006705523,-16.4500001937151,4.45));
#12376=CARTESIAN_POINT('Origin',(-7.10000006705523,-16.5500001937151,4.45));
#12377=CARTESIAN_POINT('',(-7.10000006705523,-16.4500001937151,4.25));
#12378=CARTESIAN_POINT('Origin',(-6.90000006705523,-16.5500001937151,4.45));
#12379=CARTESIAN_POINT('',(-6.90000006705523,-16.5500001937151,4.75));
#12380=CARTESIAN_POINT('',(-6.90000006705523,-16.4500001937151,4.65));
#12381=CARTESIAN_POINT('Origin',(-6.90000006705523,-16.5500001937151,4.65));
#12382=CARTESIAN_POINT('Origin',(-6.90000006705523,-16.4500001937151,4.45));
#12383=CARTESIAN_POINT('Origin',(-6.90000006705523,-16.5500001937151,4.45));
#12384=CARTESIAN_POINT('Origin',(-4.70000006705523,-16.5500001937151,4.65));
#12385=CARTESIAN_POINT('',(-2.50000006705523,-16.5500001937151,4.75));
#12386=CARTESIAN_POINT('',(-2.50000006705523,-16.4500001937151,4.65));
#12387=CARTESIAN_POINT('Origin',(-2.50000006705523,-16.5500001937151,4.65));
#12388=CARTESIAN_POINT('',(-4.70000006705523,-16.4500001937151,4.65));
#12389=CARTESIAN_POINT('',(-4.70000006705523,-16.5500001937151,4.75));
#12390=CARTESIAN_POINT('Origin',(-2.50000006705523,-16.5500001937151,4.45));
#12391=CARTESIAN_POINT('',(-2.30000006705523,-16.4500001937151,4.45));
#12392=CARTESIAN_POINT('Origin',(-2.30000006705523,-16.5500001937151,4.45));
#12393=CARTESIAN_POINT('Origin',(-2.50000006705523,-16.4500001937151,4.45));
#12394=CARTESIAN_POINT('Origin',(-2.50000006705523,-16.5500001937151,4.45));
#12395=CARTESIAN_POINT('Origin',(-2.30000006705523,-16.5500001937151,4.25));
#12396=CARTESIAN_POINT('',(-2.30000006705523,-16.4500001937151,4.25));
#12397=CARTESIAN_POINT('Origin',(-2.50000006705523,-16.5750001937151,4.45));
#12398=CARTESIAN_POINT('',(-2.50000006705523,-16.6000001937151,4.75));
#12399=CARTESIAN_POINT('',(-2.50000006705523,-16.5750001937151,4.75));
#12400=CARTESIAN_POINT('Origin',(-2.50000006705523,-16.6000001937151,4.45));
#12401=CARTESIAN_POINT('Origin',(-4.70000006705523,-16.5750001937151,4.75));
#12402=CARTESIAN_POINT('',(-6.90000006705523,-16.6000001937151,4.75));
#12403=CARTESIAN_POINT('',(-6.90000006705523,-16.5750001937151,4.75));
#12404=CARTESIAN_POINT('',(-4.70000006705523,-16.6000001937151,4.75));
#12405=CARTESIAN_POINT('Origin',(-6.90000006705523,-16.5750001937151,4.45));
#12406=CARTESIAN_POINT('',(-7.20000006705523,-16.5750001937151,4.45));
#12407=CARTESIAN_POINT('Origin',(-6.90000006705523,-16.6000001937151,4.45));
#12408=CARTESIAN_POINT('Origin',(-7.20000006705523,-16.5750001937151,4.25));
#12409=CARTESIAN_POINT('Origin',(-2.50000006705523,-16.6000001937151,4.45));
#12410=CARTESIAN_POINT('Origin',(-2.50000006705523,-16.6000001937151,4.65));
#12411=CARTESIAN_POINT('Origin',(-4.70000006705523,-16.6000001937151,4.65));
#12412=CARTESIAN_POINT('Origin',(-6.90000006705523,-16.6000001937151,4.65));
#12413=CARTESIAN_POINT('Origin',(-6.90000006705523,-16.6000001937151,4.45));
#12414=CARTESIAN_POINT('Origin',(-4.70000006705523,-16.4500001937151,4.25));
#12415=CARTESIAN_POINT('Origin',(-7.10000006705523,-12.2000001937151,4.25));
#12416=CARTESIAN_POINT('',(-7.20000006705523,-12.2000001937151,4.45));
#12417=CARTESIAN_POINT('',(-7.20000006705523,-12.2000001937151,4.25));
#12418=CARTESIAN_POINT('',(-7.10000006705523,-12.1000001937151,4.45));
#12419=CARTESIAN_POINT('Origin',(-7.10000006705523,-12.2000001937151,4.45));
#12420=CARTESIAN_POINT('',(-7.10000006705523,-12.1000001937151,4.25));
#12421=CARTESIAN_POINT('Origin',(-6.90000006705523,-12.2000001937151,4.45));
#12422=CARTESIAN_POINT('',(-6.90000006705523,-12.2000001937151,4.75));
#12423=CARTESIAN_POINT('',(-6.90000006705523,-12.1000001937151,4.65));
#12424=CARTESIAN_POINT('Origin',(-6.90000006705523,-12.2000001937151,4.65));
#12425=CARTESIAN_POINT('Origin',(-6.90000006705523,-12.1000001937151,4.45));
#12426=CARTESIAN_POINT('Origin',(-6.90000006705523,-12.2000001937151,4.45));
#12427=CARTESIAN_POINT('Origin',(-4.70000006705523,-12.2000001937151,4.65));
#12428=CARTESIAN_POINT('',(-2.50000006705523,-12.2000001937151,4.75));
#12429=CARTESIAN_POINT('',(-2.50000006705523,-12.1000001937151,4.65));
#12430=CARTESIAN_POINT('Origin',(-2.50000006705523,-12.2000001937151,4.65));
#12431=CARTESIAN_POINT('',(-4.70000006705523,-12.1000001937151,4.65));
#12432=CARTESIAN_POINT('',(-4.70000006705523,-12.2000001937151,4.75));
#12433=CARTESIAN_POINT('Origin',(-2.50000006705523,-12.2000001937151,4.45));
#12434=CARTESIAN_POINT('',(-2.30000006705523,-12.1000001937151,4.45));
#12435=CARTESIAN_POINT('Origin',(-2.30000006705523,-12.2000001937151,4.45));
#12436=CARTESIAN_POINT('Origin',(-2.50000006705523,-12.1000001937151,4.45));
#12437=CARTESIAN_POINT('Origin',(-2.50000006705523,-12.2000001937151,4.45));
#12438=CARTESIAN_POINT('Origin',(-2.30000006705523,-12.2000001937151,4.25));
#12439=CARTESIAN_POINT('',(-2.30000006705523,-12.1000001937151,4.25));
#12440=CARTESIAN_POINT('Origin',(-2.50000006705523,-12.2250001937151,4.45));
#12441=CARTESIAN_POINT('',(-2.50000006705523,-12.2500001937151,4.75));
#12442=CARTESIAN_POINT('',(-2.50000006705523,-12.2250001937151,4.75));
#12443=CARTESIAN_POINT('Origin',(-2.50000006705523,-12.2500001937151,4.45));
#12444=CARTESIAN_POINT('Origin',(-4.70000006705523,-12.2250001937151,4.75));
#12445=CARTESIAN_POINT('',(-6.90000006705523,-12.2500001937151,4.75));
#12446=CARTESIAN_POINT('',(-6.90000006705523,-12.2250001937151,4.75));
#12447=CARTESIAN_POINT('',(-4.70000006705523,-12.2500001937151,4.75));
#12448=CARTESIAN_POINT('Origin',(-6.90000006705523,-12.2250001937151,4.45));
#12449=CARTESIAN_POINT('',(-7.20000006705523,-12.2250001937151,4.45));
#12450=CARTESIAN_POINT('Origin',(-6.90000006705523,-12.2500001937151,4.45));
#12451=CARTESIAN_POINT('Origin',(-7.20000006705523,-12.2250001937151,4.25));
#12452=CARTESIAN_POINT('Origin',(-2.50000006705523,-12.2500001937151,4.45));
#12453=CARTESIAN_POINT('Origin',(-2.50000006705523,-12.2500001937151,4.65));
#12454=CARTESIAN_POINT('Origin',(-4.70000006705523,-12.2500001937151,4.65));
#12455=CARTESIAN_POINT('Origin',(-6.90000006705523,-12.2500001937151,4.65));
#12456=CARTESIAN_POINT('Origin',(-6.90000006705523,-12.2500001937151,4.45));
#12457=CARTESIAN_POINT('Origin',(-4.70000006705523,-12.1000001937151,4.25));
#12458=CARTESIAN_POINT('Origin',(-0.146555964034906,-0.428874540460729,
0.625));
#12459=CARTESIAN_POINT('',(-0.361555964034906,-0.428874540460729,1.25));
#12460=CARTESIAN_POINT('Origin',(-0.146555964034906,-0.428874540460729,
1.25));
#12461=CARTESIAN_POINT('',(-0.361555964034906,-0.428874540460729,0.75));
#12462=CARTESIAN_POINT('',(-0.361555964034906,-0.428874540460729,0.625));
#12463=CARTESIAN_POINT('Origin',(-0.146555964034906,-0.428874540460729,
0.75));
#12464=CARTESIAN_POINT('Origin',(9.71098492216407,-8.96151053748139,3.99572913652381));
#12465=CARTESIAN_POINT('',(9.81098492216407,-8.96151053748139,4.59145827304761));
#12466=CARTESIAN_POINT('',(9.71098492216407,-9.06151053748139,4.49145827304761));
#12467=CARTESIAN_POINT('Origin',(9.71098492216407,-8.96151053748139,4.59145827304761));
#12468=CARTESIAN_POINT('',(9.71098492216407,-9.06151053748139,4.19145827304761));
#12469=CARTESIAN_POINT('',(9.71098492216407,-9.06151053748139,3.99572913652381));
#12470=CARTESIAN_POINT('',(9.81098492216407,-8.96151053748139,4.09145827304761));
#12471=CARTESIAN_POINT('Origin',(9.71098492216407,-8.96151053748139,4.09145827304761));
#12472=CARTESIAN_POINT('',(9.81098492216407,-8.96151053748139,3.99572913652381));
#12473=CARTESIAN_POINT('Origin',(13.6109849221641,-9.06151053748139,4.49145827304761));
#12474=CARTESIAN_POINT('',(13.6109849221641,-9.06151053748139,4.49145827304761));
#12475=CARTESIAN_POINT('',(13.6109849221641,-9.06151053748139,4.19145827304761));
#12476=CARTESIAN_POINT('Ctrl Pts',(9.71098492216407,-10.5328204641642,4.19145827304761));
#12477=CARTESIAN_POINT('Ctrl Pts',(9.72594488718116,-10.5328204641642,4.19145827304761));
#12478=CARTESIAN_POINT('Ctrl Pts',(9.75580810943651,-10.5362429508958,4.18461329958432));
#12479=CARTESIAN_POINT('Ctrl Pts',(9.79786477414808,-10.5529703038588,4.15115859365827));
#12480=CARTESIAN_POINT('Ctrl Pts',(9.81098492216407,-10.5716004904013,4.11389822057325));
#12481=CARTESIAN_POINT('Ctrl Pts',(9.81098492216407,-10.5828204641642,4.09145827304761));
#12482=CARTESIAN_POINT('Ctrl Pts',(9.71098492216407,-10.5197304947742,4.19145827304761));
#12483=CARTESIAN_POINT('Ctrl Pts',(9.72792248654885,-10.5197304947742,4.19145827304761));
#12484=CARTESIAN_POINT('Ctrl Pts',(9.76120458516779,-10.5254692020711,4.18239695018373));
#12485=CARTESIAN_POINT('Ctrl Pts',(9.80049052785002,-10.5480153738949,4.14622936670367));
#12486=CARTESIAN_POINT('Ctrl Pts',(9.81098492216407,-10.5697304947742,4.11202822494612));
#12487=CARTESIAN_POINT('Ctrl Pts',(9.81098492216407,-10.5828204641642,4.09145827304761));
#12488=CARTESIAN_POINT('Ctrl Pts',(9.71098492216407,-10.49367239314,4.18060634407174));
#12489=CARTESIAN_POINT('Ctrl Pts',(9.73016728737465,-10.49367239314,4.18060634407174));
#12490=CARTESIAN_POINT('Ctrl Pts',(9.76717872588491,-10.5039399845614,4.17033875265041));
#12491=CARTESIAN_POINT('Ctrl Pts',(9.80305267289349,-10.5380257549332,4.13625298227862));
#12492=CARTESIAN_POINT('Ctrl Pts',(9.81098492216407,-10.5659905035199,4.10828823369184));
#12493=CARTESIAN_POINT('Ctrl Pts',(9.81098492216407,-10.5828204641642,4.09145827304761));
#12494=CARTESIAN_POINT('Ctrl Pts',(9.71098492216407,-10.4828204641642,4.15454824243757));
#12495=CARTESIAN_POINT('Ctrl Pts',(9.72792248654885,-10.4828204641642,4.15454824243757));
#12496=CARTESIAN_POINT('Ctrl Pts',(9.76120458516779,-10.491881787028,4.14880953514066));
#12497=CARTESIAN_POINT('Ctrl Pts',(9.80049052785002,-10.5280493705081,4.12626336331687));
#12498=CARTESIAN_POINT('Ctrl Pts',(9.81098492216407,-10.5622505122657,4.10454824243757));
#12499=CARTESIAN_POINT('Ctrl Pts',(9.81098492216407,-10.5828204641642,4.09145827304761));
#12500=CARTESIAN_POINT('Ctrl Pts',(9.71098492216407,-10.4828204641642,4.14145827304761));
#12501=CARTESIAN_POINT('Ctrl Pts',(9.72594488718116,-10.4828204641642,4.14145827304761));
#12502=CARTESIAN_POINT('Ctrl Pts',(9.75580810943651,-10.4896654376275,4.13803578631596));
#12503=CARTESIAN_POINT('Ctrl Pts',(9.79786477414808,-10.5231201435535,4.12130843335294));
#12504=CARTESIAN_POINT('Ctrl Pts',(9.81098492216407,-10.5603805166385,4.10267824681043));
#12505=CARTESIAN_POINT('Ctrl Pts',(9.81098492216407,-10.5828204641642,4.09145827304761));
#12506=CARTESIAN_POINT('',(9.71098492216407,-10.5328204641642,4.19145827304761));
#12507=CARTESIAN_POINT('',(9.81098492216407,-10.5828204641642,4.09145827304761));
#12508=CARTESIAN_POINT('Origin',(9.71098492216407,-10.5828204641642,4.09145827304761));
#12509=CARTESIAN_POINT('',(9.71098492216407,-10.4828204641642,4.14145827304761));
#12510=CARTESIAN_POINT('Origin',(9.71098492216407,-10.5828204641642,4.09145827304761));
#12511=CARTESIAN_POINT('Origin',(9.71098492216407,-10.5328204641642,4.14145827304761));
#12512=CARTESIAN_POINT('Ctrl Pts',(9.71098492216407,-9.30282046416416,4.14145827304761));
#12513=CARTESIAN_POINT('Ctrl Pts',(9.73342486968971,-9.30282046416416,4.14145827304761));
#12514=CARTESIAN_POINT('Ctrl Pts',(9.7858595033834,-9.28452545794769,4.13231076993938));
#12515=CARTESIAN_POINT('Ctrl Pts',(9.81098492216407,-9.23274039419835,4.10641823806471));
#12516=CARTESIAN_POINT('Ctrl Pts',(9.81098492216407,-9.20282046416416,4.09145827304761));
#12517=CARTESIAN_POINT('Ctrl Pts',(9.71098492216407,-9.30282046416416,4.15454824243757));
#12518=CARTESIAN_POINT('Ctrl Pts',(9.73639126874125,-9.30282046416416,4.15454824243757));
#12519=CARTESIAN_POINT('Ctrl Pts',(9.79179318166316,-9.27872252104446,4.13951385484704));
#12520=CARTESIAN_POINT('Ctrl Pts',(9.81098492216407,-9.2302470666955,4.10891156556756));
#12521=CARTESIAN_POINT('Ctrl Pts',(9.81098492216407,-9.20282046416416,4.09145827304761));
#12522=CARTESIAN_POINT('Ctrl Pts',(9.71098492216407,-9.29196872070976,4.18060652959321));
#12523=CARTESIAN_POINT('Ctrl Pts',(9.73975846997994,-9.29196872070976,4.18060652959321));
#12524=CARTESIAN_POINT('Ctrl Pts',(9.79797432172645,-9.26539854431489,4.15403635319834));
#12525=CARTESIAN_POINT('Ctrl Pts',(9.81098492216407,-9.2252604116898,4.11389822057325));
#12526=CARTESIAN_POINT('Ctrl Pts',(9.81098492216407,-9.20282046416416,4.09145827304761));
#12527=CARTESIAN_POINT('Ctrl Pts',(9.71098492216407,-9.26591043355412,4.19145827304761));
#12528=CARTESIAN_POINT('Ctrl Pts',(9.73639126874125,-9.26591043355412,4.19145827304761));
#12529=CARTESIAN_POINT('Ctrl Pts',(9.79179318166316,-9.25087604596359,4.16736032992791));
#12530=CARTESIAN_POINT('Ctrl Pts',(9.81098492216407,-9.2202737566841,4.11888487557895));
#12531=CARTESIAN_POINT('Ctrl Pts',(9.81098492216407,-9.20282046416416,4.09145827304761));
#12532=CARTESIAN_POINT('Ctrl Pts',(9.71098492216407,-9.25282046416416,4.19145827304761));
#12533=CARTESIAN_POINT('Ctrl Pts',(9.73342486968971,-9.25282046416416,4.19145827304761));
#12534=CARTESIAN_POINT('Ctrl Pts',(9.7858595033834,-9.24367296105593,4.17316326683114));
#12535=CARTESIAN_POINT('Ctrl Pts',(9.81098492216407,-9.21778042918126,4.1213782030818));
#12536=CARTESIAN_POINT('Ctrl Pts',(9.81098492216407,-9.20282046416416,4.09145827304761));
#12537=CARTESIAN_POINT('',(9.71098492216407,-9.30282046416416,4.14145827304761));
#12538=CARTESIAN_POINT('',(9.81098492216407,-9.20282046416416,4.09145827304761));
#12539=CARTESIAN_POINT('Origin',(9.71098492216407,-9.20282046416416,4.09145827304761));
#12540=CARTESIAN_POINT('',(9.71098492216407,-9.25282046416416,4.19145827304761));
#12541=CARTESIAN_POINT('Origin',(9.71098492216407,-9.20282046416416,4.09145827304761));
#12542=CARTESIAN_POINT('Origin',(9.71098492216407,-9.25282046416416,4.14145827304761));
#12543=CARTESIAN_POINT('Origin',(9.71098492216407,-11.974332941251,4.09145827304761));
#12544=CARTESIAN_POINT('',(9.81098492216407,-11.974332941251,4.09145827304761));
#12545=CARTESIAN_POINT('',(9.71098492216407,-11.974332941251,4.19145827304761));
#12546=CARTESIAN_POINT('Origin',(9.71098492216407,-9.20282046416416,4.21516333395918));
#12547=CARTESIAN_POINT('',(9.71098492216407,-9.30282046416416,3.80032666791836));
#12548=CARTESIAN_POINT('',(9.71098492216407,-9.30282046416416,4.21516333395918));
#12549=CARTESIAN_POINT('',(9.81098492216407,-9.20282046416416,3.80032666791836));
#12550=CARTESIAN_POINT('Origin',(9.71098492216407,-9.20282046416416,3.80032666791836));
#12551=CARTESIAN_POINT('',(9.81098492216407,-9.20282046416416,4.21516333395918));
#12552=CARTESIAN_POINT('Origin',(9.71098492216407,-9.35282046416416,3.80032666791836));
#12553=CARTESIAN_POINT('',(9.71098492216407,-9.35282046416416,3.75032666791836));
#12554=CARTESIAN_POINT('',(9.81098492216407,-9.35282046416416,3.65032666791836));
#12555=CARTESIAN_POINT('Origin',(9.71098492216407,-9.35282046416416,3.65032666791836));
#12556=CARTESIAN_POINT('Origin',(9.81098492216407,-9.35282046416416,3.80032666791836));
#12557=CARTESIAN_POINT('Origin',(9.71098492216407,-9.35282046416416,3.80032666791836));
#12558=CARTESIAN_POINT('Origin',(9.71098492216407,-12.0949879045923,3.65032666791836));
#12559=CARTESIAN_POINT('',(9.71098492216407,-10.4328204641642,3.75032666791836));
#12560=CARTESIAN_POINT('',(9.81098492216407,-10.4328204641642,3.65032666791836));
#12561=CARTESIAN_POINT('Origin',(9.71098492216407,-10.4328204641642,3.65032666791836));
#12562=CARTESIAN_POINT('',(9.81098492216407,-12.0949879045923,3.65032666791836));
#12563=CARTESIAN_POINT('',(9.71098492216407,-12.0949879045923,3.75032666791836));
#12564=CARTESIAN_POINT('Origin',(9.71098492216407,-10.4328204641642,3.80032666791836));
#12565=CARTESIAN_POINT('',(9.71098492216407,-10.4828204641642,3.80032666791836));
#12566=CARTESIAN_POINT('',(9.81098492216407,-10.5828204641642,3.80032666791836));
#12567=CARTESIAN_POINT('Origin',(9.71098492216407,-10.5828204641642,3.80032666791836));
#12568=CARTESIAN_POINT('Origin',(9.81098492216407,-10.4328204641642,3.80032666791836));
#12569=CARTESIAN_POINT('Origin',(9.71098492216407,-10.4328204641642,3.80032666791836));
#12570=CARTESIAN_POINT('Origin',(9.71098492216407,-10.5828204641642,3.62516333395918));
#12571=CARTESIAN_POINT('',(9.81098492216407,-10.5828204641642,3.62516333395918));
#12572=CARTESIAN_POINT('',(9.71098492216407,-10.4828204641642,3.62516333395918));
#12573=CARTESIAN_POINT('Origin',(9.71098492216407,-12.684332941251,4.09145827304761));
#12574=CARTESIAN_POINT('',(9.71098492216407,-10.7315105374814,4.19145827304761));
#12575=CARTESIAN_POINT('',(9.71098492216407,-12.684332941251,4.19145827304761));
#12576=CARTESIAN_POINT('',(9.81098492216407,-10.8315105374814,4.09145827304761));
#12577=CARTESIAN_POINT('Origin',(9.71098492216407,-10.8315105374814,4.09145827304761));
#12578=CARTESIAN_POINT('',(9.81098492216407,-12.684332941251,4.09145827304761));
#12579=CARTESIAN_POINT('Origin',(9.81098492216407,-14.8871553450205,3.5));
#12580=CARTESIAN_POINT('',(9.81098492216407,0.362844654979469,0.95));
#12581=CARTESIAN_POINT('',(9.81098492216407,-30.1371553450205,0.95));
#12582=CARTESIAN_POINT('',(9.81098492216407,-14.8871553450205,0.95));
#12583=CARTESIAN_POINT('',(9.81098492216407,0.362844654979469,5.35));
#12584=CARTESIAN_POINT('',(9.81098492216407,0.362844654979469,3.5));
#12585=CARTESIAN_POINT('',(9.81098492216407,-13.2766059575301,5.35));
#12586=CARTESIAN_POINT('',(9.81098492216407,-14.8871553450205,5.35));
#12587=CARTESIAN_POINT('',(9.81098492216407,-13.2766059575301,6.75));
#12588=CARTESIAN_POINT('',(9.81098492216407,-13.2766059575301,5.));
#12589=CARTESIAN_POINT('',(9.81098492216407,-13.5766059575301,7.05));
#12590=CARTESIAN_POINT('Origin',(9.81098492216407,-13.5766059575301,6.75));
#12591=CARTESIAN_POINT('',(9.81098492216407,-16.5766059575301,7.05));
#12592=CARTESIAN_POINT('',(9.81098492216407,-14.9818806512753,7.05));
#12593=CARTESIAN_POINT('',(9.81098492216407,-16.8766059575301,6.75));
#12594=CARTESIAN_POINT('Origin',(9.81098492216407,-16.5766059575301,6.75));
#12595=CARTESIAN_POINT('',(9.81098492216407,-16.8766059575301,5.35));
#12596=CARTESIAN_POINT('',(9.81098492216407,-16.8766059575301,5.));
#12597=CARTESIAN_POINT('',(9.81098492216407,-30.1371553450205,5.35));
#12598=CARTESIAN_POINT('',(9.81098492216407,-14.8871553450205,5.35));
#12599=CARTESIAN_POINT('',(9.81098492216407,-30.1371553450205,3.5));
#12600=CARTESIAN_POINT('',(9.81098492216407,-10.8315105374814,4.59145827304761));
#12601=CARTESIAN_POINT('',(9.81098492216407,-10.8315105374814,3.84572913652381));
#12602=CARTESIAN_POINT('',(9.81098492216407,-10.5828204641642,4.59145827304761));
#12603=CARTESIAN_POINT('',(9.81098492216407,-12.809332941251,4.59145827304761));
#12604=CARTESIAN_POINT('',(9.81098492216407,-10.5828204641642,4.88032666791836));
#12605=CARTESIAN_POINT('',(9.81098492216407,-10.5828204641642,3.99572913652381));
#12606=CARTESIAN_POINT('',(9.81098492216407,-10.4328204641642,5.03032666791836));
#12607=CARTESIAN_POINT('Origin',(9.81098492216407,-10.4328204641642,4.88032666791836));
#12608=CARTESIAN_POINT('',(9.81098492216407,-9.35282046416416,5.03032666791836));
#12609=CARTESIAN_POINT('',(9.81098492216407,-12.6849879045923,5.03032666791836));
#12610=CARTESIAN_POINT('',(9.81098492216407,-9.20282046416416,4.88032666791836));
#12611=CARTESIAN_POINT('Origin',(9.81098492216407,-9.35282046416416,4.88032666791836));
#12612=CARTESIAN_POINT('',(9.81098492216407,-9.20282046416416,4.59145827304761));
#12613=CARTESIAN_POINT('',(9.81098492216407,-9.20282046416416,4.21516333395918));
#12614=CARTESIAN_POINT('',(9.81098492216407,-12.0949879045923,4.59145827304761));
#12615=CARTESIAN_POINT('',(9.81098492216407,-11.2028204641642,4.09145827304761));
#12616=CARTESIAN_POINT('',(9.81098492216407,-10.9615105374814,4.09145827304761));
#12617=CARTESIAN_POINT('',(9.81098492216407,-12.974332941251,4.09145827304761));
#12618=CARTESIAN_POINT('',(9.81098492216407,-11.2028204641642,3.80032666791836));
#12619=CARTESIAN_POINT('',(9.81098492216407,-11.2028204641642,4.21516333395918));
#12620=CARTESIAN_POINT('',(9.81098492216407,-11.3528204641642,3.65032666791836));
#12621=CARTESIAN_POINT('Origin',(9.81098492216407,-11.3528204641642,3.80032666791836));
#12622=CARTESIAN_POINT('',(9.81098492216407,-12.4328204641642,3.65032666791836));
#12623=CARTESIAN_POINT('',(9.81098492216407,-13.0949879045923,3.65032666791836));
#12624=CARTESIAN_POINT('',(9.81098492216407,-12.5828204641642,3.80032666791836));
#12625=CARTESIAN_POINT('Origin',(9.81098492216407,-12.4328204641642,3.80032666791836));
#12626=CARTESIAN_POINT('',(9.81098492216407,-12.5828204641642,4.09145827304761));
#12627=CARTESIAN_POINT('',(9.81098492216407,-12.5828204641642,3.62516333395918));
#12628=CARTESIAN_POINT('',(9.81098492216407,-12.8328204641642,4.09145827304761));
#12629=CARTESIAN_POINT('',(9.81098492216407,-13.6849879045923,4.09145827304761));
#12630=CARTESIAN_POINT('',(9.81098492216407,-12.8328204641642,4.59145827304761));
#12631=CARTESIAN_POINT('',(9.81098492216407,-12.8328204641642,3.84572913652381));
#12632=CARTESIAN_POINT('',(9.81098492216407,-12.5828204641642,4.59145827304761));
#12633=CARTESIAN_POINT('',(9.81098492216407,-13.809332941251,4.59145827304761));
#12634=CARTESIAN_POINT('',(9.81098492216407,-12.5828204641642,4.88032666791836));
#12635=CARTESIAN_POINT('',(9.81098492216407,-12.5828204641642,3.99572913652381));
#12636=CARTESIAN_POINT('',(9.81098492216407,-12.4328204641642,5.03032666791836));
#12637=CARTESIAN_POINT('Origin',(9.81098492216407,-12.4328204641642,4.88032666791836));
#12638=CARTESIAN_POINT('',(9.81098492216407,-11.3528204641642,5.03032666791836));
#12639=CARTESIAN_POINT('',(9.81098492216407,-13.6849879045923,5.03032666791836));
#12640=CARTESIAN_POINT('',(9.81098492216407,-11.2028204641642,4.88032666791836));
#12641=CARTESIAN_POINT('Origin',(9.81098492216407,-11.3528204641642,4.88032666791836));
#12642=CARTESIAN_POINT('',(9.81098492216407,-11.2028204641642,4.59145827304761));
#12643=CARTESIAN_POINT('',(9.81098492216407,-11.2028204641642,4.21516333395918));
#12644=CARTESIAN_POINT('',(9.81098492216407,-10.9615105374814,4.59145827304761));
#12645=CARTESIAN_POINT('',(9.81098492216407,-13.0949879045923,4.59145827304761));
#12646=CARTESIAN_POINT('',(9.81098492216407,-10.9615105374814,3.99572913652381));
#12647=CARTESIAN_POINT('',(9.81098492216407,-17.2028204641642,4.09145827304761));
#12648=CARTESIAN_POINT('',(9.81098492216407,-16.9615105374814,4.09145827304761));
#12649=CARTESIAN_POINT('',(9.81098492216407,-15.974332941251,4.09145827304761));
#12650=CARTESIAN_POINT('',(9.81098492216407,-17.2028204641642,3.80032666791836));
#12651=CARTESIAN_POINT('',(9.81098492216407,-17.2028204641642,4.21516333395918));
#12652=CARTESIAN_POINT('',(9.81098492216407,-17.3528204641642,3.65032666791836));
#12653=CARTESIAN_POINT('Origin',(9.81098492216407,-17.3528204641642,3.80032666791836));
#12654=CARTESIAN_POINT('',(9.81098492216407,-18.4328204641642,3.65032666791836));
#12655=CARTESIAN_POINT('',(9.81098492216407,-16.0949879045923,3.65032666791836));
#12656=CARTESIAN_POINT('',(9.81098492216407,-18.5828204641642,3.80032666791836));
#12657=CARTESIAN_POINT('Origin',(9.81098492216407,-18.4328204641642,3.80032666791836));
#12658=CARTESIAN_POINT('',(9.81098492216407,-18.5828204641642,4.09145827304761));
#12659=CARTESIAN_POINT('',(9.81098492216407,-18.5828204641642,3.62516333395918));
#12660=CARTESIAN_POINT('',(9.81098492216407,-18.8315105374814,4.09145827304761));
#12661=CARTESIAN_POINT('',(9.81098492216407,-16.684332941251,4.09145827304761));
#12662=CARTESIAN_POINT('',(9.81098492216407,-18.8315105374814,4.59145827304761));
#12663=CARTESIAN_POINT('',(9.81098492216407,-18.8315105374814,3.84572913652381));
#12664=CARTESIAN_POINT('',(9.81098492216407,-18.5828204641642,4.59145827304761));
#12665=CARTESIAN_POINT('',(9.81098492216407,-16.809332941251,4.59145827304761));
#12666=CARTESIAN_POINT('',(9.81098492216407,-18.5828204641642,4.88032666791836));
#12667=CARTESIAN_POINT('',(9.81098492216407,-18.5828204641642,3.99572913652381));
#12668=CARTESIAN_POINT('',(9.81098492216407,-18.4328204641642,5.03032666791836));
#12669=CARTESIAN_POINT('Origin',(9.81098492216407,-18.4328204641642,4.88032666791836));
#12670=CARTESIAN_POINT('',(9.81098492216407,-17.3528204641642,5.03032666791836));
#12671=CARTESIAN_POINT('',(9.81098492216407,-16.6849879045923,5.03032666791836));
#12672=CARTESIAN_POINT('',(9.81098492216407,-17.2028204641642,4.88032666791836));
#12673=CARTESIAN_POINT('Origin',(9.81098492216407,-17.3528204641642,4.88032666791836));
#12674=CARTESIAN_POINT('',(9.81098492216407,-17.2028204641642,4.59145827304761));
#12675=CARTESIAN_POINT('',(9.81098492216407,-17.2028204641642,4.21516333395918));
#12676=CARTESIAN_POINT('',(9.81098492216407,-16.9615105374814,4.59145827304761));
#12677=CARTESIAN_POINT('',(9.81098492216407,-16.0949879045923,4.59145827304761));
#12678=CARTESIAN_POINT('',(9.81098492216407,-16.9615105374814,3.99572913652381));
#12679=CARTESIAN_POINT('',(9.81098492216407,-13.05,1.55));
#12680=CARTESIAN_POINT('',(9.81098492216407,-13.05,5.1));
#12681=CARTESIAN_POINT('',(9.81098492216407,-13.05,4.25));
#12682=CARTESIAN_POINT('',(9.81098492216407,-16.8,1.55));
#12683=CARTESIAN_POINT('',(9.81098492216407,-14.0185776725103,1.55));
#12684=CARTESIAN_POINT('',(9.81098492216407,-16.8,5.1));
#12685=CARTESIAN_POINT('',(9.81098492216407,-16.8,2.575));
#12686=CARTESIAN_POINT('',(9.81098492216407,-15.7935776725103,5.1));
#12687=CARTESIAN_POINT('Origin',(9.71098492216407,-10.8315105374814,3.84572913652381));
#12688=CARTESIAN_POINT('',(9.71098492216407,-10.7315105374814,4.49145827304761));
#12689=CARTESIAN_POINT('',(9.71098492216407,-10.7315105374814,3.84572913652381));
#12690=CARTESIAN_POINT('Origin',(9.71098492216407,-10.8315105374814,4.59145827304761));
#12691=CARTESIAN_POINT('Origin',(14.1109849221641,-10.7315105374814,4.19145827304761));
#12692=CARTESIAN_POINT('',(14.1109849221641,-10.7315105374814,4.19145827304761));
#12693=CARTESIAN_POINT('',(14.1109849221641,-10.7315105374814,4.49145827304761));
#12694=CARTESIAN_POINT('Ctrl Pts',(9.71098492216407,-9.25282046416416,4.49145827304761));
#12695=CARTESIAN_POINT('Ctrl Pts',(9.72594488718116,-9.25282046416416,4.49145827304761));
#12696=CARTESIAN_POINT('Ctrl Pts',(9.75580820571172,-9.24939800685949,4.49830318765695));
#12697=CARTESIAN_POINT('Ctrl Pts',(9.79786496865848,-9.23267066570883,4.53175786995827));
#12698=CARTESIAN_POINT('Ctrl Pts',(9.81098492216407,-9.21404043792698,4.56901832552197));
#12699=CARTESIAN_POINT('Ctrl Pts',(9.81098492216407,-9.20282046416416,4.59145827304761));
#12700=CARTESIAN_POINT('Ctrl Pts',(9.71098492216407,-9.26591043355412,4.49145827304761));
#12701=CARTESIAN_POINT('Ctrl Pts',(9.72792248654885,-9.26591043355412,4.49145827304761));
#12702=CARTESIAN_POINT('Ctrl Pts',(9.76120468075317,-9.26017189363036,4.50051928951855));
#12703=CARTESIAN_POINT('Ctrl Pts',(9.80049063203411,-9.23762576249324,4.53668677516474));
#12704=CARTESIAN_POINT('Ctrl Pts',(9.81098492216407,-9.21591043355412,4.57088832114911));
#12705=CARTESIAN_POINT('Ctrl Pts',(9.81098492216407,-9.20282046416416,4.59145827304761));
#12706=CARTESIAN_POINT('Ctrl Pts',(9.71098492216406,-9.29196865934818,4.50231007786359));
#12707=CARTESIAN_POINT('Ctrl Pts',(9.73016728737465,-9.29196865934818,4.50231007786359));
#12708=CARTESIAN_POINT('Ctrl Pts',(9.76717917621563,-9.28170131767859,4.51257741953318));
#12709=CARTESIAN_POINT('Ctrl Pts',(9.80305295550157,-9.24761553849619,4.54666319871558));
#12710=CARTESIAN_POINT('Ctrl Pts',(9.81098492216407,-9.21965042480839,4.57462831240338));
#12711=CARTESIAN_POINT('Ctrl Pts',(9.81098492216407,-9.20282046416416,4.59145827304761));
#12712=CARTESIAN_POINT('Ctrl Pts',(9.71098492216407,-9.30282046416416,4.52836830365765));
#12713=CARTESIAN_POINT('Ctrl Pts',(9.72792248654885,-9.30282046416416,4.52836830365765));
#12714=CARTESIAN_POINT('Ctrl Pts',(9.76120468075317,-9.29375944769322,4.53410684358141));
#12715=CARTESIAN_POINT('Ctrl Pts',(9.80049063203411,-9.25759196204704,4.55665297471853));
#12716=CARTESIAN_POINT('Ctrl Pts',(9.81098492216407,-9.22339041606266,4.57836830365765));
#12717=CARTESIAN_POINT('Ctrl Pts',(9.81098492216407,-9.20282046416416,4.59145827304761));
#12718=CARTESIAN_POINT('Ctrl Pts',(9.71098492216407,-9.30282046416416,4.54145827304761));
#12719=CARTESIAN_POINT('Ctrl Pts',(9.72594488718116,-9.30282046416416,4.54145827304761));
#12720=CARTESIAN_POINT('Ctrl Pts',(9.75580820571172,-9.29597554955482,4.54488073035228));
#12721=CARTESIAN_POINT('Ctrl Pts',(9.79786496865848,-9.26252086725351,4.56160807150294));
#12722=CARTESIAN_POINT('Ctrl Pts',(9.81098492216407,-9.2252604116898,4.58023829928479));
#12723=CARTESIAN_POINT('Ctrl Pts',(9.81098492216407,-9.20282046416416,4.59145827304761));
#12724=CARTESIAN_POINT('',(9.71098492216407,-9.25282046416416,4.49145827304761));
#12725=CARTESIAN_POINT('Origin',(9.71098492216407,-9.20282046416416,4.59145827304761));
#12726=CARTESIAN_POINT('',(9.71098492216407,-9.30282046416416,4.54145827304761));
#12727=CARTESIAN_POINT('Origin',(9.71098492216407,-9.20282046416416,4.59145827304761));
#12728=CARTESIAN_POINT('Origin',(9.71098492216407,-9.25282046416416,4.54145827304761));
#12729=CARTESIAN_POINT('Ctrl Pts',(9.71098492216407,-10.4828204641642,4.54145827304761));
#12730=CARTESIAN_POINT('Ctrl Pts',(9.73342486968971,-10.4828204641642,4.54145827304761));
#12731=CARTESIAN_POINT('Ctrl Pts',(9.78585886147937,-10.5011162405749,4.550606161253));
#12732=CARTESIAN_POINT('Ctrl Pts',(9.81098492216407,-10.55290053413,4.57649830803052));
#12733=CARTESIAN_POINT('Ctrl Pts',(9.81098492216407,-10.5828204641642,4.59145827304761));
#12734=CARTESIAN_POINT('Ctrl Pts',(9.71098492216407,-10.4828204641642,4.52836830365765));
#12735=CARTESIAN_POINT('Ctrl Pts',(9.73639126874125,-10.4828204641642,4.52836830365765));
#12736=CARTESIAN_POINT('Ctrl Pts',(9.79179073475034,-10.5069195150057,4.54340311321063));
#12737=CARTESIAN_POINT('Ctrl Pts',(9.81098492216407,-10.5553938616328,4.57400498052767));
#12738=CARTESIAN_POINT('Ctrl Pts',(9.81098492216407,-10.5828204641642,4.59145827304761));
#12739=CARTESIAN_POINT('Ctrl Pts',(9.71098492216407,-10.4936724584861,4.5023102673695));
#12740=CARTESIAN_POINT('Ctrl Pts',(9.73975846997995,-10.4936724584861,4.5023102673695));
#12741=CARTESIAN_POINT('Ctrl Pts',(9.79796866516283,-10.5202423941751,4.52888020305857));
#12742=CARTESIAN_POINT('Ctrl Pts',(9.81098492216407,-10.5603805166385,4.56901832552197));
#12743=CARTESIAN_POINT('Ctrl Pts',(9.81098492216407,-10.5828204641642,4.59145827304761));
#12744=CARTESIAN_POINT('Ctrl Pts',(9.71098492216407,-10.5197304947742,4.49145827304761));
#12745=CARTESIAN_POINT('Ctrl Pts',(9.73639126874125,-10.5197304947742,4.49145827304761));
#12746=CARTESIAN_POINT('Ctrl Pts',(9.79179073475034,-10.5347653043272,4.51555732388912));
#12747=CARTESIAN_POINT('Ctrl Pts',(9.81098492216407,-10.5653671716442,4.56403167051627));
#12748=CARTESIAN_POINT('Ctrl Pts',(9.81098492216407,-10.5828204641642,4.59145827304761));
#12749=CARTESIAN_POINT('Ctrl Pts',(9.71098492216407,-10.5328204641642,4.49145827304761));
#12750=CARTESIAN_POINT('Ctrl Pts',(9.73342486968971,-10.5328204641642,4.49145827304761));
#12751=CARTESIAN_POINT('Ctrl Pts',(9.78585886147937,-10.5419683523696,4.5097540494584));
#12752=CARTESIAN_POINT('Ctrl Pts',(9.81098492216407,-10.5678604991471,4.56153834301343));
#12753=CARTESIAN_POINT('Ctrl Pts',(9.81098492216407,-10.5828204641642,4.59145827304761));
#12754=CARTESIAN_POINT('',(9.71098492216407,-10.4828204641642,4.54145827304761));
#12755=CARTESIAN_POINT('Origin',(9.71098492216407,-10.5828204641642,4.59145827304761));
#12756=CARTESIAN_POINT('',(9.71098492216407,-10.5328204641642,4.49145827304761));
#12757=CARTESIAN_POINT('Origin',(9.71098492216407,-10.5828204641642,4.59145827304761));
#12758=CARTESIAN_POINT('Origin',(9.71098492216407,-10.5328204641642,4.54145827304761));
#12759=CARTESIAN_POINT('Origin',(9.71098492216407,-12.809332941251,4.59145827304761));
#12760=CARTESIAN_POINT('',(9.71098492216407,-12.809332941251,4.49145827304761));
#12761=CARTESIAN_POINT('Origin',(9.71098492216407,-10.5828204641642,3.99572913652381));
#12762=CARTESIAN_POINT('',(9.71098492216407,-10.4828204641642,4.88032666791836));
#12763=CARTESIAN_POINT('',(9.71098492216407,-10.4828204641642,3.99572913652381));
#12764=CARTESIAN_POINT('Origin',(9.71098492216407,-10.5828204641642,4.88032666791836));
#12765=CARTESIAN_POINT('Origin',(9.71098492216407,-10.4328204641642,4.88032666791836));
#12766=CARTESIAN_POINT('',(9.71098492216407,-10.4328204641642,4.93032666791836));
#12767=CARTESIAN_POINT('Origin',(9.71098492216407,-10.4328204641642,5.03032666791836));
#12768=CARTESIAN_POINT('Origin',(9.71098492216407,-10.4328204641642,4.88032666791836));
#12769=CARTESIAN_POINT('Origin',(9.71098492216407,-12.6849879045923,5.03032666791836));
#12770=CARTESIAN_POINT('',(9.71098492216407,-9.35282046416416,4.93032666791836));
#12771=CARTESIAN_POINT('Origin',(9.71098492216407,-9.35282046416416,5.03032666791836));
#12772=CARTESIAN_POINT('',(9.71098492216407,-12.6849879045923,4.93032666791836));
#12773=CARTESIAN_POINT('Origin',(9.71098492216407,-9.35282046416416,4.88032666791836));
#12774=CARTESIAN_POINT('',(9.71098492216407,-9.30282046416416,4.88032666791836));
#12775=CARTESIAN_POINT('Origin',(9.71098492216407,-9.20282046416416,4.88032666791836));
#12776=CARTESIAN_POINT('Origin',(9.71098492216407,-9.35282046416416,4.88032666791836));
#12777=CARTESIAN_POINT('Origin',(9.71098492216407,-9.20282046416416,4.21516333395918));
#12778=CARTESIAN_POINT('',(9.71098492216407,-9.30282046416416,4.21516333395918));
#12779=CARTESIAN_POINT('Origin',(9.71098492216407,-12.0949879045923,4.59145827304761));
#12780=CARTESIAN_POINT('',(9.71098492216407,-12.0949879045923,4.49145827304761));
#12781=CARTESIAN_POINT('Origin',(14.1109849221641,-10.7315105374814,4.49145827304761));
#12782=CARTESIAN_POINT('',(9.01098492216407,-10.4815105374814,4.49145827304761));
#12783=CARTESIAN_POINT('',(14.1109849221641,-10.4815105374814,4.49145827304761));
#12784=CARTESIAN_POINT('',(9.01098492216407,-10.5328204641642,4.49145827304761));
#12785=CARTESIAN_POINT('',(9.01098492216407,-10.3121655008228,4.49145827304761));
#12786=CARTESIAN_POINT('',(13.8609849221641,-10.5328204641642,4.49145827304761));
#12787=CARTESIAN_POINT('Origin',(13.6109849221641,-10.4328204641642,4.88032666791836));
#12788=CARTESIAN_POINT('',(9.01098492216407,-10.4828204641642,4.88032666791836));
#12789=CARTESIAN_POINT('',(13.6109849221641,-10.4828204641642,4.88032666791836));
#12790=CARTESIAN_POINT('',(9.01098492216407,-10.4328204641642,4.93032666791836));
#12791=CARTESIAN_POINT('Origin',(9.01098492216407,-10.4328204641642,4.88032666791836));
#12792=CARTESIAN_POINT('',(13.6109849221641,-10.4328204641642,4.93032666791836));
#12793=CARTESIAN_POINT('Origin',(13.6109849221641,-10.4828204641642,4.93032666791836));
#12794=CARTESIAN_POINT('',(9.01098492216407,-9.35282046416416,4.93032666791836));
#12795=CARTESIAN_POINT('',(9.01098492216407,-9.30282046416416,4.93032666791836));
#12796=CARTESIAN_POINT('',(13.6109849221641,-9.35282046416416,4.93032666791836));
#12797=CARTESIAN_POINT('Origin',(13.6109849221641,-10.4328204641642,3.80032666791836));
#12798=CARTESIAN_POINT('',(9.01098492216407,-10.4328204641642,3.75032666791836));
#12799=CARTESIAN_POINT('',(13.6109849221641,-10.4328204641642,3.75032666791836));
#12800=CARTESIAN_POINT('',(9.01098492216407,-10.4828204641642,3.80032666791836));
#12801=CARTESIAN_POINT('Origin',(9.01098492216407,-10.4328204641642,3.80032666791836));
#12802=CARTESIAN_POINT('',(13.6109849221641,-10.4828204641642,3.80032666791836));
#12803=CARTESIAN_POINT('Origin',(13.6109849221641,-9.30282046416416,3.75032666791836));
#12804=CARTESIAN_POINT('',(9.01098492216407,-9.35282046416416,3.75032666791836));
#12805=CARTESIAN_POINT('',(13.6109849221641,-9.35282046416416,3.75032666791836));
#12806=CARTESIAN_POINT('',(9.01098492216407,-10.4828204641642,3.75032666791836));
#12807=CARTESIAN_POINT('Origin',(13.8609849221641,-10.5328204641642,4.14145827304761));
#12808=CARTESIAN_POINT('',(9.01098492216407,-10.4828204641642,4.14145827304761));
#12809=CARTESIAN_POINT('',(13.8609849221641,-10.4828204641642,4.14145827304761));
#12810=CARTESIAN_POINT('',(9.01098492216407,-10.5328204641642,4.19145827304761));
#12811=CARTESIAN_POINT('Origin',(9.01098492216407,-10.5328204641642,4.14145827304761));
#12812=CARTESIAN_POINT('',(13.8609849221641,-10.5328204641642,4.19145827304761));
#12813=CARTESIAN_POINT('Origin',(13.6109849221641,-10.4828204641642,3.75032666791836));
#12814=CARTESIAN_POINT('',(9.01098492216407,-10.4828204641642,4.19145827304761));
#12815=CARTESIAN_POINT('Origin',(13.6109849221641,-9.35282046416416,3.80032666791836));
#12816=CARTESIAN_POINT('',(9.01098492216407,-9.30282046416416,3.80032666791836));
#12817=CARTESIAN_POINT('',(13.6109849221641,-9.30282046416416,3.80032666791836));
#12818=CARTESIAN_POINT('Origin',(9.01098492216407,-9.35282046416416,3.80032666791836));
#12819=CARTESIAN_POINT('Origin',(9.01098492216407,-9.89282046416416,4.34032666791836));
#12820=CARTESIAN_POINT('',(9.01098492216407,-10.4828204641642,4.54145827304761));
#12821=CARTESIAN_POINT('',(9.01098492216407,-10.4828204641642,4.93032666791836));
#12822=CARTESIAN_POINT('Origin',(9.01098492216407,-10.5328204641642,4.54145827304761));
#12823=CARTESIAN_POINT('',(9.01098492216407,-10.4815105374814,4.19145827304761));
#12824=CARTESIAN_POINT('',(9.01098492216407,-10.4815105374814,4.41589247048299));
#12825=CARTESIAN_POINT('',(9.01098492216407,-10.1871655008228,4.19145827304761));
#12826=CARTESIAN_POINT('',(9.01098492216407,-9.30282046416416,4.14145827304761));
#12827=CARTESIAN_POINT('',(9.01098492216407,-9.30282046416416,3.75032666791836));
#12828=CARTESIAN_POINT('',(9.01098492216407,-9.25282046416416,4.19145827304761));
#12829=CARTESIAN_POINT('Origin',(9.01098492216407,-9.25282046416416,4.14145827304761));
#12830=CARTESIAN_POINT('',(9.01098492216407,-9.30282046416416,4.19145827304761));
#12831=CARTESIAN_POINT('',(9.01098492216407,-9.47716550082278,4.19145827304761));
#12832=CARTESIAN_POINT('',(9.01098492216407,-9.30282046416416,4.49145827304761));
#12833=CARTESIAN_POINT('',(9.01098492216407,-9.30282046416416,3.75032666791836));
#12834=CARTESIAN_POINT('',(9.01098492216407,-9.25282046416416,4.49145827304761));
#12835=CARTESIAN_POINT('',(9.01098492216407,-9.59782046416416,4.49145827304761));
#12836=CARTESIAN_POINT('',(9.01098492216407,-9.30282046416416,4.54145827304761));
#12837=CARTESIAN_POINT('Origin',(9.01098492216407,-9.25282046416416,4.54145827304761));
#12838=CARTESIAN_POINT('',(9.01098492216407,-9.30282046416416,4.88032666791836));
#12839=CARTESIAN_POINT('',(9.01098492216407,-9.30282046416416,3.75032666791836));
#12840=CARTESIAN_POINT('Origin',(9.01098492216407,-9.35282046416416,4.88032666791836));
#12841=CARTESIAN_POINT('Origin',(13.6109849221641,-9.30282046416416,4.93032666791836));
#12842=CARTESIAN_POINT('',(13.6109849221641,-9.30282046416416,4.14145827304761));
#12843=CARTESIAN_POINT('Origin',(13.8609849221641,-10.5328204641642,4.54145827304761));
#12844=CARTESIAN_POINT('',(13.8609849221641,-10.4828204641642,4.54145827304761));
#12845=CARTESIAN_POINT('Origin',(13.6109849221641,-9.25282046416416,4.54145827304761));
#12846=CARTESIAN_POINT('',(13.6109849221641,-9.30282046416416,4.54145827304761));
#12847=CARTESIAN_POINT('',(13.6109849221641,-9.25282046416416,4.49145827304761));
#12848=CARTESIAN_POINT('Origin',(13.6109849221641,-9.30282046416416,4.93032666791836));
#12849=CARTESIAN_POINT('',(13.6109849221641,-9.30282046416416,4.88032666791836));
#12850=CARTESIAN_POINT('Origin',(13.6109849221641,-9.25282046416416,4.14145827304761));
#12851=CARTESIAN_POINT('',(13.6109849221641,-9.25282046416416,4.19145827304761));
#12852=CARTESIAN_POINT('Origin',(13.6109849221641,-9.06151053748139,4.19145827304761));
#12853=CARTESIAN_POINT('',(13.6109849221641,-9.30282046416416,4.19145827304761));
#12854=CARTESIAN_POINT('Origin',(13.6109849221641,-9.35282046416416,4.88032666791836));
#12855=CARTESIAN_POINT('Origin',(9.71098492216407,-10.9615105374814,3.99572913652381));
#12856=CARTESIAN_POINT('',(9.71098492216407,-11.0615105374814,4.49145827304761));
#12857=CARTESIAN_POINT('Origin',(9.71098492216407,-10.9615105374814,4.59145827304761));
#12858=CARTESIAN_POINT('',(9.71098492216407,-11.0615105374814,4.19145827304761));
#12859=CARTESIAN_POINT('',(9.71098492216407,-11.0615105374814,3.99572913652381));
#12860=CARTESIAN_POINT('Origin',(9.71098492216407,-10.9615105374814,4.09145827304761));
#12861=CARTESIAN_POINT('Origin',(13.6109849221641,-11.0615105374814,4.49145827304761));
#12862=CARTESIAN_POINT('',(13.6109849221641,-11.0615105374814,4.49145827304761));
#12863=CARTESIAN_POINT('',(13.6109849221641,-11.0615105374814,4.19145827304761));
#12864=CARTESIAN_POINT('Ctrl Pts',(9.71098492216407,-12.5328204641642,4.19145827304761));
#12865=CARTESIAN_POINT('Ctrl Pts',(9.72594488718116,-12.5328204641642,4.19145827304761));
#12866=CARTESIAN_POINT('Ctrl Pts',(9.755807911644,-12.5362430112129,4.18461317895017));
#12867=CARTESIAN_POINT('Ctrl Pts',(9.7978643757207,-12.5529703884336,4.15115842450882));
#12868=CARTESIAN_POINT('Ctrl Pts',(9.81098492216407,-12.5716004904013,4.11389822057325));
#12869=CARTESIAN_POINT('Ctrl Pts',(9.81098492216407,-12.5828204641642,4.09145827304761));
#12870=CARTESIAN_POINT('Ctrl Pts',(9.71098492216407,-12.5197304947742,4.19145827304761));
#12871=CARTESIAN_POINT('Ctrl Pts',(9.72792248654885,-12.5197304947742,4.19145827304761));
#12872=CARTESIAN_POINT('Ctrl Pts',(9.76120438947197,-12.5254695449368,4.18239632235614));
#12873=CARTESIAN_POINT('Ctrl Pts',(9.80049031394693,-12.5480158008027,4.1462285375022));
#12874=CARTESIAN_POINT('Ctrl Pts',(9.81098492216407,-12.5697304947742,4.11202822494612));
#12875=CARTESIAN_POINT('Ctrl Pts',(9.81098492216407,-12.5828204641642,4.09145827304761));
#12876=CARTESIAN_POINT('Ctrl Pts',(9.71098492216407,-12.4936726464687,4.18060609074303));
#12877=CARTESIAN_POINT('Ctrl Pts',(9.73016728737465,-12.4936726464687,4.18060609074303));
#12878=CARTESIAN_POINT('Ctrl Pts',(9.76717780670888,-12.5039407502212,4.17033798699059));
#12879=CARTESIAN_POINT('Ctrl Pts',(9.80305209134556,-12.5380265055142,4.13625223169754));
#12880=CARTESIAN_POINT('Ctrl Pts',(9.81098492216406,-12.5659905035199,4.10828823369184));
#12881=CARTESIAN_POINT('Ctrl Pts',(9.81098492216406,-12.5828204641642,4.09145827304761));
#12882=CARTESIAN_POINT('Ctrl Pts',(9.71098492216407,-12.4828204641642,4.15454824243757));
#12883=CARTESIAN_POINT('Ctrl Pts',(9.72792248654885,-12.4828204641642,4.15454824243757));
#12884=CARTESIAN_POINT('Ctrl Pts',(9.76120438947197,-12.4918824148556,4.148809192275));
#12885=CARTESIAN_POINT('Ctrl Pts',(9.80049031394693,-12.5280501997096,4.12626293640902));
#12886=CARTESIAN_POINT('Ctrl Pts',(9.81098492216407,-12.5622505122657,4.10454824243757));
#12887=CARTESIAN_POINT('Ctrl Pts',(9.81098492216407,-12.5828204641642,4.09145827304761));
#12888=CARTESIAN_POINT('Ctrl Pts',(9.71098492216407,-12.4828204641642,4.14145827304761));
#12889=CARTESIAN_POINT('Ctrl Pts',(9.72594488718116,-12.4828204641642,4.14145827304761));
#12890=CARTESIAN_POINT('Ctrl Pts',(9.755807911644,-12.4896655582616,4.13803572599889));
#12891=CARTESIAN_POINT('Ctrl Pts',(9.7978643757207,-12.523120312703,4.12130834877821));
#12892=CARTESIAN_POINT('Ctrl Pts',(9.81098492216407,-12.5603805166385,4.10267824681043));
#12893=CARTESIAN_POINT('Ctrl Pts',(9.81098492216407,-12.5828204641642,4.09145827304761));
#12894=CARTESIAN_POINT('',(9.71098492216407,-12.5328204641642,4.19145827304761));
#12895=CARTESIAN_POINT('Origin',(9.71098492216407,-12.5828204641642,4.09145827304761));
#12896=CARTESIAN_POINT('',(9.71098492216407,-12.4828204641642,4.14145827304761));
#12897=CARTESIAN_POINT('Origin',(9.71098492216407,-12.5828204641642,4.09145827304761));
#12898=CARTESIAN_POINT('Origin',(9.71098492216407,-12.5328204641642,4.14145827304761));
#12899=CARTESIAN_POINT('Ctrl Pts',(9.71098492216407,-11.3028204641642,4.14145827304761));
#12900=CARTESIAN_POINT('Ctrl Pts',(9.73342486968971,-11.3028204641642,4.14145827304761));
#12901=CARTESIAN_POINT('Ctrl Pts',(9.78585878843083,-11.2845246001054,4.13231034101825));
#12902=CARTESIAN_POINT('Ctrl Pts',(9.81098492216407,-11.2327403941983,4.10641823806471));
#12903=CARTESIAN_POINT('Ctrl Pts',(9.81098492216407,-11.2028204641642,4.09145827304761));
#12904=CARTESIAN_POINT('Ctrl Pts',(9.71098492216407,-11.3028204641642,4.15454824243757));
#12905=CARTESIAN_POINT('Ctrl Pts',(9.73639126874125,-11.3028204641642,4.15454824243757));
#12906=CARTESIAN_POINT('Ctrl Pts',(9.7917904562922,-11.2787212872642,4.13951338486537));
#12907=CARTESIAN_POINT('Ctrl Pts',(9.81098492216407,-11.2302470666955,4.10891156556756));
#12908=CARTESIAN_POINT('Ctrl Pts',(9.81098492216407,-11.2028204641642,4.09145827304761));
#12909=CARTESIAN_POINT('Ctrl Pts',(9.71098492216407,-11.291968441381,4.18060625026442));
#12910=CARTESIAN_POINT('Ctrl Pts',(9.73975846997994,-11.291968441381,4.18060625026442));
#12911=CARTESIAN_POINT('Ctrl Pts',(9.79796802160503,-11.2653985328589,4.15403634174237));
#12912=CARTESIAN_POINT('Ctrl Pts',(9.81098492216407,-11.2252604116898,4.11389822057325));
#12913=CARTESIAN_POINT('Ctrl Pts',(9.81098492216407,-11.2028204641642,4.09145827304761));
#12914=CARTESIAN_POINT('Ctrl Pts',(9.71098492216407,-11.2659104335541,4.19145827304761));
#12915=CARTESIAN_POINT('Ctrl Pts',(9.73639126874125,-11.2659104335541,4.19145827304761));
#12916=CARTESIAN_POINT('Ctrl Pts',(9.79179045629221,-11.2508755759819,4.16735909614761));
#12917=CARTESIAN_POINT('Ctrl Pts',(9.81098492216407,-11.2202737566841,4.11888487557895));
#12918=CARTESIAN_POINT('Ctrl Pts',(9.81098492216407,-11.2028204641642,4.09145827304761));
#12919=CARTESIAN_POINT('Ctrl Pts',(9.71098492216407,-11.2528204641642,4.19145827304761));
#12920=CARTESIAN_POINT('Ctrl Pts',(9.73342486968971,-11.2528204641642,4.19145827304761));
#12921=CARTESIAN_POINT('Ctrl Pts',(9.78585878843083,-11.2436725321348,4.17316240898889));
#12922=CARTESIAN_POINT('Ctrl Pts',(9.81098492216407,-11.2177804291813,4.1213782030818));
#12923=CARTESIAN_POINT('Ctrl Pts',(9.81098492216407,-11.2028204641642,4.09145827304761));
#12924=CARTESIAN_POINT('',(9.71098492216407,-11.3028204641642,4.14145827304761));
#12925=CARTESIAN_POINT('Origin',(9.71098492216407,-11.2028204641642,4.09145827304761));
#12926=CARTESIAN_POINT('',(9.71098492216407,-11.2528204641642,4.19145827304761));
#12927=CARTESIAN_POINT('Origin',(9.71098492216407,-11.2028204641642,4.09145827304761));
#12928=CARTESIAN_POINT('Origin',(9.71098492216407,-11.2528204641642,4.14145827304761));
#12929=CARTESIAN_POINT('Origin',(9.71098492216407,-12.974332941251,4.09145827304761));
#12930=CARTESIAN_POINT('',(9.71098492216407,-12.974332941251,4.19145827304761));
#12931=CARTESIAN_POINT('Origin',(9.71098492216407,-11.2028204641642,4.21516333395918));
#12932=CARTESIAN_POINT('',(9.71098492216407,-11.3028204641642,3.80032666791836));
#12933=CARTESIAN_POINT('',(9.71098492216407,-11.3028204641642,4.21516333395918));
#12934=CARTESIAN_POINT('Origin',(9.71098492216407,-11.2028204641642,3.80032666791836));
#12935=CARTESIAN_POINT('Origin',(9.71098492216407,-11.3528204641642,3.80032666791836));
#12936=CARTESIAN_POINT('',(9.71098492216407,-11.3528204641642,3.75032666791836));
#12937=CARTESIAN_POINT('Origin',(9.71098492216407,-11.3528204641642,3.65032666791836));
#12938=CARTESIAN_POINT('Origin',(9.71098492216407,-11.3528204641642,3.80032666791836));
#12939=CARTESIAN_POINT('Origin',(9.71098492216407,-13.0949879045923,3.65032666791836));
#12940=CARTESIAN_POINT('',(9.71098492216407,-12.4328204641642,3.75032666791836));
#12941=CARTESIAN_POINT('Origin',(9.71098492216407,-12.4328204641642,3.65032666791836));
#12942=CARTESIAN_POINT('',(9.71098492216407,-13.0949879045923,3.75032666791836));
#12943=CARTESIAN_POINT('Origin',(9.71098492216407,-12.4328204641642,3.80032666791836));
#12944=CARTESIAN_POINT('',(9.71098492216407,-12.4828204641642,3.80032666791836));
#12945=CARTESIAN_POINT('Origin',(9.71098492216407,-12.5828204641642,3.80032666791836));
#12946=CARTESIAN_POINT('Origin',(9.71098492216407,-12.4328204641642,3.80032666791836));
#12947=CARTESIAN_POINT('Origin',(9.71098492216407,-12.5828204641642,3.62516333395918));
#12948=CARTESIAN_POINT('',(9.71098492216407,-12.4828204641642,3.62516333395918));
#12949=CARTESIAN_POINT('Origin',(9.71098492216407,-13.6849879045923,4.09145827304761));
#12950=CARTESIAN_POINT('',(9.71098492216407,-12.7328204641642,4.19145827304761));
#12951=CARTESIAN_POINT('',(9.71098492216407,-13.6849879045923,4.19145827304761));
#12952=CARTESIAN_POINT('Origin',(9.71098492216407,-12.8328204641642,4.09145827304761));
#12953=CARTESIAN_POINT('Origin',(9.71098492216407,-12.8328204641642,3.84572913652381));
#12954=CARTESIAN_POINT('',(9.71098492216407,-12.7328204641642,4.49145827304761));
#12955=CARTESIAN_POINT('',(9.71098492216407,-12.7328204641642,3.84572913652381));
#12956=CARTESIAN_POINT('Origin',(9.71098492216407,-12.8328204641642,4.59145827304761));
#12957=CARTESIAN_POINT('Origin',(10.6109849221641,-12.7328204641642,4.19145827304761));
#12958=CARTESIAN_POINT('',(10.6109849221641,-12.7328204641642,4.19145827304761));
#12959=CARTESIAN_POINT('',(10.6109849221641,-12.7328204641642,4.49145827304761));
#12960=CARTESIAN_POINT('Ctrl Pts',(9.71098492216407,-11.2528204641642,4.49145827304761));
#12961=CARTESIAN_POINT('Ctrl Pts',(9.72594488718116,-11.2528204641642,4.49145827304761));
#12962=CARTESIAN_POINT('Ctrl Pts',(9.7558079953234,-11.2493979426109,4.49830331615404));
#12963=CARTESIAN_POINT('Ctrl Pts',(9.79786454408942,-11.2326705756512,4.53175805007352));
#12964=CARTESIAN_POINT('Ctrl Pts',(9.81098492216407,-11.214040437927,4.56901832552197));
#12965=CARTESIAN_POINT('Ctrl Pts',(9.81098492216407,-11.2028204641642,4.59145827304761));
#12966=CARTESIAN_POINT('Ctrl Pts',(9.71098492216407,-11.2659104335541,4.49145827304761));
#12967=CARTESIAN_POINT('Ctrl Pts',(9.72792248654885,-11.2659104335541,4.49145827304761));
#12968=CARTESIAN_POINT('Ctrl Pts',(9.76120447215384,-11.2601715282849,4.50051995839308));
#12969=CARTESIAN_POINT('Ctrl Pts',(9.80049040441978,-11.2376253080481,4.5366876579908));
#12970=CARTESIAN_POINT('Ctrl Pts',(9.81098492216407,-11.2159104335541,4.57088832114911));
#12971=CARTESIAN_POINT('Ctrl Pts',(9.81098492216407,-11.2028204641642,4.59145827304761));
#12972=CARTESIAN_POINT('Ctrl Pts',(9.71098492216407,-11.291968388749,4.50231034846274));
#12973=CARTESIAN_POINT('Ctrl Pts',(9.73016728737465,-11.291968388749,4.50231034846274));
#12974=CARTESIAN_POINT('Ctrl Pts',(9.76717819460474,-11.2817005016222,4.51257823558959));
#12975=CARTESIAN_POINT('Ctrl Pts',(9.80305233753172,-11.2476147404415,4.54666399677032));
#12976=CARTESIAN_POINT('Ctrl Pts',(9.81098492216406,-11.2196504248084,4.57462831240338));
#12977=CARTESIAN_POINT('Ctrl Pts',(9.81098492216406,-11.2028204641642,4.59145827304761));
#12978=CARTESIAN_POINT('Ctrl Pts',(9.71098492216407,-11.3028204641642,4.52836830365765));
#12979=CARTESIAN_POINT('Ctrl Pts',(9.72792248654885,-11.3028204641642,4.52836830365765));
#12980=CARTESIAN_POINT('Ctrl Pts',(9.76120447215384,-11.2937587788187,4.53410720892685));
#12981=CARTESIAN_POINT('Ctrl Pts',(9.80049040441978,-11.257591079221,4.55665342916364));
#12982=CARTESIAN_POINT('Ctrl Pts',(9.81098492216407,-11.2233904160627,4.57836830365765));
#12983=CARTESIAN_POINT('Ctrl Pts',(9.81098492216407,-11.2028204641642,4.59145827304761));
#12984=CARTESIAN_POINT('Ctrl Pts',(9.71098492216407,-11.3028204641642,4.54145827304761));
#12985=CARTESIAN_POINT('Ctrl Pts',(9.72594488718116,-11.3028204641642,4.54145827304761));
#12986=CARTESIAN_POINT('Ctrl Pts',(9.7558079953234,-11.2959754210577,4.54488079460082));
#12987=CARTESIAN_POINT('Ctrl Pts',(9.79786454408942,-11.2625206871383,4.56160816156057));
#12988=CARTESIAN_POINT('Ctrl Pts',(9.81098492216407,-11.2252604116898,4.58023829928479));
#12989=CARTESIAN_POINT('Ctrl Pts',(9.81098492216407,-11.2028204641642,4.59145827304761));
#12990=CARTESIAN_POINT('',(9.71098492216407,-11.2528204641642,4.49145827304761));
#12991=CARTESIAN_POINT('Origin',(9.71098492216407,-11.2028204641642,4.59145827304761));
#12992=CARTESIAN_POINT('',(9.71098492216407,-11.3028204641642,4.54145827304761));
#12993=CARTESIAN_POINT('Origin',(9.71098492216407,-11.2028204641642,4.59145827304761));
#12994=CARTESIAN_POINT('Origin',(9.71098492216407,-11.2528204641642,4.54145827304761));
#12995=CARTESIAN_POINT('Ctrl Pts',(9.71098492216407,-12.4828204641642,4.54145827304761));
#12996=CARTESIAN_POINT('Ctrl Pts',(9.73342486968971,-12.4828204641642,4.54145827304761));
#12997=CARTESIAN_POINT('Ctrl Pts',(9.78585823257909,-12.5011169951666,4.55060653854882));
#12998=CARTESIAN_POINT('Ctrl Pts',(9.81098492216407,-12.55290053413,4.57649830803052));
#12999=CARTESIAN_POINT('Ctrl Pts',(9.81098492216407,-12.5828204641642,4.59145827304761));
#13000=CARTESIAN_POINT('Ctrl Pts',(9.71098492216407,-12.4828204641642,4.52836830365765));
#13001=CARTESIAN_POINT('Ctrl Pts',(9.73639126874125,-12.4828204641642,4.52836830365765));
#13002=CARTESIAN_POINT('Ctrl Pts',(9.79178833740733,-12.5069206002871,4.54340352662491));
#13003=CARTESIAN_POINT('Ctrl Pts',(9.81098492216407,-12.5553938616328,4.57400498052767));
#13004=CARTESIAN_POINT('Ctrl Pts',(9.81098492216407,-12.5828204641642,4.59145827304761));
#13005=CARTESIAN_POINT('Ctrl Pts',(9.71098492216407,-12.4936727029377,4.50231051182114));
#13006=CARTESIAN_POINT('Ctrl Pts',(9.73975846997994,-12.4936727029377,4.50231051182114));
#13007=CARTESIAN_POINT('Ctrl Pts',(9.79796312560064,-12.520242406236,4.52888021511941));
#13008=CARTESIAN_POINT('Ctrl Pts',(9.81098492216406,-12.5603805166385,4.56901832552197));
#13009=CARTESIAN_POINT('Ctrl Pts',(9.81098492216406,-12.5828204641642,4.59145827304761));
#13010=CARTESIAN_POINT('Ctrl Pts',(9.71098492216407,-12.5197304947742,4.49145827304761));
#13011=CARTESIAN_POINT('Ctrl Pts',(9.73639126874125,-12.5197304947742,4.49145827304761));
#13012=CARTESIAN_POINT('Ctrl Pts',(9.79178833740733,-12.5347657177415,4.51555840917057));
#13013=CARTESIAN_POINT('Ctrl Pts',(9.81098492216407,-12.5653671716442,4.56403167051627));
#13014=CARTESIAN_POINT('Ctrl Pts',(9.81098492216407,-12.5828204641642,4.59145827304761));
#13015=CARTESIAN_POINT('Ctrl Pts',(9.71098492216407,-12.5328204641642,4.49145827304761));
#13016=CARTESIAN_POINT('Ctrl Pts',(9.73342486968971,-12.5328204641642,4.49145827304761));
#13017=CARTESIAN_POINT('Ctrl Pts',(9.78585823257909,-12.5419687296654,4.50975480405003));
#13018=CARTESIAN_POINT('Ctrl Pts',(9.81098492216407,-12.5678604991471,4.56153834301343));
#13019=CARTESIAN_POINT('Ctrl Pts',(9.81098492216407,-12.5828204641642,4.59145827304761));
#13020=CARTESIAN_POINT('',(9.71098492216407,-12.4828204641642,4.54145827304761));
#13021=CARTESIAN_POINT('Origin',(9.71098492216407,-12.5828204641642,4.59145827304761));
#13022=CARTESIAN_POINT('',(9.71098492216407,-12.5328204641642,4.49145827304761));
#13023=CARTESIAN_POINT('Origin',(9.71098492216407,-12.5828204641642,4.59145827304761));
#13024=CARTESIAN_POINT('Origin',(9.71098492216407,-12.5328204641642,4.54145827304761));
#13025=CARTESIAN_POINT('Origin',(9.71098492216407,-13.809332941251,4.59145827304761));
#13026=CARTESIAN_POINT('',(9.71098492216407,-13.809332941251,4.49145827304761));
#13027=CARTESIAN_POINT('Origin',(9.71098492216407,-12.5828204641642,3.99572913652381));
#13028=CARTESIAN_POINT('',(9.71098492216407,-12.4828204641642,4.88032666791836));
#13029=CARTESIAN_POINT('',(9.71098492216407,-12.4828204641642,3.99572913652381));
#13030=CARTESIAN_POINT('Origin',(9.71098492216407,-12.5828204641642,4.88032666791836));
#13031=CARTESIAN_POINT('Origin',(9.71098492216407,-12.4328204641642,4.88032666791836));
#13032=CARTESIAN_POINT('',(9.71098492216407,-12.4328204641642,4.93032666791836));
#13033=CARTESIAN_POINT('Origin',(9.71098492216407,-12.4328204641642,5.03032666791836));
#13034=CARTESIAN_POINT('Origin',(9.71098492216407,-12.4328204641642,4.88032666791836));
#13035=CARTESIAN_POINT('Origin',(9.71098492216407,-13.6849879045923,5.03032666791836));
#13036=CARTESIAN_POINT('',(9.71098492216407,-11.3528204641642,4.93032666791836));
#13037=CARTESIAN_POINT('Origin',(9.71098492216407,-11.3528204641642,5.03032666791836));
#13038=CARTESIAN_POINT('',(9.71098492216407,-13.6849879045923,4.93032666791836));
#13039=CARTESIAN_POINT('Origin',(9.71098492216407,-11.3528204641642,4.88032666791836));
#13040=CARTESIAN_POINT('',(9.71098492216407,-11.3028204641642,4.88032666791836));
#13041=CARTESIAN_POINT('Origin',(9.71098492216407,-11.2028204641642,4.88032666791836));
#13042=CARTESIAN_POINT('Origin',(9.71098492216407,-11.3528204641642,4.88032666791836));
#13043=CARTESIAN_POINT('Origin',(9.71098492216407,-11.2028204641642,4.21516333395918));
#13044=CARTESIAN_POINT('',(9.71098492216407,-11.3028204641642,4.21516333395918));
#13045=CARTESIAN_POINT('Origin',(9.71098492216407,-13.0949879045923,4.59145827304761));
#13046=CARTESIAN_POINT('',(9.71098492216407,-13.0949879045923,4.49145827304761));
#13047=CARTESIAN_POINT('Origin',(13.6109849221641,-12.7315105374814,4.49145827304761));
#13048=CARTESIAN_POINT('',(13.6109849221641,-12.5328204641642,4.49145827304761));
#13049=CARTESIAN_POINT('Origin',(13.6109849221641,-11.3528204641642,4.88032666791836));
#13050=CARTESIAN_POINT('',(9.01098492216407,-11.3528204641642,4.93032666791836));
#13051=CARTESIAN_POINT('',(13.6109849221641,-11.3528204641642,4.93032666791836));
#13052=CARTESIAN_POINT('',(9.01098492216407,-11.3028204641642,4.88032666791836));
#13053=CARTESIAN_POINT('Origin',(9.01098492216407,-11.3528204641642,4.88032666791836));
#13054=CARTESIAN_POINT('',(13.6109849221641,-11.3028204641642,4.88032666791836));
#13055=CARTESIAN_POINT('Origin',(13.6109849221641,-12.4828204641642,4.93032666791836));
#13056=CARTESIAN_POINT('',(9.01098492216407,-12.4328204641642,4.93032666791836));
#13057=CARTESIAN_POINT('',(13.6109849221641,-12.4328204641642,4.93032666791836));
#13058=CARTESIAN_POINT('',(9.01098492216407,-11.8928204641642,4.93032666791836));
#13059=CARTESIAN_POINT('Origin',(13.6109849221641,-11.2528204641642,4.54145827304761));
#13060=CARTESIAN_POINT('',(9.01098492216407,-11.3028204641642,4.54145827304761));
#13061=CARTESIAN_POINT('',(13.6109849221641,-11.3028204641642,4.54145827304761));
#13062=CARTESIAN_POINT('',(9.01098492216407,-11.2528204641642,4.49145827304761));
#13063=CARTESIAN_POINT('Origin',(9.01098492216407,-11.2528204641642,4.54145827304761));
#13064=CARTESIAN_POINT('',(13.6109849221641,-11.2528204641642,4.49145827304761));
#13065=CARTESIAN_POINT('Origin',(13.6109849221641,-11.3028204641642,4.93032666791836));
#13066=CARTESIAN_POINT('',(9.01098492216407,-11.3028204641642,4.34032666791836));
#13067=CARTESIAN_POINT('Origin',(13.6109849221641,-11.2528204641642,4.14145827304761));
#13068=CARTESIAN_POINT('',(9.01098492216407,-11.2528204641642,4.19145827304761));
#13069=CARTESIAN_POINT('',(13.6109849221641,-11.2528204641642,4.19145827304761));
#13070=CARTESIAN_POINT('',(9.01098492216407,-11.3028204641642,4.14145827304761));
#13071=CARTESIAN_POINT('Origin',(9.01098492216407,-11.2528204641642,4.14145827304761));
#13072=CARTESIAN_POINT('',(13.6109849221641,-11.3028204641642,4.14145827304761));
#13073=CARTESIAN_POINT('Origin',(13.6109849221641,-11.3028204641642,4.93032666791836));
#13074=CARTESIAN_POINT('',(9.01098492216407,-11.3028204641642,3.80032666791836));
#13075=CARTESIAN_POINT('',(9.01098492216407,-11.3028204641642,4.34032666791836));
#13076=CARTESIAN_POINT('',(13.6109849221641,-11.3028204641642,3.80032666791836));
#13077=CARTESIAN_POINT('Origin',(13.6109849221641,-11.3528204641642,3.80032666791836));
#13078=CARTESIAN_POINT('',(9.01098492216407,-11.3528204641642,3.75032666791836));
#13079=CARTESIAN_POINT('Origin',(9.01098492216407,-11.3528204641642,3.80032666791836));
#13080=CARTESIAN_POINT('',(13.6109849221641,-11.3528204641642,3.75032666791836));
#13081=CARTESIAN_POINT('Origin',(13.6109849221641,-12.4328204641642,3.80032666791836));
#13082=CARTESIAN_POINT('',(9.01098492216407,-12.4328204641642,3.75032666791836));
#13083=CARTESIAN_POINT('',(13.6109849221641,-12.4328204641642,3.75032666791836));
#13084=CARTESIAN_POINT('',(9.01098492216407,-12.4828204641642,3.80032666791836));
#13085=CARTESIAN_POINT('Origin',(9.01098492216407,-12.4328204641642,3.80032666791836));
#13086=CARTESIAN_POINT('',(13.6109849221641,-12.4828204641642,3.80032666791836));
#13087=CARTESIAN_POINT('Origin',(13.6109849221641,-11.3028204641642,3.75032666791836));
#13088=CARTESIAN_POINT('',(9.01098492216407,-11.8928204641642,3.75032666791836));
#13089=CARTESIAN_POINT('Origin',(13.6109849221641,-12.4328204641642,4.88032666791836));
#13090=CARTESIAN_POINT('',(9.01098492216407,-12.4828204641642,4.88032666791836));
#13091=CARTESIAN_POINT('',(13.6109849221641,-12.4828204641642,4.88032666791836));
#13092=CARTESIAN_POINT('Origin',(9.01098492216407,-12.4328204641642,4.88032666791836));
#13093=CARTESIAN_POINT('Origin',(13.6109849221641,-12.4828204641642,4.49145827304761));
#13094=CARTESIAN_POINT('',(9.01098492216407,-12.4828204641642,4.54145827304761));
#13095=CARTESIAN_POINT('',(13.6109849221641,-12.4828204641642,4.54145827304761));
#13096=CARTESIAN_POINT('',(9.01098492216407,-12.4828204641642,4.34032666791836));
#13097=CARTESIAN_POINT('Origin',(13.6109849221641,-12.5328204641642,4.54145827304761));
#13098=CARTESIAN_POINT('',(9.01098492216407,-12.4915105374814,4.51328931926043));
#13099=CARTESIAN_POINT('',(13.6109849221641,-12.4915105374814,4.51328931926043));
#13100=CARTESIAN_POINT('Origin',(9.01098492216407,-12.5328204641642,4.54145827304761));
#13101=CARTESIAN_POINT('Origin',(13.6109849221641,-12.5328204641642,4.14145827304761));
#13102=CARTESIAN_POINT('',(9.01098492216407,-12.4828204641642,4.14145827304761));
#13103=CARTESIAN_POINT('',(13.6109849221641,-12.4828204641642,4.14145827304761));
#13104=CARTESIAN_POINT('',(9.01098492216407,-12.4915105374814,4.16962722683479));
#13105=CARTESIAN_POINT('Origin',(9.01098492216407,-12.5328204641642,4.14145827304761));
#13106=CARTESIAN_POINT('',(13.6109849221641,-12.4915105374814,4.16962722683479));
#13107=CARTESIAN_POINT('',(13.6109849221641,-12.5328204641642,4.19145827304761));
#13108=CARTESIAN_POINT('Origin',(13.6109849221641,-12.4828204641642,3.75032666791836));
#13109=CARTESIAN_POINT('',(9.01098492216407,-12.4828204641642,4.34032666791836));
#13110=CARTESIAN_POINT('Origin',(9.71098492216407,-16.9615105374814,3.99572913652381));
#13111=CARTESIAN_POINT('',(9.71098492216407,-17.0615105374814,4.49145827304761));
#13112=CARTESIAN_POINT('Origin',(9.71098492216407,-16.9615105374814,4.59145827304761));
#13113=CARTESIAN_POINT('',(9.71098492216407,-17.0615105374814,4.19145827304761));
#13114=CARTESIAN_POINT('',(9.71098492216407,-17.0615105374814,3.99572913652381));
#13115=CARTESIAN_POINT('Origin',(9.71098492216407,-16.9615105374814,4.09145827304761));
#13116=CARTESIAN_POINT('Origin',(13.6109849221641,-17.0615105374814,4.49145827304761));
#13117=CARTESIAN_POINT('',(13.6109849221641,-17.0615105374814,4.49145827304761));
#13118=CARTESIAN_POINT('',(13.6109849221641,-17.0615105374814,4.19145827304761));
#13119=CARTESIAN_POINT('Origin',(9.71098492216407,-18.8315105374814,3.84572913652381));
#13120=CARTESIAN_POINT('',(9.71098492216407,-18.7315105374814,4.19145827304761));
#13121=CARTESIAN_POINT('Origin',(9.71098492216407,-18.8315105374814,4.09145827304761));
#13122=CARTESIAN_POINT('',(9.71098492216407,-18.7315105374814,4.49145827304761));
#13123=CARTESIAN_POINT('',(9.71098492216407,-18.7315105374814,3.84572913652381));
#13124=CARTESIAN_POINT('Origin',(9.71098492216407,-18.8315105374814,4.59145827304761));
#13125=CARTESIAN_POINT('Origin',(14.1109849221641,-18.7315105374814,4.19145827304761));
#13126=CARTESIAN_POINT('',(14.1109849221641,-18.7315105374814,4.19145827304761));
#13127=CARTESIAN_POINT('',(14.1109849221641,-18.7315105374814,4.49145827304761));
#13128=CARTESIAN_POINT('Ctrl Pts',(9.71098492216407,-18.5328204641642,4.19145827304761));
#13129=CARTESIAN_POINT('Ctrl Pts',(9.73342486968971,-18.5328204641642,4.19145827304761));
#13130=CARTESIAN_POINT('Ctrl Pts',(9.78585686891561,-18.5419695477673,4.17316010584133));
#13131=CARTESIAN_POINT('Ctrl Pts',(9.81098492216407,-18.5678604991471,4.1213782030818));
#13132=CARTESIAN_POINT('Ctrl Pts',(9.81098492216407,-18.5828204641642,4.09145827304761));
#13133=CARTESIAN_POINT('Ctrl Pts',(9.71098492216407,-18.5197304947742,4.19145827304761));
#13134=CARTESIAN_POINT('Ctrl Pts',(9.73639126874124,-18.5197304947742,4.19145827304761));
#13135=CARTESIAN_POINT('Ctrl Pts',(9.79178313917599,-18.5347666141602,4.16735578367605));
#13136=CARTESIAN_POINT('Ctrl Pts',(9.81098492216407,-18.5653671716442,4.11888487557895));
#13137=CARTESIAN_POINT('Ctrl Pts',(9.81098492216407,-18.5828204641642,4.09145827304761));
#13138=CARTESIAN_POINT('Ctrl Pts',(9.71098492216406,-18.4936732285057,4.18060550870602));
#13139=CARTESIAN_POINT('Ctrl Pts',(9.73975846997994,-18.4936732285057,4.18060550870602));
#13140=CARTESIAN_POINT('Ctrl Pts',(9.79795112210293,-18.5202424394645,4.15403629774728));
#13141=CARTESIAN_POINT('Ctrl Pts',(9.81098492216406,-18.5603805166385,4.11389822057325));
#13142=CARTESIAN_POINT('Ctrl Pts',(9.81098492216406,-18.5828204641642,4.09145827304761));
#13143=CARTESIAN_POINT('Ctrl Pts',(9.71098492216407,-18.4828204641642,4.15454824243757));
#13144=CARTESIAN_POINT('Ctrl Pts',(9.73639126874124,-18.4828204641642,4.15454824243757));
#13145=CARTESIAN_POINT('Ctrl Pts',(9.79178313917599,-18.5069229535357,4.13951212305162));
#13146=CARTESIAN_POINT('Ctrl Pts',(9.81098492216407,-18.5553938616328,4.10891156556756));
#13147=CARTESIAN_POINT('Ctrl Pts',(9.81098492216407,-18.5828204641642,4.09145827304761));
#13148=CARTESIAN_POINT('Ctrl Pts',(9.71098492216407,-18.4828204641642,4.14145827304761));
#13149=CARTESIAN_POINT('Ctrl Pts',(9.73342486968971,-18.4828204641642,4.14145827304761));
#13150=CARTESIAN_POINT('Ctrl Pts',(9.78585686891561,-18.5011186313704,4.13230918944447));
#13151=CARTESIAN_POINT('Ctrl Pts',(9.81098492216407,-18.55290053413,4.10641823806471));
#13152=CARTESIAN_POINT('Ctrl Pts',(9.81098492216407,-18.5828204641642,4.09145827304761));
#13153=CARTESIAN_POINT('',(9.71098492216407,-18.5328204641642,4.19145827304761));
#13154=CARTESIAN_POINT('Origin',(9.71098492216407,-18.5828204641642,4.09145827304761));
#13155=CARTESIAN_POINT('',(9.71098492216407,-18.4828204641642,4.14145827304761));
#13156=CARTESIAN_POINT('Origin',(9.71098492216407,-18.5828204641642,4.09145827304761));
#13157=CARTESIAN_POINT('Origin',(9.71098492216407,-18.5328204641642,4.14145827304761));
#13158=CARTESIAN_POINT('Ctrl Pts',(9.71098492216407,-17.3028204641642,4.14145827304761));
#13159=CARTESIAN_POINT('Ctrl Pts',(9.72594488718116,-17.3028204641642,4.14145827304761));
#13160=CARTESIAN_POINT('Ctrl Pts',(9.75580753619557,-17.2959751420794,4.13803561200521));
#13161=CARTESIAN_POINT('Ctrl Pts',(9.79786362368204,-17.2625202956201,4.1213081887756));
#13162=CARTESIAN_POINT('Ctrl Pts',(9.81098492216407,-17.2252604116898,4.10267824681043));
#13163=CARTESIAN_POINT('Ctrl Pts',(9.81098492216407,-17.2028204641642,4.09145827304761));
#13164=CARTESIAN_POINT('Ctrl Pts',(9.71098492216407,-17.3028204641642,4.15454824243757));
#13165=CARTESIAN_POINT('Ctrl Pts',(9.72792248654885,-17.3028204641642,4.15454824243757));
#13166=CARTESIAN_POINT('Ctrl Pts',(9.76120402044375,-17.2937573276286,4.14880854501947));
#13167=CARTESIAN_POINT('Ctrl Pts',(9.80048990841237,-17.2575891591662,4.12626212799638));
#13168=CARTESIAN_POINT('Ctrl Pts',(9.81098492216407,-17.2233904160627,4.10454824243757));
#13169=CARTESIAN_POINT('Ctrl Pts',(9.81098492216407,-17.2028204641642,4.09145827304761));
#13170=CARTESIAN_POINT('Ctrl Pts',(9.71098492216407,-17.2919678073274,4.18060561621088));
#13171=CARTESIAN_POINT('Ctrl Pts',(9.73016728737465,-17.2919678073274,4.18060561621088));
#13172=CARTESIAN_POINT('Ctrl Pts',(9.76717608351736,-17.2816987337844,4.17033654266784));
#13173=CARTESIAN_POINT('Ctrl Pts',(9.80305098412396,-17.2476129962481,4.13625080513157));
#13174=CARTESIAN_POINT('Ctrl Pts',(9.81098492216407,-17.2196504248084,4.10828823369184));
#13175=CARTESIAN_POINT('Ctrl Pts',(9.81098492216407,-17.2028204641642,4.09145827304761));
#13176=CARTESIAN_POINT('Ctrl Pts',(9.71098492216407,-17.2659104335541,4.19145827304761));
#13177=CARTESIAN_POINT('Ctrl Pts',(9.72792248654885,-17.2659104335541,4.19145827304761));
#13178=CARTESIAN_POINT('Ctrl Pts',(9.76120402044375,-17.260170736136,4.18239513651201));
#13179=CARTESIAN_POINT('Ctrl Pts',(9.80048990841237,-17.2376243191129,4.14622696804967));
#13180=CARTESIAN_POINT('Ctrl Pts',(9.81098492216407,-17.2159104335541,4.11202822494612));
#13181=CARTESIAN_POINT('Ctrl Pts',(9.81098492216407,-17.2028204641642,4.09145827304761));
#13182=CARTESIAN_POINT('Ctrl Pts',(9.71098492216407,-17.2528204641642,4.19145827304761));
#13183=CARTESIAN_POINT('Ctrl Pts',(9.72594488718116,-17.2528204641642,4.19145827304761));
#13184=CARTESIAN_POINT('Ctrl Pts',(9.75580753619557,-17.2493978031218,4.1846129509628));
#13185=CARTESIAN_POINT('Ctrl Pts',(9.79786362368204,-17.2326703798921,4.15115810450359));
#13186=CARTESIAN_POINT('Ctrl Pts',(9.81098492216407,-17.214040437927,4.11389822057325));
#13187=CARTESIAN_POINT('Ctrl Pts',(9.81098492216407,-17.2028204641642,4.09145827304761));
#13188=CARTESIAN_POINT('',(9.71098492216407,-17.3028204641642,4.14145827304761));
#13189=CARTESIAN_POINT('Origin',(9.71098492216407,-17.2028204641642,4.09145827304761));
#13190=CARTESIAN_POINT('',(9.71098492216407,-17.2528204641642,4.19145827304761));
#13191=CARTESIAN_POINT('Origin',(9.71098492216407,-17.2028204641642,4.09145827304761));
#13192=CARTESIAN_POINT('Origin',(9.71098492216407,-17.2528204641642,4.14145827304761));
#13193=CARTESIAN_POINT('Origin',(9.71098492216407,-15.974332941251,4.09145827304761));
#13194=CARTESIAN_POINT('',(9.71098492216407,-15.974332941251,4.19145827304761));
#13195=CARTESIAN_POINT('Origin',(9.71098492216407,-17.2028204641642,4.21516333395918));
#13196=CARTESIAN_POINT('',(9.71098492216407,-17.3028204641642,3.80032666791836));
#13197=CARTESIAN_POINT('',(9.71098492216407,-17.3028204641642,4.21516333395918));
#13198=CARTESIAN_POINT('Origin',(9.71098492216407,-17.2028204641642,3.80032666791836));
#13199=CARTESIAN_POINT('Origin',(9.71098492216407,-17.3528204641642,3.80032666791836));
#13200=CARTESIAN_POINT('',(9.71098492216407,-17.3528204641642,3.75032666791836));
#13201=CARTESIAN_POINT('Origin',(9.71098492216407,-17.3528204641642,3.65032666791836));
#13202=CARTESIAN_POINT('Origin',(9.71098492216407,-17.3528204641642,3.80032666791836));
#13203=CARTESIAN_POINT('Origin',(9.71098492216407,-16.0949879045923,3.65032666791836));
#13204=CARTESIAN_POINT('',(9.71098492216407,-18.4328204641642,3.75032666791836));
#13205=CARTESIAN_POINT('Origin',(9.71098492216407,-18.4328204641642,3.65032666791836));
#13206=CARTESIAN_POINT('',(9.71098492216407,-16.0949879045923,3.75032666791836));
#13207=CARTESIAN_POINT('Origin',(9.71098492216407,-18.4328204641642,3.80032666791836));
#13208=CARTESIAN_POINT('',(9.71098492216407,-18.4828204641642,3.80032666791836));
#13209=CARTESIAN_POINT('Origin',(9.71098492216407,-18.5828204641642,3.80032666791836));
#13210=CARTESIAN_POINT('Origin',(9.71098492216407,-18.4328204641642,3.80032666791836));
#13211=CARTESIAN_POINT('Origin',(9.71098492216407,-18.5828204641642,3.62516333395918));
#13212=CARTESIAN_POINT('',(9.71098492216407,-18.4828204641642,3.62516333395918));
#13213=CARTESIAN_POINT('Origin',(9.71098492216407,-16.684332941251,4.09145827304761));
#13214=CARTESIAN_POINT('',(9.71098492216407,-16.684332941251,4.19145827304761));
#13215=CARTESIAN_POINT('Origin',(13.6109849221641,-17.0615105374814,4.19145827304761));
#13216=CARTESIAN_POINT('',(9.01098492216407,-17.3028204641642,4.19145827304761));
#13217=CARTESIAN_POINT('',(13.6109849221641,-17.3028204641642,4.19145827304761));
#13218=CARTESIAN_POINT('',(9.01098492216407,-17.2528204641642,4.19145827304761));
#13219=CARTESIAN_POINT('',(9.01098492216407,-17.4771655008228,4.19145827304761));
#13220=CARTESIAN_POINT('',(13.6109849221641,-17.2528204641642,4.19145827304761));
#13221=CARTESIAN_POINT('Ctrl Pts',(9.71098492216407,-17.2528204641642,4.49145827304761));
#13222=CARTESIAN_POINT('Ctrl Pts',(9.73342486968971,-17.2528204641642,4.49145827304761));
#13223=CARTESIAN_POINT('Ctrl Pts',(9.7858570572801,-17.2436714935664,4.50975621424308));
#13224=CARTESIAN_POINT('Ctrl Pts',(9.81098492216407,-17.2177804291813,4.56153834301342));
#13225=CARTESIAN_POINT('Ctrl Pts',(9.81098492216407,-17.2028204641642,4.59145827304761));
#13226=CARTESIAN_POINT('Ctrl Pts',(9.71098492216407,-17.2659104335541,4.49145827304761));
#13227=CARTESIAN_POINT('Ctrl Pts',(9.73639126874124,-17.2659104335541,4.49145827304761));
#13228=CARTESIAN_POINT('Ctrl Pts',(9.79178385721396,-17.2508744379916,4.51556043736211));
#13229=CARTESIAN_POINT('Ctrl Pts',(9.81098492216407,-17.2202737566841,4.56403167051627));
#13230=CARTESIAN_POINT('Ctrl Pts',(9.81098492216407,-17.2028204641642,4.59145827304761));
#13231=CARTESIAN_POINT('Ctrl Pts',(9.71098492216407,-17.2919677720574,4.50231096515438));
#13232=CARTESIAN_POINT('Ctrl Pts',(9.73975846997994,-17.2919677720574,4.50231096515438));
#13233=CARTESIAN_POINT('Ctrl Pts',(9.79795277950546,-17.2653984940259,4.52888024318589));
#13234=CARTESIAN_POINT('Ctrl Pts',(9.81098492216406,-17.2252604116898,4.56901832552197));
#13235=CARTESIAN_POINT('Ctrl Pts',(9.81098492216406,-17.2028204641642,4.59145827304761));
#13236=CARTESIAN_POINT('Ctrl Pts',(9.71098492216407,-17.3028204641642,4.52836830365765));
#13237=CARTESIAN_POINT('Ctrl Pts',(9.73639126874124,-17.3028204641642,4.52836830365765));
#13238=CARTESIAN_POINT('Ctrl Pts',(9.79178385721396,-17.2787182998497,4.54340429922021));
#13239=CARTESIAN_POINT('Ctrl Pts',(9.81098492216407,-17.2302470666955,4.57400498052767));
#13240=CARTESIAN_POINT('Ctrl Pts',(9.81098492216407,-17.2028204641642,4.59145827304761));
#13241=CARTESIAN_POINT('Ctrl Pts',(9.71098492216407,-17.3028204641642,4.54145827304761));
#13242=CARTESIAN_POINT('Ctrl Pts',(9.73342486968971,-17.3028204641642,4.54145827304761));
#13243=CARTESIAN_POINT('Ctrl Pts',(9.7858570572801,-17.2845225229687,4.55060724364535));
#13244=CARTESIAN_POINT('Ctrl Pts',(9.81098492216407,-17.2327403941983,4.57649830803051));
#13245=CARTESIAN_POINT('Ctrl Pts',(9.81098492216407,-17.2028204641642,4.59145827304761));
#13246=CARTESIAN_POINT('',(9.71098492216407,-17.2528204641642,4.49145827304761));
#13247=CARTESIAN_POINT('Origin',(9.71098492216407,-17.2028204641642,4.59145827304761));
#13248=CARTESIAN_POINT('',(9.71098492216407,-17.3028204641642,4.54145827304761));
#13249=CARTESIAN_POINT('Origin',(9.71098492216407,-17.2028204641642,4.59145827304761));
#13250=CARTESIAN_POINT('Origin',(9.71098492216407,-17.2528204641642,4.54145827304761));
#13251=CARTESIAN_POINT('Ctrl Pts',(9.71098492216407,-18.4828204641642,4.54145827304761));
#13252=CARTESIAN_POINT('Ctrl Pts',(9.73342486968971,-18.4828204641642,4.54145827304761));
#13253=CARTESIAN_POINT('Ctrl Pts',(9.78585676841688,-18.5011187519548,4.55060741694291));
#13254=CARTESIAN_POINT('Ctrl Pts',(9.81098492216407,-18.55290053413,4.57649830803052));
#13255=CARTESIAN_POINT('Ctrl Pts',(9.81098492216407,-18.5828204641642,4.59145827304761));
#13256=CARTESIAN_POINT('Ctrl Pts',(9.71098492216407,-18.4828204641642,4.52836830365765));
#13257=CARTESIAN_POINT('Ctrl Pts',(9.73639126874125,-18.4828204641642,4.52836830365765));
#13258=CARTESIAN_POINT('Ctrl Pts',(9.79178275607878,-18.5069231269645,4.54340448910752));
#13259=CARTESIAN_POINT('Ctrl Pts',(9.81098492216407,-18.5553938616328,4.57400498052767));
#13260=CARTESIAN_POINT('Ctrl Pts',(9.81098492216407,-18.5828204641642,4.59145827304761));
#13261=CARTESIAN_POINT('Ctrl Pts',(9.71098492216407,-18.4936732669982,4.50231107588165));
#13262=CARTESIAN_POINT('Ctrl Pts',(9.73975846997995,-18.4936732669982,4.50231107588165));
#13263=CARTESIAN_POINT('Ctrl Pts',(9.79795023790877,-18.5202424422932,4.52888025117664));
#13264=CARTESIAN_POINT('Ctrl Pts',(9.81098492216407,-18.5603805166385,4.56901832552197));
#13265=CARTESIAN_POINT('Ctrl Pts',(9.81098492216407,-18.5828204641642,4.59145827304761));
#13266=CARTESIAN_POINT('Ctrl Pts',(9.71098492216407,-18.5197304947742,4.49145827304761));
#13267=CARTESIAN_POINT('Ctrl Pts',(9.73639126874125,-18.5197304947742,4.49145827304761));
#13268=CARTESIAN_POINT('Ctrl Pts',(9.79178275607878,-18.5347666802241,4.51556093584797));
#13269=CARTESIAN_POINT('Ctrl Pts',(9.81098492216407,-18.5653671716442,4.56403167051627));
#13270=CARTESIAN_POINT('Ctrl Pts',(9.81098492216407,-18.5828204641642,4.59145827304761));
#13271=CARTESIAN_POINT('Ctrl Pts',(9.71098492216407,-18.5328204641642,4.49145827304761));
#13272=CARTESIAN_POINT('Ctrl Pts',(9.73342486968971,-18.5328204641642,4.49145827304761));
#13273=CARTESIAN_POINT('Ctrl Pts',(9.78585676841688,-18.5419696080595,4.50975656083821));
#13274=CARTESIAN_POINT('Ctrl Pts',(9.81098492216407,-18.5678604991471,4.56153834301343));
#13275=CARTESIAN_POINT('Ctrl Pts',(9.81098492216407,-18.5828204641642,4.59145827304761));
#13276=CARTESIAN_POINT('',(9.71098492216407,-18.4828204641642,4.54145827304761));
#13277=CARTESIAN_POINT('Origin',(9.71098492216407,-18.5828204641642,4.59145827304761));
#13278=CARTESIAN_POINT('',(9.71098492216407,-18.5328204641642,4.49145827304761));
#13279=CARTESIAN_POINT('Origin',(9.71098492216407,-18.5828204641642,4.59145827304761));
#13280=CARTESIAN_POINT('Origin',(9.71098492216407,-18.5328204641642,4.54145827304761));
#13281=CARTESIAN_POINT('Origin',(9.71098492216407,-16.809332941251,4.59145827304761));
#13282=CARTESIAN_POINT('',(9.71098492216407,-16.809332941251,4.49145827304761));
#13283=CARTESIAN_POINT('Origin',(9.71098492216407,-18.5828204641642,3.99572913652381));
#13284=CARTESIAN_POINT('',(9.71098492216407,-18.4828204641642,4.88032666791836));
#13285=CARTESIAN_POINT('',(9.71098492216407,-18.4828204641642,3.99572913652381));
#13286=CARTESIAN_POINT('Origin',(9.71098492216407,-18.5828204641642,4.88032666791836));
#13287=CARTESIAN_POINT('Origin',(9.71098492216407,-18.4328204641642,4.88032666791836));
#13288=CARTESIAN_POINT('',(9.71098492216407,-18.4328204641642,4.93032666791836));
#13289=CARTESIAN_POINT('Origin',(9.71098492216407,-18.4328204641642,5.03032666791836));
#13290=CARTESIAN_POINT('Origin',(9.71098492216407,-18.4328204641642,4.88032666791836));
#13291=CARTESIAN_POINT('Origin',(9.71098492216407,-16.6849879045923,5.03032666791836));
#13292=CARTESIAN_POINT('',(9.71098492216407,-17.3528204641642,4.93032666791836));
#13293=CARTESIAN_POINT('Origin',(9.71098492216407,-17.3528204641642,5.03032666791836));
#13294=CARTESIAN_POINT('',(9.71098492216407,-16.6849879045923,4.93032666791836));
#13295=CARTESIAN_POINT('Origin',(9.71098492216407,-17.3528204641642,4.88032666791836));
#13296=CARTESIAN_POINT('',(9.71098492216407,-17.3028204641642,4.88032666791836));
#13297=CARTESIAN_POINT('Origin',(9.71098492216407,-17.2028204641642,4.88032666791836));
#13298=CARTESIAN_POINT('Origin',(9.71098492216407,-17.3528204641642,4.88032666791836));
#13299=CARTESIAN_POINT('Origin',(9.71098492216407,-17.2028204641642,4.21516333395918));
#13300=CARTESIAN_POINT('',(9.71098492216407,-17.3028204641642,4.21516333395918));
#13301=CARTESIAN_POINT('Origin',(9.71098492216407,-16.0949879045923,4.59145827304761));
#13302=CARTESIAN_POINT('',(9.71098492216407,-16.0949879045923,4.49145827304761));
#13303=CARTESIAN_POINT('Origin',(14.1109849221641,-18.7315105374814,4.49145827304761));
#13304=CARTESIAN_POINT('',(9.01098492216407,-18.4815105374814,4.49145827304761));
#13305=CARTESIAN_POINT('',(14.1109849221641,-18.4815105374814,4.49145827304761));
#13306=CARTESIAN_POINT('',(9.01098492216407,-18.5328204641642,4.49145827304761));
#13307=CARTESIAN_POINT('',(9.01098492216407,-18.3121655008228,4.49145827304761));
#13308=CARTESIAN_POINT('',(13.8609849221641,-18.5328204641642,4.49145827304761));
#13309=CARTESIAN_POINT('Origin',(13.6109849221641,-18.4328204641642,4.88032666791836));
#13310=CARTESIAN_POINT('',(9.01098492216407,-18.4828204641642,4.88032666791836));
#13311=CARTESIAN_POINT('',(13.6109849221641,-18.4828204641642,4.88032666791836));
#13312=CARTESIAN_POINT('',(9.01098492216407,-18.4328204641642,4.93032666791836));
#13313=CARTESIAN_POINT('Origin',(9.01098492216407,-18.4328204641642,4.88032666791836));
#13314=CARTESIAN_POINT('',(13.6109849221641,-18.4328204641642,4.93032666791836));
#13315=CARTESIAN_POINT('Origin',(13.6109849221641,-18.4828204641642,4.93032666791836));
#13316=CARTESIAN_POINT('',(9.01098492216407,-17.3528204641642,4.93032666791836));
#13317=CARTESIAN_POINT('',(9.01098492216407,-17.8928204641642,4.93032666791836));
#13318=CARTESIAN_POINT('',(13.6109849221641,-17.3528204641642,4.93032666791836));
#13319=CARTESIAN_POINT('Origin',(13.8609849221641,-18.5328204641642,4.54145827304761));
#13320=CARTESIAN_POINT('',(9.01098492216407,-18.4828204641642,4.54145827304761));
#13321=CARTESIAN_POINT('Origin',(9.01098492216407,-18.5328204641642,4.54145827304761));
#13322=CARTESIAN_POINT('',(13.8609849221641,-18.4828204641642,4.54145827304761));
#13323=CARTESIAN_POINT('Origin',(13.8609849221641,-18.5328204641642,4.14145827304761));
#13324=CARTESIAN_POINT('',(9.01098492216407,-18.4828204641642,4.14145827304761));
#13325=CARTESIAN_POINT('',(13.8609849221641,-18.4828204641642,4.14145827304761));
#13326=CARTESIAN_POINT('',(9.01098492216407,-18.5328204641642,4.19145827304761));
#13327=CARTESIAN_POINT('Origin',(9.01098492216407,-18.5328204641642,4.14145827304761));
#13328=CARTESIAN_POINT('',(13.8609849221641,-18.5328204641642,4.19145827304761));
#13329=CARTESIAN_POINT('Origin',(14.1109849221641,-18.4815105374814,4.19145827304761));
#13330=CARTESIAN_POINT('',(9.01098492216407,-18.4815105374814,4.19145827304761));
#13331=CARTESIAN_POINT('',(9.01098492216407,-18.1871655008228,4.19145827304761));
#13332=CARTESIAN_POINT('',(14.1109849221641,-18.4815105374814,4.19145827304761));
#13333=CARTESIAN_POINT('Origin',(13.6109849221641,-18.4328204641642,3.80032666791836));
#13334=CARTESIAN_POINT('',(9.01098492216407,-18.4328204641642,3.75032666791836));
#13335=CARTESIAN_POINT('',(13.6109849221641,-18.4328204641642,3.75032666791836));
#13336=CARTESIAN_POINT('',(9.01098492216407,-18.4828204641642,3.80032666791836));
#13337=CARTESIAN_POINT('Origin',(9.01098492216407,-18.4328204641642,3.80032666791836));
#13338=CARTESIAN_POINT('',(13.6109849221641,-18.4828204641642,3.80032666791836));
#13339=CARTESIAN_POINT('Origin',(13.6109849221641,-18.4828204641642,3.75032666791836));
#13340=CARTESIAN_POINT('',(9.01098492216407,-18.4828204641642,4.34032666791836));
#13341=CARTESIAN_POINT('Origin',(13.6109849221641,-17.3528204641642,3.80032666791836));
#13342=CARTESIAN_POINT('',(9.01098492216407,-17.3028204641642,3.80032666791836));
#13343=CARTESIAN_POINT('',(13.6109849221641,-17.3028204641642,3.80032666791836));
#13344=CARTESIAN_POINT('',(9.01098492216407,-17.3528204641642,3.75032666791836));
#13345=CARTESIAN_POINT('Origin',(9.01098492216407,-17.3528204641642,3.80032666791836));
#13346=CARTESIAN_POINT('',(13.6109849221641,-17.3528204641642,3.75032666791836));
#13347=CARTESIAN_POINT('Origin',(9.01098492216407,-17.8928204641642,4.34032666791836));
#13348=CARTESIAN_POINT('',(9.01098492216407,-18.4828204641642,4.34032666791836));
#13349=CARTESIAN_POINT('',(9.01098492216407,-18.4815105374814,4.41589247048299));
#13350=CARTESIAN_POINT('',(9.01098492216407,-17.8928204641642,3.75032666791836));
#13351=CARTESIAN_POINT('',(9.01098492216407,-17.3028204641642,4.14145827304761));
#13352=CARTESIAN_POINT('',(9.01098492216407,-17.3028204641642,4.34032666791836));
#13353=CARTESIAN_POINT('Origin',(9.01098492216407,-17.2528204641642,4.14145827304761));
#13354=CARTESIAN_POINT('',(9.01098492216407,-17.3028204641642,4.49145827304761));
#13355=CARTESIAN_POINT('',(9.01098492216407,-17.3028204641642,4.34032666791836));
#13356=CARTESIAN_POINT('',(9.01098492216407,-17.2528204641642,4.49145827304761));
#13357=CARTESIAN_POINT('',(9.01098492216407,-17.5978204641642,4.49145827304761));
#13358=CARTESIAN_POINT('',(9.01098492216407,-17.3028204641642,4.54145827304761));
#13359=CARTESIAN_POINT('Origin',(9.01098492216407,-17.2528204641642,4.54145827304761));
#13360=CARTESIAN_POINT('',(9.01098492216407,-17.3028204641642,4.88032666791836));
#13361=CARTESIAN_POINT('',(9.01098492216407,-17.3028204641642,4.34032666791836));
#13362=CARTESIAN_POINT('Origin',(9.01098492216407,-17.3528204641642,4.88032666791836));
#13363=CARTESIAN_POINT('Origin',(13.6109849221641,-17.3028204641642,4.93032666791836));
#13364=CARTESIAN_POINT('',(13.6109849221641,-17.3028204641642,4.14145827304761));
#13365=CARTESIAN_POINT('Origin',(13.6109849221641,-17.2528204641642,4.14145827304761));
#13366=CARTESIAN_POINT('Origin',(13.6109849221641,-17.3528204641642,4.88032666791836));
#13367=CARTESIAN_POINT('',(13.6109849221641,-17.3028204641642,4.88032666791836));
#13368=CARTESIAN_POINT('Origin',(13.6109849221641,-17.2528204641642,4.54145827304761));
#13369=CARTESIAN_POINT('',(13.6109849221641,-17.3028204641642,4.54145827304761));
#13370=CARTESIAN_POINT('',(13.6109849221641,-17.2528204641642,4.49145827304761));
#13371=CARTESIAN_POINT('Origin',(13.6109849221641,-17.3028204641642,4.49145827304761));
#13372=CARTESIAN_POINT('',(13.6109849221641,-17.3028204641642,4.49145827304761));
#13373=CARTESIAN_POINT('Origin',(13.6109849221641,-17.3028204641642,4.19145827304761));
#13374=CARTESIAN_POINT('Origin',(13.6109849221641,-17.3028204641642,4.93032666791836));
#13375=CARTESIAN_POINT('Origin',(13.6109849221641,-17.3028204641642,3.75032666791836));
#13376=CARTESIAN_POINT('Origin',(13.6109849221641,-18.4828204641642,4.49145827304761));
#13377=CARTESIAN_POINT('Origin',(14.1109849221641,-18.4815105374814,4.49145827304761));
#13378=CARTESIAN_POINT('Origin',(13.6109849221641,-9.30282046416416,4.49145827304761));
#13379=CARTESIAN_POINT('',(13.6109849221641,-9.30282046416416,4.49145827304761));
#13380=CARTESIAN_POINT('Origin',(13.6109849221641,-9.30282046416416,4.19145827304761));
#13381=CARTESIAN_POINT('Origin',(13.6109849221641,-10.4828204641642,4.49145827304761));
#13382=CARTESIAN_POINT('Origin',(14.1109849221641,-10.4815105374814,4.19145827304761));
#13383=CARTESIAN_POINT('',(14.1109849221641,-10.4815105374814,4.19145827304761));
#13384=CARTESIAN_POINT('Origin',(14.1109849221641,-10.4815105374814,4.49145827304761));
#13385=CARTESIAN_POINT('Origin',(10.6109849221641,-12.4915105374814,4.49145827304761));
#13386=CARTESIAN_POINT('',(9.01098492216407,-12.4915105374814,4.41589247048299));
#13387=CARTESIAN_POINT('Origin',(13.6109849221641,-11.3028204641642,4.49145827304761));
#13388=CARTESIAN_POINT('',(9.01098492216407,-11.3028204641642,4.49145827304761));
#13389=CARTESIAN_POINT('',(9.01098492216407,-11.5978204641642,4.49145827304761));
#13390=CARTESIAN_POINT('',(13.6109849221641,-11.3028204641642,4.49145827304761));
#13391=CARTESIAN_POINT('Origin',(13.6109849221641,-11.3028204641642,4.19145827304761));
#13392=CARTESIAN_POINT('',(9.01098492216407,-11.3028204641642,4.19145827304761));
#13393=CARTESIAN_POINT('',(9.01098492216407,-11.3028204641642,4.34032666791836));
#13394=CARTESIAN_POINT('',(13.6109849221641,-11.3028204641642,4.19145827304761));
#13395=CARTESIAN_POINT('Origin',(13.6109849221641,-11.0615105374814,4.19145827304761));
#13396=CARTESIAN_POINT('',(9.01098492216407,-11.4771655008228,4.19145827304761));
#13397=CARTESIAN_POINT('Origin',(13.6109849221641,-12.4828204641642,4.19145827304761));
#13398=CARTESIAN_POINT('Origin',(9.01098492216407,-11.8928204641642,4.34032666791836));
#13399=CARTESIAN_POINT('Origin',(10.8109849221641,-13.25,1.75));
#13400=CARTESIAN_POINT('',(9.31098492216407,-13.25,1.65));
#13401=CARTESIAN_POINT('',(9.31098492216407,-13.15,1.75));
#13402=CARTESIAN_POINT('Origin',(9.31098492216407,-13.25,1.75));
#13403=CARTESIAN_POINT('',(9.71098492216407,-13.25,1.65));
#13404=CARTESIAN_POINT('',(10.8109849221641,-13.25,1.65));
#13405=CARTESIAN_POINT('',(9.71098492216407,-13.15,1.75));
#13406=CARTESIAN_POINT('Origin',(9.71098492216407,-13.25,1.75));
#13407=CARTESIAN_POINT('',(10.8109849221641,-13.15,1.75));
#13408=CARTESIAN_POINT('Ctrl Pts',(9.71098492216407,-13.15,1.75));
#13409=CARTESIAN_POINT('Ctrl Pts',(9.72594488718116,-13.15,1.75));
#13410=CARTESIAN_POINT('Ctrl Pts',(9.74826338021734,-13.1448041155152,1.73960823103046));
#13411=CARTESIAN_POINT('Ctrl Pts',(9.7930910059944,-13.1168764416281,1.68375288325623));
#13412=CARTESIAN_POINT('Ctrl Pts',(9.81098492216407,-13.0799199300342,1.60983986006838));
#13413=CARTESIAN_POINT('Ctrl Pts',(9.81098492216407,-13.05,1.55));
#13414=CARTESIAN_POINT('Ctrl Pts',(9.71098492216407,-13.15,1.72008006996581));
#13415=CARTESIAN_POINT('Ctrl Pts',(9.72140167283116,-13.15,1.72008006996581));
#13416=CARTESIAN_POINT('Ctrl Pts',(9.73770226251805,-13.1482032802555,1.71345298643201));
#13417=CARTESIAN_POINT('Ctrl Pts',(9.78433424868103,-13.1282818101347,1.67048941697563));
#13418=CARTESIAN_POINT('Ctrl Pts',(9.81098492216407,-13.0856189643264,1.60414082577615));
#13419=CARTESIAN_POINT('Ctrl Pts',(9.81098492216407,-13.05,1.55));
#13420=CARTESIAN_POINT('Ctrl Pts',(9.71098492216407,-13.175131326628,1.66830209480014));
#13421=CARTESIAN_POINT('Ctrl Pts',(9.71749847291914,-13.175131326628,1.66830209480014));
#13422=CARTESIAN_POINT('Ctrl Pts',(9.72873888387426,-13.1741278261167,1.66795816560156));
#13423=CARTESIAN_POINT('Ctrl Pts',(9.77762745990324,-13.1502807413164,1.64689274719507));
#13424=CARTESIAN_POINT('Ctrl Pts',(9.81098492216407,-13.0955922743378,1.59416751576475));
#13425=CARTESIAN_POINT('Ctrl Pts',(9.81098492216407,-13.05,1.55));
#13426=CARTESIAN_POINT('Ctrl Pts',(9.71098492216407,-13.2275600524744,1.65));
#13427=CARTESIAN_POINT('Ctrl Pts',(9.72258258724458,-13.2275600524744,1.65));
#13428=CARTESIAN_POINT('Ctrl Pts',(9.74042786721254,-13.2199774318344,1.64733825017426));
#13429=CARTESIAN_POINT('Ctrl Pts',(9.78652816651686,-13.1736906830664,1.62530375288424));
#13430=CARTESIAN_POINT('Ctrl Pts',(9.81098492216407,-13.1055655843492,1.58419420575336));
#13431=CARTESIAN_POINT('Ctrl Pts',(9.81098492216407,-13.05,1.55));
#13432=CARTESIAN_POINT('Ctrl Pts',(9.71098492216407,-13.25,1.65));
#13433=CARTESIAN_POINT('Ctrl Pts',(9.72594488718116,-13.25,1.65));
#13434=CARTESIAN_POINT('Ctrl Pts',(9.74826338021734,-13.2396082310305,1.64480411551523));
#13435=CARTESIAN_POINT('Ctrl Pts',(9.7930910059944,-13.1837528832562,1.61687644162811));
#13436=CARTESIAN_POINT('Ctrl Pts',(9.81098492216407,-13.1098398600684,1.57991993003419));
#13437=CARTESIAN_POINT('Ctrl Pts',(9.81098492216407,-13.05,1.55));
#13438=CARTESIAN_POINT('Origin',(9.71098492216407,-13.05,1.55));
#13439=CARTESIAN_POINT('Origin',(9.71098492216407,-13.05,1.55));
#13440=CARTESIAN_POINT('Origin',(10.8109849221641,-13.15,1.65));
#13441=CARTESIAN_POINT('',(9.31098492216407,-16.6,1.65));
#13442=CARTESIAN_POINT('',(9.31098492216407,-14.925,1.65));
#13443=CARTESIAN_POINT('',(9.71098492216407,-16.6,1.65));
#13444=CARTESIAN_POINT('',(10.8109849221641,-16.6,1.65));
#13445=CARTESIAN_POINT('',(9.71098492216407,-14.0185776725103,1.65));
#13446=CARTESIAN_POINT('Origin',(9.31098492216407,-14.925,3.325));
#13447=CARTESIAN_POINT('',(9.31098492216407,-13.15,4.9));
#13448=CARTESIAN_POINT('',(9.31098492216407,-13.15,3.325));
#13449=CARTESIAN_POINT('',(9.31098492216407,-13.25,5.));
#13450=CARTESIAN_POINT('Origin',(9.31098492216407,-13.25,4.9));
#13451=CARTESIAN_POINT('',(9.31098492216407,-16.6,5.));
#13452=CARTESIAN_POINT('',(9.31098492216407,-14.925,5.));
#13453=CARTESIAN_POINT('',(9.31098492216407,-16.7,4.9));
#13454=CARTESIAN_POINT('Origin',(9.31098492216407,-16.6,4.9));
#13455=CARTESIAN_POINT('',(9.31098492216407,-16.7,1.75));
#13456=CARTESIAN_POINT('',(9.31098492216407,-16.7,3.325));
#13457=CARTESIAN_POINT('Origin',(9.31098492216407,-16.6,1.75));
#13458=CARTESIAN_POINT('',(9.31098492216407,-14.4317254295726,4.63870195334986));
#13459=CARTESIAN_POINT('',(9.31098492216407,-14.4317254295726,4.38870195334986));
#13460=CARTESIAN_POINT('',(9.31098492216407,-14.4317254295725,3.98185097667493));
#13461=CARTESIAN_POINT('',(9.31098492216407,-15.4317254295726,4.38870195334986));
#13462=CARTESIAN_POINT('',(9.31098492216407,-14.6783627147863,4.38870195334986));
#13463=CARTESIAN_POINT('',(9.31098492216407,-15.4317254295726,4.63870195334986));
#13464=CARTESIAN_POINT('',(9.31098492216407,-15.4317254295725,3.85685097667493));
#13465=CARTESIAN_POINT('',(9.31098492216407,-15.1783627147863,4.63870195334986));
#13466=CARTESIAN_POINT('Origin',(10.8109849221641,-13.15,5.));
#13467=CARTESIAN_POINT('',(9.71098492216407,-13.15,4.9));
#13468=CARTESIAN_POINT('',(9.71098492216407,-13.15,4.25));
#13469=CARTESIAN_POINT('',(10.8109849221641,-13.15,4.9));
#13470=CARTESIAN_POINT('Ctrl Pts',(9.81098492216407,-16.8,1.55));
#13471=CARTESIAN_POINT('Ctrl Pts',(9.81098492216407,-16.7775600524744,1.59487989505128));
#13472=CARTESIAN_POINT('Ctrl Pts',(9.79786407675408,-16.7402999756405,1.66940004871909));
#13473=CARTESIAN_POINT('Ctrl Pts',(9.75580776271539,-16.7068451846871,1.7363096306257));
#13474=CARTESIAN_POINT('Ctrl Pts',(9.72594488718116,-16.7,1.75));
#13475=CARTESIAN_POINT('Ctrl Pts',(9.71098492216407,-16.7,1.75));
#13476=CARTESIAN_POINT('Ctrl Pts',(9.81098492216407,-16.8,1.55));
#13477=CARTESIAN_POINT('Ctrl Pts',(9.81098492216407,-16.7732857767552,1.59060561933211));
#13478=CARTESIAN_POINT('Ctrl Pts',(9.79186966575958,-16.7289798399943,1.65812348972269));
#13479=CARTESIAN_POINT('Ctrl Pts',(9.74342703993017,-16.7017612431413,1.71170029501704));
#13480=CARTESIAN_POINT('Ctrl Pts',(9.72140167283116,-16.7,1.72008006996581));
#13481=CARTESIAN_POINT('Ctrl Pts',(9.71098492216407,-16.7,1.72008006996581));
#13482=CARTESIAN_POINT('Ctrl Pts',(9.81098492216407,-16.8,1.55));
#13483=CARTESIAN_POINT('Ctrl Pts',(9.81098492216407,-16.7658057942466,1.58312563682356));
#13484=CARTESIAN_POINT('Ctrl Pts',(9.78748972096191,-16.709036527961,1.63808344887759));
#13485=CARTESIAN_POINT('Ctrl Pts',(9.73306612660089,-16.6753374419082,1.66876669915428));
#13486=CARTESIAN_POINT('Ctrl Pts',(9.71749847291914,-16.674868175727,1.66830269190394));
#13487=CARTESIAN_POINT('Ctrl Pts',(9.71098492216407,-16.674868175727,1.66830269190394));
#13488=CARTESIAN_POINT('Ctrl Pts',(9.81098492216407,-16.8,1.55));
#13489=CARTESIAN_POINT('Ctrl Pts',(9.81098492216407,-16.7583258117381,1.57564565431502));
#13490=CARTESIAN_POINT('Ctrl Pts',(9.79335261558719,-16.6891489200336,1.61808866198958));
#13491=CARTESIAN_POINT('Ctrl Pts',(9.74661258601175,-16.6321765907104,1.64693622684626));
#13492=CARTESIAN_POINT('Ctrl Pts',(9.72258258724458,-16.6224399475256,1.65));
#13493=CARTESIAN_POINT('Ctrl Pts',(9.71098492216407,-16.6224399475256,1.65));
#13494=CARTESIAN_POINT('Ctrl Pts',(9.81098492216407,-16.8,1.55));
#13495=CARTESIAN_POINT('Ctrl Pts',(9.81098492216407,-16.7551201049487,1.57243994752564));
#13496=CARTESIAN_POINT('Ctrl Pts',(9.79786407675408,-16.6805999512809,1.60970002435954));
#13497=CARTESIAN_POINT('Ctrl Pts',(9.75580776271539,-16.6136903693743,1.64315481531285));
#13498=CARTESIAN_POINT('Ctrl Pts',(9.72594488718116,-16.6,1.65));
#13499=CARTESIAN_POINT('Ctrl Pts',(9.71098492216407,-16.6,1.65));
#13500=CARTESIAN_POINT('',(9.71098492216407,-16.7,1.75));
#13501=CARTESIAN_POINT('Origin',(9.71098492216407,-16.6,1.75));
#13502=CARTESIAN_POINT('Origin',(9.71098492216407,-16.8,1.55));
#13503=CARTESIAN_POINT('Origin',(9.71098492216407,-16.8,1.55));
#13504=CARTESIAN_POINT('Origin',(10.8109849221641,-16.6,1.75));
#13505=CARTESIAN_POINT('',(10.8109849221641,-16.7,1.75));
#13506=CARTESIAN_POINT('Origin',(9.71098492216407,-14.0185776725103,1.55));
#13507=CARTESIAN_POINT('Origin',(9.71098492216407,-16.8,2.575));
#13508=CARTESIAN_POINT('',(9.71098492216407,-16.7,4.9));
#13509=CARTESIAN_POINT('',(9.71098492216407,-16.7,2.575));
#13510=CARTESIAN_POINT('Origin',(9.71098492216407,-16.8,5.1));
#13511=CARTESIAN_POINT('Ctrl Pts',(9.81098492216407,-16.8,5.1));
#13512=CARTESIAN_POINT('Ctrl Pts',(9.81098492216407,-16.7551201049487,5.07756005247436));
#13513=CARTESIAN_POINT('Ctrl Pts',(9.7978635549052,-16.6806003957137,5.04030019785682));
#13514=CARTESIAN_POINT('Ctrl Pts',(9.75580750172364,-16.6136906859073,5.00684534295366));
#13515=CARTESIAN_POINT('Ctrl Pts',(9.72594488718116,-16.6,5.));
#13516=CARTESIAN_POINT('Ctrl Pts',(9.71098492216407,-16.6,5.));
#13517=CARTESIAN_POINT('Ctrl Pts',(9.81098492216407,-16.8,5.1));
#13518=CARTESIAN_POINT('Ctrl Pts',(9.81098492216407,-16.7593943806679,5.07328577675519));
#13519=CARTESIAN_POINT('Ctrl Pts',(9.79186842130867,-16.6918755039631,5.0289776316378));
#13520=CARTESIAN_POINT('Ctrl Pts',(9.74342648152862,-16.6382989329312,5.00175962492181));
#13521=CARTESIAN_POINT('Ctrl Pts',(9.72140167283116,-16.6299199300342,5.));
#13522=CARTESIAN_POINT('Ctrl Pts',(9.71098492216407,-16.6299199300342,5.));
#13523=CARTESIAN_POINT('Ctrl Pts',(9.81098492216406,-16.8,5.1));
#13524=CARTESIAN_POINT('Ctrl Pts',(9.81098492216406,-16.7668743631764,5.06580579424664));
#13525=CARTESIAN_POINT('Ctrl Pts',(9.78748964457485,-16.7119151150425,5.00903538858473));
#13526=CARTESIAN_POINT('Ctrl Pts',(9.73306765018242,-16.6812317437659,4.97533611496994));
#13527=CARTESIAN_POINT('Ctrl Pts',(9.71749847291914,-16.6816968485994,4.97486779276806));
#13528=CARTESIAN_POINT('Ctrl Pts',(9.71098492216407,-16.6816968485994,4.97486779276806));
#13529=CARTESIAN_POINT('Ctrl Pts',(9.81098492216407,-16.8,5.1));
#13530=CARTESIAN_POINT('Ctrl Pts',(9.81098492216407,-16.774354345685,5.05832581173809));
#13531=CARTESIAN_POINT('Ctrl Pts',(9.79335189541857,-16.7319106300986,4.98914908563672));
#13532=CARTESIAN_POINT('Ctrl Pts',(9.74661266518756,-16.7030631110563,4.93217655707444));
#13533=CARTESIAN_POINT('Ctrl Pts',(9.72258258724458,-16.7,4.92243994752564));
#13534=CARTESIAN_POINT('Ctrl Pts',(9.71098492216407,-16.7,4.92243994752564));
#13535=CARTESIAN_POINT('Ctrl Pts',(9.81098492216407,-16.8,5.1));
#13536=CARTESIAN_POINT('Ctrl Pts',(9.81098492216407,-16.7775600524744,5.05512010494872));
#13537=CARTESIAN_POINT('Ctrl Pts',(9.7978635549052,-16.7403001978568,4.98060039571365));
#13538=CARTESIAN_POINT('Ctrl Pts',(9.75580750172364,-16.7068453429537,4.91369068590732));
#13539=CARTESIAN_POINT('Ctrl Pts',(9.72594488718116,-16.7,4.9));
#13540=CARTESIAN_POINT('Ctrl Pts',(9.71098492216407,-16.7,4.9));
#13541=CARTESIAN_POINT('',(9.71098492216407,-16.6,5.));
#13542=CARTESIAN_POINT('Origin',(9.71098492216407,-16.6,4.9));
#13543=CARTESIAN_POINT('Origin',(9.71098492216407,-16.8,5.1));
#13544=CARTESIAN_POINT('Origin',(10.8109849221641,-16.6,4.9));
#13545=CARTESIAN_POINT('',(10.8109849221641,-16.6,5.));
#13546=CARTESIAN_POINT('',(10.8109849221641,-16.7,4.9));
#13547=CARTESIAN_POINT('Origin',(10.8109849221641,-16.7,1.65));
#13548=CARTESIAN_POINT('Origin',(9.71098492216407,-15.7935776725103,5.1));
#13549=CARTESIAN_POINT('',(9.71098492216407,-13.25,5.));
#13550=CARTESIAN_POINT('',(9.71098492216407,-15.7935776725103,5.));
#13551=CARTESIAN_POINT('Origin',(9.71098492216407,-13.05,5.1));
#13552=CARTESIAN_POINT('Origin',(10.8109849221641,-13.25,4.9));
#13553=CARTESIAN_POINT('Origin',(9.71098492216407,-13.25,4.9));
#13554=CARTESIAN_POINT('',(10.8109849221641,-13.25,5.));
#13555=CARTESIAN_POINT('Ctrl Pts',(9.71098492216407,-13.25,5.));
#13556=CARTESIAN_POINT('Ctrl Pts',(9.72594488718116,-13.25,5.));
#13557=CARTESIAN_POINT('Ctrl Pts',(9.74826262706496,-13.2396071564147,5.00519642179263));
#13558=CARTESIAN_POINT('Ctrl Pts',(9.79308973545727,-13.1837512832756,5.03312435836222));
#13559=CARTESIAN_POINT('Ctrl Pts',(9.81098492216407,-13.1098398600684,5.07008006996581));
#13560=CARTESIAN_POINT('Ctrl Pts',(9.81098492216407,-13.05,5.1));
#13561=CARTESIAN_POINT('Ctrl Pts',(9.71098492216407,-13.2200800699658,5.));
#13562=CARTESIAN_POINT('Ctrl Pts',(9.72140167283116,-13.2200800699658,5.));
#13563=CARTESIAN_POINT('Ctrl Pts',(9.73770041686346,-13.2134524443557,5.0017966909687));
#13564=CARTESIAN_POINT('Ctrl Pts',(9.78433099437817,-13.1704882285075,5.02171881696816));
#13565=CARTESIAN_POINT('Ctrl Pts',(9.81098492216407,-13.1041408257762,5.06438103567358));
#13566=CARTESIAN_POINT('Ctrl Pts',(9.81098492216407,-13.05,5.1));
#13567=CARTESIAN_POINT('Ctrl Pts',(9.71098492216407,-13.1683026623744,4.97486820033782));
#13568=CARTESIAN_POINT('Ctrl Pts',(9.71749847291914,-13.1683026623744,4.97486820033782));
#13569=CARTESIAN_POINT('Ctrl Pts',(9.72873885645797,-13.167957043513,4.97587342703767));
#13570=CARTESIAN_POINT('Ctrl Pts',(9.77762469188859,-13.1468899006512,4.99972219622736));
#13571=CARTESIAN_POINT('Ctrl Pts',(9.81098492216406,-13.0941675157648,5.05440772566219));
#13572=CARTESIAN_POINT('Ctrl Pts',(9.81098492216406,-13.05,5.1));
#13573=CARTESIAN_POINT('Ctrl Pts',(9.71098492216407,-13.15,4.92243994752564));
#13574=CARTESIAN_POINT('Ctrl Pts',(9.72258258724458,-13.15,4.92243994752564));
#13575=CARTESIAN_POINT('Ctrl Pts',(9.74042710224772,-13.1473374292434,4.9300238886789));
#13576=CARTESIAN_POINT('Ctrl Pts',(9.78652607251773,-13.1253020304579,4.97631156391154));
#13577=CARTESIAN_POINT('Ctrl Pts',(9.81098492216407,-13.0841942057534,5.04443441565079));
#13578=CARTESIAN_POINT('Ctrl Pts',(9.81098492216407,-13.05,5.1));
#13579=CARTESIAN_POINT('Ctrl Pts',(9.71098492216407,-13.15,4.9));
#13580=CARTESIAN_POINT('Ctrl Pts',(9.72594488718116,-13.15,4.9));
#13581=CARTESIAN_POINT('Ctrl Pts',(9.74826262706496,-13.1448035782074,4.91039284358527));
#13582=CARTESIAN_POINT('Ctrl Pts',(9.79308973545727,-13.1168756416378,4.96624871672444));
#13583=CARTESIAN_POINT('Ctrl Pts',(9.81098492216407,-13.0799199300342,5.04016013993162));
#13584=CARTESIAN_POINT('Ctrl Pts',(9.81098492216407,-13.05,5.1));
#13585=CARTESIAN_POINT('Origin',(9.71098492216407,-13.05,5.1));
#13586=CARTESIAN_POINT('Origin',(9.71098492216407,-13.05,4.25));
#13587=CARTESIAN_POINT('Origin',(3.25,0.54999999999999,5.));
#13588=CARTESIAN_POINT('',(3.25,0.54999999999999,5.25));
#13589=CARTESIAN_POINT('Origin',(3.25,0.54999999999999,5.35));
#13590=CARTESIAN_POINT('',(3.,0.54999999999999,5.));
#13591=CARTESIAN_POINT('Origin',(2.9,0.54999999999999,5.));
#13592=CARTESIAN_POINT('Origin',(3.25,0.54999999999999,5.));
#13593=CARTESIAN_POINT('Origin',(2.9,0.549999999999994,5.625));
#13594=CARTESIAN_POINT('',(3.,0.549999999999994,4.5));
#13595=CARTESIAN_POINT('Origin',(2.9,0.549999999999994,4.5));
#13596=CARTESIAN_POINT('',(3.,0.549999999999994,5.625));
#13597=CARTESIAN_POINT('Origin',(3.25,0.54999999999999,4.5));
#13598=CARTESIAN_POINT('',(3.25,0.54999999999999,4.25));
#13599=CARTESIAN_POINT('Origin',(3.25,0.54999999999999,4.15));
#13600=CARTESIAN_POINT('Origin',(3.25,0.54999999999999,4.5));
#13601=CARTESIAN_POINT('Origin',(-5.1,0.549999999999992,4.15));
#13602=CARTESIAN_POINT('',(4.75,0.549999999999994,4.25));
#13603=CARTESIAN_POINT('Origin',(4.75,0.549999999999994,4.15));
#13604=CARTESIAN_POINT('',(-5.1,0.549999999999992,4.25));
#13605=CARTESIAN_POINT('Origin',(4.75,0.54999999999999,4.5));
#13606=CARTESIAN_POINT('',(5.,0.54999999999999,4.5));
#13607=CARTESIAN_POINT('Origin',(5.1,0.54999999999999,4.5));
#13608=CARTESIAN_POINT('Origin',(4.75,0.54999999999999,4.5));
#13609=CARTESIAN_POINT('Origin',(5.1,0.549999999999994,5.125));
#13610=CARTESIAN_POINT('',(5.,0.549999999999994,5.));
#13611=CARTESIAN_POINT('Origin',(5.1,0.549999999999994,5.));
#13612=CARTESIAN_POINT('',(5.,0.549999999999994,5.125));
#13613=CARTESIAN_POINT('Origin',(4.75,0.54999999999999,5.));
#13614=CARTESIAN_POINT('',(4.75,0.54999999999999,5.25));
#13615=CARTESIAN_POINT('Origin',(4.75,0.54999999999999,5.35));
#13616=CARTESIAN_POINT('Origin',(4.75,0.54999999999999,5.));
#13617=CARTESIAN_POINT('Origin',(-4.1,0.549999999999992,5.35));
#13618=CARTESIAN_POINT('',(-4.1,0.549999999999992,5.25));
#13619=CARTESIAN_POINT('',(-7.94450753891797,0.449999999999992,5.35));
#13620=CARTESIAN_POINT('Origin',(5.,5.,4.25));
#13621=CARTESIAN_POINT('',(5.,2.26284465497947,5.));
#13622=CARTESIAN_POINT('',(5.,5.,5.));
#13623=CARTESIAN_POINT('',(5.,2.26284465497947,4.5));
#13624=CARTESIAN_POINT('',(5.,2.26284465497947,3.875));
#13625=CARTESIAN_POINT('',(5.,5.,4.5));
#13626=CARTESIAN_POINT('Origin',(4.75,5.,5.));
#13627=CARTESIAN_POINT('',(4.75,2.26284465497947,5.25));
#13628=CARTESIAN_POINT('',(4.75,5.,5.25));
#13629=CARTESIAN_POINT('Origin',(4.75,2.26284465497947,5.));
#13630=CARTESIAN_POINT('Origin',(5.,5.,5.25));
#13631=CARTESIAN_POINT('',(3.25,2.26284465497947,5.25));
#13632=CARTESIAN_POINT('',(3.25,5.,5.25));
#13633=CARTESIAN_POINT('',(1.15549246108203,2.26284465497947,5.25));
#13634=CARTESIAN_POINT('Origin',(3.25,5.,5.));
#13635=CARTESIAN_POINT('',(3.,2.26284465497947,5.));
#13636=CARTESIAN_POINT('',(3.,5.,5.));
#13637=CARTESIAN_POINT('Origin',(3.25,2.26284465497947,5.));
#13638=CARTESIAN_POINT('Origin',(4.75,2.26284465497947,4.5));
#13639=CARTESIAN_POINT('',(5.1,2.36284465497947,4.5));
#13640=CARTESIAN_POINT('Origin',(5.1,2.26284465497947,4.5));
#13641=CARTESIAN_POINT('',(4.75,2.36284465497947,4.15));
#13642=CARTESIAN_POINT('Origin',(4.75,2.36284465497947,4.5));
#13643=CARTESIAN_POINT('',(4.75,2.26284465497947,4.25));
#13644=CARTESIAN_POINT('Origin',(4.75,2.26284465497947,4.15));
#13645=CARTESIAN_POINT('Origin',(4.75,2.26284465497947,4.5));
#13646=CARTESIAN_POINT('Origin',(0.155492461082034,2.26284465497947,4.15));
#13647=CARTESIAN_POINT('',(3.25,2.36284465497947,4.15));
#13648=CARTESIAN_POINT('',(3.25,2.26284465497947,4.25));
#13649=CARTESIAN_POINT('Origin',(3.25,2.26284465497947,4.15));
#13650=CARTESIAN_POINT('',(0.155492461082034,2.26284465497947,4.25));
#13651=CARTESIAN_POINT('',(0.155492461082034,2.36284465497947,4.15));
#13652=CARTESIAN_POINT('Origin',(3.25,2.26284465497947,4.5));
#13653=CARTESIAN_POINT('',(2.9,2.36284465497947,4.5));
#13654=CARTESIAN_POINT('',(3.,2.26284465497947,4.5));
#13655=CARTESIAN_POINT('Origin',(2.9,2.26284465497947,4.5));
#13656=CARTESIAN_POINT('Origin',(3.25,2.26284465497947,4.5));
#13657=CARTESIAN_POINT('Origin',(3.25,2.36284465497947,4.5));
#13658=CARTESIAN_POINT('Origin',(2.9,2.26284465497947,4.375));
#13659=CARTESIAN_POINT('',(2.9,2.36284465497947,5.));
#13660=CARTESIAN_POINT('Origin',(2.9,2.26284465497947,5.));
#13661=CARTESIAN_POINT('',(3.,2.26284465497947,4.375));
#13662=CARTESIAN_POINT('',(2.9,2.36284465497947,4.375));
#13663=CARTESIAN_POINT('Origin',(3.25,2.26284465497947,5.));
#13664=CARTESIAN_POINT('',(3.25,2.36284465497947,5.35));
#13665=CARTESIAN_POINT('Origin',(3.25,2.26284465497947,5.35));
#13666=CARTESIAN_POINT('Origin',(3.25,2.36284465497947,5.));
#13667=CARTESIAN_POINT('Origin',(1.15549246108203,2.26284465497947,5.35));
#13668=CARTESIAN_POINT('',(4.75,2.36284465497947,5.35));
#13669=CARTESIAN_POINT('Origin',(4.75,2.26284465497947,5.35));
#13670=CARTESIAN_POINT('',(-2.68901507783593,2.36284465497947,5.35));
#13671=CARTESIAN_POINT('Origin',(4.75,2.26284465497947,5.));
#13672=CARTESIAN_POINT('',(5.1,2.36284465497947,5.));
#13673=CARTESIAN_POINT('Origin',(5.1,2.26284465497947,5.));
#13674=CARTESIAN_POINT('Origin',(4.75,2.36284465497947,5.));
#13675=CARTESIAN_POINT('Origin',(5.1,2.26284465497947,3.875));
#13676=CARTESIAN_POINT('',(5.1,2.36284465497947,3.875));
#13677=CARTESIAN_POINT('Origin',(4.75,5.,4.5));
#13678=CARTESIAN_POINT('',(4.75,5.,4.25));
#13679=CARTESIAN_POINT('Origin',(-2.68901507783593,2.36284465497947,3.5));
#13680=CARTESIAN_POINT('',(7.81098492216407,2.36284465497947,5.35));
#13681=CARTESIAN_POINT('',(-2.68901507783593,2.36284465497947,5.35));
#13682=CARTESIAN_POINT('',(7.81098492216407,2.36284465497947,0.95));
#13683=CARTESIAN_POINT('',(7.81098492216407,2.36284465497947,3.5));
#13684=CARTESIAN_POINT('',(-13.6890150778359,2.36284465497947,0.95));
#13685=CARTESIAN_POINT('',(-2.68901507783593,2.36284465497947,0.95));
#13686=CARTESIAN_POINT('',(-13.6890150778359,2.36284465497947,5.35));
#13687=CARTESIAN_POINT('',(-13.6890150778359,2.36284465497947,3.5));
#13688=CARTESIAN_POINT('',(-4.3383680039284,2.36284465497947,5.35));
#13689=CARTESIAN_POINT('',(-2.68901507783593,2.36284465497947,5.35));
#13690=CARTESIAN_POINT('',(-4.3383680039284,2.36284465497947,6.75));
#13691=CARTESIAN_POINT('',(-4.3383680039284,2.36284465497947,5.25));
#13692=CARTESIAN_POINT('',(-4.0383680039284,2.36284465497947,7.05));
#13693=CARTESIAN_POINT('Origin',(-4.0383680039284,2.36284465497947,6.75));
#13694=CARTESIAN_POINT('',(-1.0383680039284,2.36284465497947,7.05));
#13695=CARTESIAN_POINT('',(-2.61369154088217,2.36284465497947,7.05));
#13696=CARTESIAN_POINT('',(-0.738368003928397,2.36284465497947,6.75));
#13697=CARTESIAN_POINT('Origin',(-1.0383680039284,2.36284465497947,6.75));
#13698=CARTESIAN_POINT('',(-0.738368003928397,2.36284465497947,5.35));
#13699=CARTESIAN_POINT('',(-0.738368003928397,2.36284465497947,5.25));
#13700=CARTESIAN_POINT('',(-2.68901507783593,2.36284465497947,5.35));
#13701=CARTESIAN_POINT('Origin',(3.25,5.,4.5));
#13702=CARTESIAN_POINT('',(3.25,5.,4.25));
#13703=CARTESIAN_POINT('',(3.,5.,4.5));
#13704=CARTESIAN_POINT('Origin',(3.,5.,5.25));
#13705=CARTESIAN_POINT('Origin',(3.,5.,4.25));
#13706=CARTESIAN_POINT('Origin',(-5.4,-23.15,0.85));
#13707=CARTESIAN_POINT('',(0.450000000000003,-21.8167708374027,0.85));
#13708=CARTESIAN_POINT('',(-4.06677083740267,-17.3,0.85));
#13709=CARTESIAN_POINT('Origin',(-5.4,-23.15,0.85));
#13710=CARTESIAN_POINT('',(-4.05556703402514,-17.2,0.75));
#13711=CARTESIAN_POINT('Ctrl Pts',(-4.05556703402513,-17.2,0.75));
#13712=CARTESIAN_POINT('Ctrl Pts',(-4.05559144389399,-17.2002187828826,
0.75));
#13713=CARTESIAN_POINT('Ctrl Pts',(-4.05561585435702,-17.2004375651318,
0.750000717989245));
#13714=CARTESIAN_POINT('Ctrl Pts',(-4.05710164112016,-17.2137537777979,
0.750088119929948));
#13715=CARTESIAN_POINT('Ctrl Pts',(-4.05855009299634,-17.2267132531637,
0.752746488553252));
#13716=CARTESIAN_POINT('Ctrl Pts',(-4.0612505977155,-17.2508395176893,0.762901756791951));
#13717=CARTESIAN_POINT('Ctrl Pts',(-4.06247800085512,-17.2617865757796,
0.770288681628885));
#13718=CARTESIAN_POINT('Ctrl Pts',(-4.06454102192132,-17.2801679166394,
0.788825090320805));
#13719=CARTESIAN_POINT('Ctrl Pts',(-4.06535927714364,-17.2874481803119,
0.799772586543217));
#13720=CARTESIAN_POINT('Ctrl Pts',(-4.06647519944946,-17.2973730525462,
0.823800206109435));
#13721=CARTESIAN_POINT('Ctrl Pts',(-4.06676493924081,-17.2999475759872,
0.836631406128545));
#13722=CARTESIAN_POINT('Ctrl Pts',(-4.06677080769548,-17.2999997359567,
0.849734635060952));
#13723=CARTESIAN_POINT('Ctrl Pts',(-4.06677083740268,-17.3,0.849867324128141));
#13724=CARTESIAN_POINT('Ctrl Pts',(-4.06677083740268,-17.3,0.85));
#13725=CARTESIAN_POINT('',(0.550000000000003,-21.8055670340251,0.75));
#13726=CARTESIAN_POINT('Origin',(-5.4,-23.15,0.75));
#13727=CARTESIAN_POINT('Ctrl Pts',(0.549999999999998,-21.8055670340251,
0.75));
#13728=CARTESIAN_POINT('Ctrl Pts',(0.549850539283382,-21.8055837095367,
0.75));
#13729=CARTESIAN_POINT('Ctrl Pts',(0.549701078779547,-21.8056003853348,
0.750000335077587));
#13730=CARTESIAN_POINT('Ctrl Pts',(0.542737961545718,-21.8063772975932,
0.750031556643278));
#13731=CARTESIAN_POINT('Ctrl Pts',(0.535944409035752,-21.8071359421012,
0.750758427949215));
#13732=CARTESIAN_POINT('Ctrl Pts',(0.522612708591707,-21.8086259405596,
0.753582461578022));
#13733=CARTESIAN_POINT('Ctrl Pts',(0.51610773463491,-21.8093535854175,0.75567192771814));
#13734=CARTESIAN_POINT('Ctrl Pts',(0.497951560790456,-21.8113860726352,
0.763628048395907));
#13735=CARTESIAN_POINT('Ctrl Pts',(0.487158548473217,-21.8125963218664,
0.771127830248009));
#13736=CARTESIAN_POINT('Ctrl Pts',(0.469100447453679,-21.8146232162179,
0.789809123476839));
#13737=CARTESIAN_POINT('Ctrl Pts',(0.461984780054934,-21.8154230153206,
0.800789262853588));
#13738=CARTESIAN_POINT('Ctrl Pts',(0.452432311231066,-21.8164971030268,
0.82465172872635));
#13739=CARTESIAN_POINT('Ctrl Pts',(0.450000000000003,-21.8167708374027,
0.837265833201542));
#13740=CARTESIAN_POINT('Ctrl Pts',(0.450000000000003,-21.8167708374027,
0.85));
#13741=CARTESIAN_POINT('Origin',(0.550000000000003,-18.3519630912116,0.85));
#13742=CARTESIAN_POINT('',(0.550000000000003,-24.4944329659749,0.75));
#13743=CARTESIAN_POINT('',(0.550000000000003,-18.3519630912116,0.75));
#13744=CARTESIAN_POINT('',(0.450000000000003,-24.4832291625973,0.85));
#13745=CARTESIAN_POINT('Ctrl Pts',(0.550000000000002,-24.4944329659749,
0.75));
#13746=CARTESIAN_POINT('Ctrl Pts',(0.549850539283385,-24.4944162904633,
0.75));
#13747=CARTESIAN_POINT('Ctrl Pts',(0.549701078779548,-24.4943996146652,
0.750000335077587));
#13748=CARTESIAN_POINT('Ctrl Pts',(0.53645441560224,-24.4929216135545,0.750059731113973));
#13749=CARTESIAN_POINT('Ctrl Pts',(0.523489867083443,-24.4914726207018,
0.752690991045656));
#13750=CARTESIAN_POINT('Ctrl Pts',(0.499344275595706,-24.4887699962325,
0.762794965418181));
#13751=CARTESIAN_POINT('Ctrl Pts',(0.488382950176065,-24.4875410125733,
0.770157825757103));
#13752=CARTESIAN_POINT('Ctrl Pts',(0.469964384899955,-24.4854738398168,
0.788652480121383));
#13753=CARTESIAN_POINT('Ctrl Pts',(0.462661437786662,-24.4846530439697,
0.799582668998478));
#13754=CARTESIAN_POINT('Ctrl Pts',(0.452684985699119,-24.4835313301138,
0.823585939616156));
#13755=CARTESIAN_POINT('Ctrl Pts',(0.450082338367267,-24.4832384263859,
0.836410473356776));
#13756=CARTESIAN_POINT('Ctrl Pts',(0.450000640536017,-24.4832292346633,
0.84958667713801));
#13757=CARTESIAN_POINT('Ctrl Pts',(0.450000000000003,-24.4832291625973,
0.849793354377412));
#13758=CARTESIAN_POINT('Ctrl Pts',(0.450000000000003,-24.4832291625973,
0.85));
#13759=CARTESIAN_POINT('',(0.450000000000003,-18.3519630912116,0.85));
#13760=CARTESIAN_POINT('Origin',(-5.4,-23.15,0.85));
#13761=CARTESIAN_POINT('',(-4.05556703402513,-29.1,0.75));
#13762=CARTESIAN_POINT('Origin',(-5.4,-23.15,0.75));
#13763=CARTESIAN_POINT('',(-4.06677083740267,-29.,0.85));
#13764=CARTESIAN_POINT('Ctrl Pts',(-4.05556703402513,-29.1,0.75));
#13765=CARTESIAN_POINT('Ctrl Pts',(-4.05558370953671,-29.0998505392834,
0.75));
#13766=CARTESIAN_POINT('Ctrl Pts',(-4.05560038533479,-29.0997010787795,
0.750000335077587));
#13767=CARTESIAN_POINT('Ctrl Pts',(-4.05637729759322,-29.0927379615465,
0.750031556643275));
#13768=CARTESIAN_POINT('Ctrl Pts',(-4.05713594210093,-29.0859444090379,
0.750758427948991));
#13769=CARTESIAN_POINT('Ctrl Pts',(-4.05862594055917,-29.072612708596,0.753582461576881));
#13770=CARTESIAN_POINT('Ctrl Pts',(-4.05935358541691,-29.0661077346402,
0.75567192771633));
#13771=CARTESIAN_POINT('Ctrl Pts',(-4.06138607263459,-29.0479515607962,
0.763628048392437));
#13772=CARTESIAN_POINT('Ctrl Pts',(-4.06259632186586,-29.0371585484785,
0.771127830243828));
#13773=CARTESIAN_POINT('Ctrl Pts',(-4.06462321621745,-29.0191004474577,
0.78980912347148));
#13774=CARTESIAN_POINT('Ctrl Pts',(-4.06542301532026,-29.0119847800582,
0.800789262847764));
#13775=CARTESIAN_POINT('Ctrl Pts',(-4.06649710302669,-29.0024323112319,
0.824651728721931));
#13776=CARTESIAN_POINT('Ctrl Pts',(-4.06677083740267,-29.,0.837265833199288));
#13777=CARTESIAN_POINT('Ctrl Pts',(-4.06677083740267,-29.,0.849999999999999));
#13778=CARTESIAN_POINT('Origin',(-5.4,-23.15,0.85));
#13779=CARTESIAN_POINT('Origin',(-3.3778929576193,-29.1,0.85));
#13780=CARTESIAN_POINT('',(-6.74443296597487,-29.1,0.75));
#13781=CARTESIAN_POINT('',(-3.3778929576193,-29.1,0.75));
#13782=CARTESIAN_POINT('',(-6.73322916259733,-29.,0.85));
#13783=CARTESIAN_POINT('Ctrl Pts',(-6.74443296597487,-29.1,0.75));
#13784=CARTESIAN_POINT('Ctrl Pts',(-6.74441629046329,-29.0998505392834,
0.75));
#13785=CARTESIAN_POINT('Ctrl Pts',(-6.74439961466521,-29.0997010787795,
0.750000335077587));
#13786=CARTESIAN_POINT('Ctrl Pts',(-6.74292161355414,-29.0864544156006,
0.750059731113982));
#13787=CARTESIAN_POINT('Ctrl Pts',(-6.7414726207016,-29.0734898670813,0.75269099104612));
#13788=CARTESIAN_POINT('Ctrl Pts',(-6.73876999623222,-29.049344275593,0.762794965419745));
#13789=CARTESIAN_POINT('Ctrl Pts',(-6.73754101257305,-29.0383829501736,
0.770157825759004));
#13790=CARTESIAN_POINT('Ctrl Pts',(-6.73547383981653,-29.0199643848981,
0.788652480123839));
#13791=CARTESIAN_POINT('Ctrl Pts',(-6.73465304396954,-29.0126614377851,
0.799582669001156));
#13792=CARTESIAN_POINT('Ctrl Pts',(-6.73353133011373,-29.0026849856983,
0.823585939619125));
#13793=CARTESIAN_POINT('Ctrl Pts',(-6.73323842638588,-29.0000823383668,
0.836410473359826));
#13794=CARTESIAN_POINT('Ctrl Pts',(-6.73322923466327,-29.000000640536,0.849586677140045));
#13795=CARTESIAN_POINT('Ctrl Pts',(-6.73322916259733,-29.,0.849793354378429));
#13796=CARTESIAN_POINT('Ctrl Pts',(-6.73322916259733,-29.,0.849999999999999));
#13797=CARTESIAN_POINT('',(-3.3778929576193,-29.,0.85));
#13798=CARTESIAN_POINT('Origin',(-5.4,-23.15,0.85));
#13799=CARTESIAN_POINT('',(-11.35,-24.4944329659749,0.75));
#13800=CARTESIAN_POINT('Origin',(-5.4,-23.15,0.75));
#13801=CARTESIAN_POINT('',(-11.25,-24.4832291625973,0.85));
#13802=CARTESIAN_POINT('Ctrl Pts',(-11.3499999999999,-24.4944329659749,
0.75));
#13803=CARTESIAN_POINT('Ctrl Pts',(-11.3498505392833,-24.4944162904633,
0.75));
#13804=CARTESIAN_POINT('Ctrl Pts',(-11.3497010787795,-24.4943996146652,
0.750000335077587));
#13805=CARTESIAN_POINT('Ctrl Pts',(-11.3427379615474,-24.4936227024067,
0.750031556643272));
#13806=CARTESIAN_POINT('Ctrl Pts',(-11.3359444090383,-24.4928640578991,
0.750758427948929));
#13807=CARTESIAN_POINT('Ctrl Pts',(-11.3226127085966,-24.4913740594409,
0.753582461576722));
#13808=CARTESIAN_POINT('Ctrl Pts',(-11.3161077346409,-24.4906464145832,
0.755671927716078));
#13809=CARTESIAN_POINT('Ctrl Pts',(-11.297951560797,-24.4886139273655,0.763628048391957));
#13810=CARTESIAN_POINT('Ctrl Pts',(-11.2871585484792,-24.4874036781342,
0.771127830243248));
#13811=CARTESIAN_POINT('Ctrl Pts',(-11.2691004474582,-24.4853767837826,
0.789809123470732));
#13812=CARTESIAN_POINT('Ctrl Pts',(-11.2619847800586,-24.4845769846798,
0.800789262846952));
#13813=CARTESIAN_POINT('Ctrl Pts',(-11.252432311232,-24.4835028969733,0.824651728721329));
#13814=CARTESIAN_POINT('Ctrl Pts',(-11.25,-24.4832291625973,0.837265833198982));
#13815=CARTESIAN_POINT('Ctrl Pts',(-11.25,-24.4832291625973,0.85));
#13816=CARTESIAN_POINT('Origin',(-5.4,-23.15,0.85));
#13817=CARTESIAN_POINT('Origin',(-11.35,-19.6851922538089,0.85));
#13818=CARTESIAN_POINT('',(-11.35,-21.8055670340251,0.75));
#13819=CARTESIAN_POINT('',(-11.35,-19.6851922538089,0.75));
#13820=CARTESIAN_POINT('',(-11.25,-21.8167708374027,0.85));
#13821=CARTESIAN_POINT('Ctrl Pts',(-11.35,-21.8055670340251,0.75));
#13822=CARTESIAN_POINT('Ctrl Pts',(-11.3498505392834,-21.8055837095367,
0.75));
#13823=CARTESIAN_POINT('Ctrl Pts',(-11.3497010787795,-21.8056003853348,
0.750000335077587));
#13824=CARTESIAN_POINT('Ctrl Pts',(-11.3364544156018,-21.807078386446,0.750059731113976));
#13825=CARTESIAN_POINT('Ctrl Pts',(-11.3234898670827,-21.8085273792982,
0.752690991045812));
#13826=CARTESIAN_POINT('Ctrl Pts',(-11.2993442755948,-21.8112300037676,
0.762794965418716));
#13827=CARTESIAN_POINT('Ctrl Pts',(-11.2883829501752,-21.8124589874267,
0.770157825757753));
#13828=CARTESIAN_POINT('Ctrl Pts',(-11.2699643848993,-21.8145261601833,
0.788652480122234));
#13829=CARTESIAN_POINT('Ctrl Pts',(-11.2626614377861,-21.8153469560303,
0.799582668999404));
#13830=CARTESIAN_POINT('Ctrl Pts',(-11.2526849856988,-21.8164686698862,
0.823585939617183));
#13831=CARTESIAN_POINT('Ctrl Pts',(-11.2500823383671,-21.8167615736141,
0.836410473357828));
#13832=CARTESIAN_POINT('Ctrl Pts',(-11.250000640536,-21.8167707653367,0.84958667713871));
#13833=CARTESIAN_POINT('Ctrl Pts',(-11.25,-21.8167708374027,0.849793354377761));
#13834=CARTESIAN_POINT('Ctrl Pts',(-11.25,-21.8167708374027,0.85));
#13835=CARTESIAN_POINT('',(-11.25,-19.6851922538089,0.85));
#13836=CARTESIAN_POINT('Origin',(-5.4,-23.15,0.85));
#13837=CARTESIAN_POINT('',(-6.74443296597486,-17.2,0.75));
#13838=CARTESIAN_POINT('Origin',(-5.4,-23.15,0.75));
#13839=CARTESIAN_POINT('',(-6.73322916259733,-17.3,0.85));
#13840=CARTESIAN_POINT('Ctrl Pts',(-6.73322916259732,-17.3,0.85));
#13841=CARTESIAN_POINT('Ctrl Pts',(-6.73322916259732,-17.3,0.837190773022126));
#13842=CARTESIAN_POINT('Ctrl Pts',(-6.73350613231757,-17.2975389479125,
0.824504539558547));
#13843=CARTESIAN_POINT('Ctrl Pts',(-6.73458916161801,-17.2879068896402,
0.800596385303422));
#13844=CARTESIAN_POINT('Ctrl Pts',(-6.73539155737992,-17.2807680440567,
0.789633088624447));
#13845=CARTESIAN_POINT('Ctrl Pts',(-6.73742271593166,-17.2626717233165,
0.770993168513958));
#13846=CARTESIAN_POINT('Ctrl Pts',(-6.73863458960191,-17.2518640553928,
0.763517444458897));
#13847=CARTESIAN_POINT('Ctrl Pts',(-6.74066158075804,-17.2337566843857,
0.755628351095245));
#13848=CARTESIAN_POINT('Ctrl Pts',(-6.74138196261964,-17.2273165793561,
0.753567313168563));
#13849=CARTESIAN_POINT('Ctrl Pts',(-6.74285664082365,-17.2141219536186,
0.750772655163224));
#13850=CARTESIAN_POINT('Ctrl Pts',(-6.74360733967967,-17.2073996095277,
0.750046413879414));
#13851=CARTESIAN_POINT('Ctrl Pts',(-6.74438414564298,-17.2004375651318,
0.750000717989245));
#13852=CARTESIAN_POINT('Ctrl Pts',(-6.74440855610601,-17.2002187828826,
0.75));
#13853=CARTESIAN_POINT('Ctrl Pts',(-6.74443296597487,-17.2,0.75));
#13854=CARTESIAN_POINT('Origin',(-5.4,-23.15,0.85));
#13855=CARTESIAN_POINT('Origin',(-5.4,-23.15,7.));
#13856=CARTESIAN_POINT('',(0.450000000000003,-21.8167708374027,1.25));
#13857=CARTESIAN_POINT('',(0.450000000000003,-21.8167708374027,1.));
#13858=CARTESIAN_POINT('',(-4.06677083740267,-17.3,1.25));
#13859=CARTESIAN_POINT('Origin',(-5.4,-23.15,1.25));
#13860=CARTESIAN_POINT('',(-4.06677083740267,-17.3,1.));
#13861=CARTESIAN_POINT('Origin',(0.450000000000003,-21.8167708374027,7.));
#13862=CARTESIAN_POINT('',(0.450000000000003,-24.4832291625973,1.25));
#13863=CARTESIAN_POINT('',(0.450000000000003,-24.4832291625973,1.));
#13864=CARTESIAN_POINT('',(0.450000000000003,-22.4978226889317,1.25));
#13865=CARTESIAN_POINT('Origin',(-5.4,-23.15,7.));
#13866=CARTESIAN_POINT('',(-4.06677083740267,-29.,1.25));
#13867=CARTESIAN_POINT('',(-4.06677083740267,-29.,1.));
#13868=CARTESIAN_POINT('Origin',(-5.4,-23.15,1.25));
#13869=CARTESIAN_POINT('Origin',(-4.06677083740267,-29.,7.));
#13870=CARTESIAN_POINT('',(-6.73322916259733,-29.,1.25));
#13871=CARTESIAN_POINT('',(-6.73322916259733,-29.,1.));
#13872=CARTESIAN_POINT('',(-4.73166340071879,-29.,1.25));
#13873=CARTESIAN_POINT('Origin',(-5.4,-23.15,7.));
#13874=CARTESIAN_POINT('',(-11.25,-24.4832291625973,1.25));
#13875=CARTESIAN_POINT('',(-11.25,-24.4832291625973,7.));
#13876=CARTESIAN_POINT('Origin',(-5.4,-23.15,1.25));
#13877=CARTESIAN_POINT('Origin',(-11.25,-24.4832291625973,7.));
#13878=CARTESIAN_POINT('',(-11.25,-21.8167708374027,1.25));
#13879=CARTESIAN_POINT('',(-11.25,-21.8167708374027,1.));
#13880=CARTESIAN_POINT('',(-11.25,-23.831051851529,1.25));
#13881=CARTESIAN_POINT('Origin',(-5.4,-23.15,7.));
#13882=CARTESIAN_POINT('',(-6.73322916259733,-17.3,1.25));
#13883=CARTESIAN_POINT('',(-6.73322916259733,-17.3,1.));
#13884=CARTESIAN_POINT('Origin',(-5.4,-23.15,1.25));
#13885=CARTESIAN_POINT('Origin',(-4.71112212021663,-17.2,0.85));
#13886=CARTESIAN_POINT('',(-4.71112212021663,-17.3,0.85));
#13887=CARTESIAN_POINT('',(-4.71112212021663,-17.2,0.75));
#13888=CARTESIAN_POINT('Origin',(-6.73322916259733,-17.3,7.));
#13889=CARTESIAN_POINT('',(-6.06489256331612,-17.3,1.25));
#13890=CARTESIAN_POINT('Origin',(-3.3778929576193,-11.6,0.85));
#13891=CARTESIAN_POINT('',(-4.05556703402513,-11.6,0.75));
#13892=CARTESIAN_POINT('',(-6.74443296597486,-11.6,0.75));
#13893=CARTESIAN_POINT('',(-3.3778929576193,-11.6,0.75));
#13894=CARTESIAN_POINT('',(-6.73322916259733,-11.5,0.85));
#13895=CARTESIAN_POINT('Ctrl Pts',(-6.74443296597486,-11.6,0.75));
#13896=CARTESIAN_POINT('Ctrl Pts',(-6.74441629046328,-11.5998505392834,
0.75));
#13897=CARTESIAN_POINT('Ctrl Pts',(-6.74439961466522,-11.5997010787795,
0.750000335077587));
#13898=CARTESIAN_POINT('Ctrl Pts',(-6.74292161355406,-11.5864544156041,
0.750059731113967));
#13899=CARTESIAN_POINT('Ctrl Pts',(-6.74147262070208,-11.5734898670857,
0.752690991045177));
#13900=CARTESIAN_POINT('Ctrl Pts',(-6.73876999623283,-11.5493442755985,
0.762794965416583));
#13901=CARTESIAN_POINT('Ctrl Pts',(-6.73754101257362,-11.5383829501786,
0.770157825755161));
#13902=CARTESIAN_POINT('Ctrl Pts',(-6.73547383981697,-11.5199643849019,
0.788652480118876));
#13903=CARTESIAN_POINT('Ctrl Pts',(-6.73465304396989,-11.5126614377882,
0.799582668995745));
#13904=CARTESIAN_POINT('Ctrl Pts',(-6.73353133011391,-11.5026849856999,
0.823585939613115));
#13905=CARTESIAN_POINT('Ctrl Pts',(-6.73323842638597,-11.5000823383677,
0.836410473353658));
#13906=CARTESIAN_POINT('Ctrl Pts',(-6.73322923466327,-11.500000640536,0.849586677135933));
#13907=CARTESIAN_POINT('Ctrl Pts',(-6.73322916259733,-11.5,0.849793354376373));
#13908=CARTESIAN_POINT('Ctrl Pts',(-6.73322916259733,-11.5,0.85));
#13909=CARTESIAN_POINT('',(-4.06677083740267,-11.5,0.85));
#13910=CARTESIAN_POINT('',(-3.3778929576193,-11.5,0.85));
#13911=CARTESIAN_POINT('Ctrl Pts',(-4.05556703402513,-11.6,0.75));
#13912=CARTESIAN_POINT('Ctrl Pts',(-4.05558370953671,-11.5998505392834,
0.75));
#13913=CARTESIAN_POINT('Ctrl Pts',(-4.05560038533477,-11.5997010787795,
0.750000335077587));
#13914=CARTESIAN_POINT('Ctrl Pts',(-4.05637729759348,-11.5927379615462,
0.750031556643277));
#13915=CARTESIAN_POINT('Ctrl Pts',(-4.05713594210115,-11.585944409036,0.750758427949179));
#13916=CARTESIAN_POINT('Ctrl Pts',(-4.0586259405596,-11.5726127085921,0.75358246157792));
#13917=CARTESIAN_POINT('Ctrl Pts',(-4.05935358541744,-11.5661077346354,
0.755671927717977));
#13918=CARTESIAN_POINT('Ctrl Pts',(-4.06138607263517,-11.547951560791,0.763628048395592));
#13919=CARTESIAN_POINT('Ctrl Pts',(-4.06259632186639,-11.5371585484737,
0.77112783024763));
#13920=CARTESIAN_POINT('Ctrl Pts',(-4.06462321621785,-11.519100447454,0.789809123476347));
#13921=CARTESIAN_POINT('Ctrl Pts',(-4.06542301532058,-11.5119847800552,
0.800789262853055));
#13922=CARTESIAN_POINT('Ctrl Pts',(-4.06649710302677,-11.5024323112311,
0.824651728725948));
#13923=CARTESIAN_POINT('Ctrl Pts',(-4.06677083740267,-11.5,0.837265833201337));
#13924=CARTESIAN_POINT('Ctrl Pts',(-4.06677083740267,-11.5,0.85));
#13925=CARTESIAN_POINT('Origin',(-5.4,-5.65,0.85));
#13926=CARTESIAN_POINT('',(-11.35,-6.99443296597487,0.75));
#13927=CARTESIAN_POINT('Origin',(-5.4,-5.65,0.75));
#13928=CARTESIAN_POINT('',(-11.25,-6.98322916259733,0.85));
#13929=CARTESIAN_POINT('Ctrl Pts',(-11.35,-6.99443296597487,0.75));
#13930=CARTESIAN_POINT('Ctrl Pts',(-11.3498505392834,-6.99441629046329,
0.75));
#13931=CARTESIAN_POINT('Ctrl Pts',(-11.3497010787795,-6.99439961466519,
0.750000335077587));
#13932=CARTESIAN_POINT('Ctrl Pts',(-11.3364544156022,-6.99292161355454,
0.750059731113973));
#13933=CARTESIAN_POINT('Ctrl Pts',(-11.3234898670835,-6.99147262070184,
0.752690991045652));
#13934=CARTESIAN_POINT('Ctrl Pts',(-11.2993442755957,-6.98876999623253,
0.762794965418167));
#13935=CARTESIAN_POINT('Ctrl Pts',(-11.2883829501761,-6.98754101257334,
0.770157825757086));
#13936=CARTESIAN_POINT('Ctrl Pts',(-11.2699643849,-6.98547383981676,0.78865248012136));
#13937=CARTESIAN_POINT('Ctrl Pts',(-11.2626614377867,-6.98465304396973,
0.799582668998454));
#13938=CARTESIAN_POINT('Ctrl Pts',(-11.2526849856991,-6.98353133011383,
0.823585939616131));
#13939=CARTESIAN_POINT('Ctrl Pts',(-11.2500823383673,-6.98323842638593,
0.83641047335675));
#13940=CARTESIAN_POINT('Ctrl Pts',(-11.250000640536,-6.98322923466327,0.849586677137992));
#13941=CARTESIAN_POINT('Ctrl Pts',(-11.25,-6.98322916259733,0.849793354377403));
#13942=CARTESIAN_POINT('Ctrl Pts',(-11.25,-6.98322916259733,0.85));
#13943=CARTESIAN_POINT('Origin',(-5.4,-5.65,0.85));
#13944=CARTESIAN_POINT('Origin',(-11.35,-10.9351922538089,0.85));
#13945=CARTESIAN_POINT('',(-11.35,-4.30556703402514,0.75));
#13946=CARTESIAN_POINT('',(-11.35,-10.9351922538089,0.75));
#13947=CARTESIAN_POINT('',(-11.25,-4.31677083740267,0.85));
#13948=CARTESIAN_POINT('Ctrl Pts',(-11.35,-4.30556703402514,0.75));
#13949=CARTESIAN_POINT('Ctrl Pts',(-11.3498505392834,-4.30558370953672,
0.75));
#13950=CARTESIAN_POINT('Ctrl Pts',(-11.3497010787795,-4.30560038533481,
0.750000335077587));
#13951=CARTESIAN_POINT('Ctrl Pts',(-11.3427379615458,-4.30637729759318,
0.750031556643278));
#13952=CARTESIAN_POINT('Ctrl Pts',(-11.3359444090359,-4.30713594210116,
0.7507584279492));
#13953=CARTESIAN_POINT('Ctrl Pts',(-11.322612708592,-4.30862594055962,0.753582461577951));
#13954=CARTESIAN_POINT('Ctrl Pts',(-11.3161077346352,-4.30935358541745,
0.755671927718027));
#13955=CARTESIAN_POINT('Ctrl Pts',(-11.2979515607908,-4.31138607263519,
0.76362804839569));
#13956=CARTESIAN_POINT('Ctrl Pts',(-11.2871585484735,-4.31259632186641,
0.771127830247748));
#13957=CARTESIAN_POINT('Ctrl Pts',(-11.2691004474539,-4.31462321621786,
0.789809123476506));
#13958=CARTESIAN_POINT('Ctrl Pts',(-11.2619847800551,-4.31542301532061,
0.800789262853225));
#13959=CARTESIAN_POINT('Ctrl Pts',(-11.2524323112311,-4.31649710302679,
0.824651728726061));
#13960=CARTESIAN_POINT('Ctrl Pts',(-11.25,-4.31677083740267,0.837265833201393));
#13961=CARTESIAN_POINT('Ctrl Pts',(-11.25,-4.31677083740267,0.85));
#13962=CARTESIAN_POINT('',(-11.25,-10.9351922538089,0.85));
#13963=CARTESIAN_POINT('Origin',(-5.4,-5.65,0.85));
#13964=CARTESIAN_POINT('',(-6.74443296597486,0.300000000000001,0.75));
#13965=CARTESIAN_POINT('Origin',(-5.4,-5.65,0.75));
#13966=CARTESIAN_POINT('',(-6.73322916259733,0.200000000000001,0.85));
#13967=CARTESIAN_POINT('Ctrl Pts',(-6.74443296597486,0.300000000000001,
0.75));
#13968=CARTESIAN_POINT('Ctrl Pts',(-6.74441629046328,0.299850539283375,
0.75));
#13969=CARTESIAN_POINT('Ctrl Pts',(-6.74439961466523,0.299701078779535,
0.750000335077587));
#13970=CARTESIAN_POINT('Ctrl Pts',(-6.74362270240649,0.29273796154627,0.750031556643277));
#13971=CARTESIAN_POINT('Ctrl Pts',(-6.74286405789886,0.285944409036103,
0.75075842794917));
#13972=CARTESIAN_POINT('Ctrl Pts',(-6.74137405944041,0.272612708592254,
0.753582461577876));
#13973=CARTESIAN_POINT('Ctrl Pts',(-6.74064641458258,0.266107734635585,
0.755671927717907));
#13974=CARTESIAN_POINT('Ctrl Pts',(-6.73861392736485,0.247951560791197,
0.76362804839546));
#13975=CARTESIAN_POINT('Ctrl Pts',(-6.73740367813363,0.237158548473892,
0.77112783024747));
#13976=CARTESIAN_POINT('Ctrl Pts',(-6.73537678378216,0.219100447454192,
0.789809123476147));
#13977=CARTESIAN_POINT('Ctrl Pts',(-6.73457698467943,0.211984780055353,
0.800789262852837));
#13978=CARTESIAN_POINT('Ctrl Pts',(-6.73350289697323,0.202432311231178,
0.824651728725774));
#13979=CARTESIAN_POINT('Ctrl Pts',(-6.73322916259733,0.200000000000001,
0.837265833201247));
#13980=CARTESIAN_POINT('Ctrl Pts',(-6.73322916259733,0.200000000000001,
0.849999999999999));
#13981=CARTESIAN_POINT('Origin',(-5.4,-5.65,0.85));
#13982=CARTESIAN_POINT('Origin',(-4.71112212021663,0.300000000000001,0.85));
#13983=CARTESIAN_POINT('',(-4.05556703402513,0.300000000000001,0.75));
#13984=CARTESIAN_POINT('',(-4.71112212021663,0.300000000000001,0.75));
#13985=CARTESIAN_POINT('',(-4.06677083740267,0.200000000000001,0.85));
#13986=CARTESIAN_POINT('Ctrl Pts',(-4.05556703402513,0.300000000000001,
0.75));
#13987=CARTESIAN_POINT('Ctrl Pts',(-4.05558370953671,0.299850539283366,
0.75));
#13988=CARTESIAN_POINT('Ctrl Pts',(-4.05560038533473,0.299701078779536,
0.750000335077587));
#13989=CARTESIAN_POINT('Ctrl Pts',(-4.05707838644689,0.286454415603185,
0.750059731113972));
#13990=CARTESIAN_POINT('Ctrl Pts',(-4.05852737929805,0.273489867084301,
0.752690991045465));
#13991=CARTESIAN_POINT('Ctrl Pts',(-4.06123000376735,0.249344275596747,
0.762794965417574));
#13992=CARTESIAN_POINT('Ctrl Pts',(-4.06245898742656,0.238382950177018,
0.770157825756366));
#13993=CARTESIAN_POINT('Ctrl Pts',(-4.06452616018316,0.219964384900682,
0.78865248012043));
#13994=CARTESIAN_POINT('Ctrl Pts',(-4.0653469560302,0.21266143778726,0.799582668997439));
#13995=CARTESIAN_POINT('Ctrl Pts',(-4.06646866988614,0.202684985699435,
0.823585939614992));
#13996=CARTESIAN_POINT('Ctrl Pts',(-4.06676157361405,0.200082338367424,
0.836410473355586));
#13997=CARTESIAN_POINT('Ctrl Pts',(-4.06677076533672,0.200000640536016,
0.84958667713722));
#13998=CARTESIAN_POINT('Ctrl Pts',(-4.06677083740267,0.200000000000001,
0.849793354377017));
#13999=CARTESIAN_POINT('Ctrl Pts',(-4.06677083740267,0.200000000000001,
0.85));
#14000=CARTESIAN_POINT('',(-4.71112212021663,0.200000000000001,0.85));
#14001=CARTESIAN_POINT('Origin',(-5.4,-5.65,0.85));
#14002=CARTESIAN_POINT('',(0.450000000000005,-4.31677083740267,0.85));
#14003=CARTESIAN_POINT('Origin',(-5.4,-5.65,0.85));
#14004=CARTESIAN_POINT('',(0.550000000000004,-4.30556703402513,0.75));
#14005=CARTESIAN_POINT('Origin',(-5.4,-5.65,0.75));
#14006=CARTESIAN_POINT('Ctrl Pts',(0.550000000000009,-4.30556703402513,
0.75));
#14007=CARTESIAN_POINT('Ctrl Pts',(0.54985053928339,-4.30558370953671,0.75));
#14008=CARTESIAN_POINT('Ctrl Pts',(0.549701078779551,-4.3056003853348,0.750000335077587));
#14009=CARTESIAN_POINT('Ctrl Pts',(0.536454415602241,-4.30707838644548,
0.750059731113973));
#14010=CARTESIAN_POINT('Ctrl Pts',(0.523489867083442,-4.30852737929817,
0.752690991045657));
#14011=CARTESIAN_POINT('Ctrl Pts',(0.499344275595704,-4.31123000376748,
0.762794965418183));
#14012=CARTESIAN_POINT('Ctrl Pts',(0.488382950176064,-4.31245898742667,
0.770157825757106));
#14013=CARTESIAN_POINT('Ctrl Pts',(0.469964384899952,-4.31452616018325,
0.788652480121388));
#14014=CARTESIAN_POINT('Ctrl Pts',(0.462661437786662,-4.31534695603027,
0.799582668998483));
#14015=CARTESIAN_POINT('Ctrl Pts',(0.452684985699123,-4.31646866988617,
0.823585939616154));
#14016=CARTESIAN_POINT('Ctrl Pts',(0.450082338367267,-4.31676157361407,
0.836410473356777));
#14017=CARTESIAN_POINT('Ctrl Pts',(0.450000640536018,-4.31677076533673,
0.849586677138013));
#14018=CARTESIAN_POINT('Ctrl Pts',(0.450000000000005,-4.31677083740267,
0.849793354377413));
#14019=CARTESIAN_POINT('Ctrl Pts',(0.450000000000005,-4.31677083740267,
0.85));
#14020=CARTESIAN_POINT('Origin',(0.550000000000004,-9.6019630912116,0.85));
#14021=CARTESIAN_POINT('',(0.450000000000005,-6.98322916259733,0.85));
#14022=CARTESIAN_POINT('',(0.450000000000005,-9.6019630912116,0.85));
#14023=CARTESIAN_POINT('',(0.550000000000004,-6.99443296597487,0.75));
#14024=CARTESIAN_POINT('',(0.550000000000004,-9.6019630912116,0.75));
#14025=CARTESIAN_POINT('Ctrl Pts',(0.550000000000004,-6.99443296597487,
0.75));
#14026=CARTESIAN_POINT('Ctrl Pts',(0.549850539283386,-6.99441629046329,
0.75));
#14027=CARTESIAN_POINT('Ctrl Pts',(0.54970107877955,-6.9943996146652,0.750000335077587));
#14028=CARTESIAN_POINT('Ctrl Pts',(0.542737961545637,-6.9936227024068,0.750031556643278));
#14029=CARTESIAN_POINT('Ctrl Pts',(0.535944409035586,-6.9928640578988,0.750758427949233));
#14030=CARTESIAN_POINT('Ctrl Pts',(0.52261270859138,-6.99137405944031,0.753582461578109));
#14031=CARTESIAN_POINT('Ctrl Pts',(0.516107734634512,-6.99064641458246,
0.755671927718278));
#14032=CARTESIAN_POINT('Ctrl Pts',(0.497951560790023,-6.98861392736472,
0.763628048396169));
#14033=CARTESIAN_POINT('Ctrl Pts',(0.487158548472823,-6.98740367813352,
0.771127830248326));
#14034=CARTESIAN_POINT('Ctrl Pts',(0.469100447453379,-6.98537678378208,
0.789809123477245));
#14035=CARTESIAN_POINT('Ctrl Pts',(0.46198478005469,-6.98457698467935,0.80078926285403));
#14036=CARTESIAN_POINT('Ctrl Pts',(0.452432311231004,-6.98350289697321,
0.824651728726681));
#14037=CARTESIAN_POINT('Ctrl Pts',(0.450000000000004,-6.98322916259733,
0.83726583320171));
#14038=CARTESIAN_POINT('Ctrl Pts',(0.450000000000004,-6.98322916259733,
0.85));
#14039=CARTESIAN_POINT('Origin',(-5.4,-5.65,0.85));
#14040=CARTESIAN_POINT('Origin',(-5.4,-5.65,0.85));
#14041=CARTESIAN_POINT('Origin',(-5.4,-5.65,0.75));
#14042=CARTESIAN_POINT('Origin',(-5.4,-5.65,7.));
#14043=CARTESIAN_POINT('',(0.450000000000005,-4.31677083740267,1.25));
#14044=CARTESIAN_POINT('',(0.450000000000005,-4.31677083740267,1.));
#14045=CARTESIAN_POINT('',(-4.06677083740267,0.200000000000001,1.25));
#14046=CARTESIAN_POINT('Origin',(-5.4,-5.65,1.25));
#14047=CARTESIAN_POINT('',(-4.06677083740267,0.200000000000001,1.));
#14048=CARTESIAN_POINT('Origin',(0.450000000000005,-4.31677083740267,7.));
#14049=CARTESIAN_POINT('',(0.450000000000005,-6.98322916259733,1.25));
#14050=CARTESIAN_POINT('',(0.450000000000005,-6.98322916259733,1.));
#14051=CARTESIAN_POINT('',(0.450000000000005,-4.9978226889317,1.25));
#14052=CARTESIAN_POINT('Origin',(-5.4,-5.65,7.));
#14053=CARTESIAN_POINT('',(-4.06677083740267,-11.5,1.25));
#14054=CARTESIAN_POINT('',(-4.06677083740267,-11.5,1.));
#14055=CARTESIAN_POINT('Origin',(-5.4,-5.65,1.25));
#14056=CARTESIAN_POINT('Origin',(-4.06677083740267,-11.5,7.));
#14057=CARTESIAN_POINT('',(-6.73322916259733,-11.5,1.25));
#14058=CARTESIAN_POINT('',(-6.73322916259733,-11.5,1.));
#14059=CARTESIAN_POINT('',(-4.73166340071879,-11.5,1.25));
#14060=CARTESIAN_POINT('Origin',(-2.68901507783593,-14.8871553450205,0.75));
#14061=CARTESIAN_POINT('',(7.81098492216407,-31.9371553450205,0.75));
#14062=CARTESIAN_POINT('',(9.61098492216406,-30.1371553450205,0.75));
#14063=CARTESIAN_POINT('Origin',(7.81098492216407,-30.1371553450205,0.75));
#14064=CARTESIAN_POINT('',(-13.6890150778359,-31.9371553450205,0.75));
#14065=CARTESIAN_POINT('',(-2.68901507783593,-31.9371553450205,0.75));
#14066=CARTESIAN_POINT('',(-15.4890150778359,-30.1371553450205,0.75));
#14067=CARTESIAN_POINT('Origin',(-13.6890150778359,-30.1371553450205,0.75));
#14068=CARTESIAN_POINT('',(-15.4890150778359,0.362844654979469,0.75));
#14069=CARTESIAN_POINT('',(-15.4890150778359,-14.8871553450205,0.75));
#14070=CARTESIAN_POINT('',(-13.6890150778359,2.16284465497947,0.75));
#14071=CARTESIAN_POINT('Origin',(-13.6890150778359,0.362844654979469,0.75));
#14072=CARTESIAN_POINT('',(7.81098492216407,2.16284465497947,0.75));
#14073=CARTESIAN_POINT('',(-2.68901507783593,2.16284465497947,0.75));
#14074=CARTESIAN_POINT('',(9.61098492216407,0.362844654979469,0.75));
#14075=CARTESIAN_POINT('Origin',(7.81098492216407,0.362844654979469,0.75));
#14076=CARTESIAN_POINT('',(9.61098492216407,-14.8871553450205,0.75));
#14077=CARTESIAN_POINT('',(-0.361555964034906,-28.4288745404607,0.75));
#14078=CARTESIAN_POINT('Origin',(-0.146555964034906,-28.4288745404607,0.75));
#14079=CARTESIAN_POINT('',(-10.8615559640349,-0.428874540460729,0.75));
#14080=CARTESIAN_POINT('Origin',(-10.6465559640349,-0.428874540460729,0.75));
#14081=CARTESIAN_POINT('',(-10.8615559640349,-10.9288745404607,0.75));
#14082=CARTESIAN_POINT('Origin',(-10.6465559640349,-10.9288745404607,0.75));
#14083=CARTESIAN_POINT('',(-0.361555964034906,-10.9288745404607,0.75));
#14084=CARTESIAN_POINT('Origin',(-0.146555964034906,-10.9288745404607,0.75));
#14085=CARTESIAN_POINT('',(-10.8615559640349,-28.4288745404607,0.75));
#14086=CARTESIAN_POINT('Origin',(-10.6465559640349,-28.4288745404607,0.75));
#14087=CARTESIAN_POINT('',(-10.8615559640349,-17.9288745404607,0.75));
#14088=CARTESIAN_POINT('Origin',(-10.6465559640349,-17.9288745404607,0.75));
#14089=CARTESIAN_POINT('',(-0.361555964034906,-17.9288745404607,0.75));
#14090=CARTESIAN_POINT('Origin',(-0.146555964034906,-17.9288745404607,0.75));
#14091=CARTESIAN_POINT('Origin',(0.803444035965094,-0.965469936939444,4.75));
#14092=CARTESIAN_POINT('',(0.803444035965094,-1.16546993693944,3.55));
#14093=CARTESIAN_POINT('',(0.603444035965094,-0.965469936939444,3.55));
#14094=CARTESIAN_POINT('Origin',(0.803444035965094,-0.965469936939444,3.55));
#14095=CARTESIAN_POINT('',(0.603444035965094,-0.965469936939444,1.25));
#14096=CARTESIAN_POINT('',(0.603444035965094,-0.965469936939444,4.75));
#14097=CARTESIAN_POINT('',(0.803444035965094,-1.16546993693944,1.25));
#14098=CARTESIAN_POINT('Origin',(0.803444035965094,-0.965469936939444,1.25));
#14099=CARTESIAN_POINT('',(0.803444035965094,-1.16546993693944,4.75));
#14100=CARTESIAN_POINT('Origin',(-3.56335255212477,-0.965469936939446,3.55));
#14101=CARTESIAN_POINT('Origin',(0.803444035965094,-0.965469936939444,3.55));
#14102=CARTESIAN_POINT('',(1.33992983685155,-1.16546993693944,3.55));
#14103=CARTESIAN_POINT('',(-3.56335255212477,-1.16546993693945,3.55));
#14104=CARTESIAN_POINT('Origin',(1.33992983685155,-0.965469936939444,3.55));
#14105=CARTESIAN_POINT('Origin',(1.33992983685155,-1.66546993693944,3.55));
#14106=CARTESIAN_POINT('',(1.83992983685155,-1.66546993693944,3.55));
#14107=CARTESIAN_POINT('Origin',(2.03992983685155,-1.66546993693944,3.55));
#14108=CARTESIAN_POINT('Origin',(1.33992983685155,-1.66546993693944,3.55));
#14109=CARTESIAN_POINT('Origin',(2.03992983685155,-16.2203351996404,3.55));
#14110=CARTESIAN_POINT('',(1.83992983685155,-2.76546993693944,3.55));
#14111=CARTESIAN_POINT('Origin',(2.03992983685155,-2.76546993693944,3.55));
#14112=CARTESIAN_POINT('',(1.83992983685155,-16.2203351996404,3.55));
#14113=CARTESIAN_POINT('Origin',(1.33992983685155,-2.76546993693944,3.55));
#14114=CARTESIAN_POINT('',(1.33992983685155,-3.26546993693944,3.55));
#14115=CARTESIAN_POINT('Origin',(1.33992983685155,-3.46546993693944,3.55));
#14116=CARTESIAN_POINT('Origin',(1.33992983685155,-2.76546993693944,3.55));
#14117=CARTESIAN_POINT('Origin',(-2.93835255212477,-3.46546993693944,3.55));
#14118=CARTESIAN_POINT('',(0.803444035965094,-3.26546993693944,3.55));
#14119=CARTESIAN_POINT('Origin',(0.803444035965094,-3.46546993693944,3.55));
#14120=CARTESIAN_POINT('',(-2.93835255212477,-3.26546993693944,3.55));
#14121=CARTESIAN_POINT('Origin',(0.803444035965094,-0.965469936939444,3.55));
#14122=CARTESIAN_POINT('Origin',(0.803444035965094,-0.965469936939444,3.55));
#14123=CARTESIAN_POINT('Origin',(0.803444035965094,-3.46546993693944,4.75));
#14124=CARTESIAN_POINT('',(0.603444035965094,-3.46546993693944,3.55));
#14125=CARTESIAN_POINT('Origin',(0.803444035965094,-3.46546993693944,3.55));
#14126=CARTESIAN_POINT('',(0.803444035965094,-3.26546993693944,1.25));
#14127=CARTESIAN_POINT('',(0.803444035965094,-3.26546993693944,4.75));
#14128=CARTESIAN_POINT('',(0.603444035965094,-3.46546993693944,1.25));
#14129=CARTESIAN_POINT('Origin',(0.803444035965094,-3.46546993693944,1.25));
#14130=CARTESIAN_POINT('',(0.603444035965094,-3.46546993693944,4.75));
#14131=CARTESIAN_POINT('Origin',(0.803444035965094,-3.46546993693944,3.55));
#14132=CARTESIAN_POINT('Origin',(0.803444035965094,-3.46546993693944,3.55));
#14133=CARTESIAN_POINT('Origin',(0.803444035965093,-15.477037501401,3.55));
#14134=CARTESIAN_POINT('',(0.603444035965094,-0.428874540460729,3.55));
#14135=CARTESIAN_POINT('Origin',(0.803444035965094,-0.428874540460729,3.55));
#14136=CARTESIAN_POINT('',(0.603444035965093,-15.477037501401,3.55));
#14137=CARTESIAN_POINT('Origin',(0.803444035965093,-15.477037501401,3.55));
#14138=CARTESIAN_POINT('',(0.603444035965093,-10.9288745404607,3.55));
#14139=CARTESIAN_POINT('',(0.603444035965093,-15.477037501401,3.55));
#14140=CARTESIAN_POINT('Origin',(0.803444035965094,-10.9288745404607,3.55));
#14141=CARTESIAN_POINT('Origin',(0.603444035965094,0.321125459539271,4.75));
#14142=CARTESIAN_POINT('',(0.603444035965093,-10.9288745404607,1.25));
#14143=CARTESIAN_POINT('',(0.603444035965094,-5.67887454046073,1.25));
#14144=CARTESIAN_POINT('',(0.603444035965093,-10.9288745404607,4.75));
#14145=CARTESIAN_POINT('Origin',(1.33992983685155,-2.76546993693944,4.75));
#14146=CARTESIAN_POINT('',(1.83992983685155,-2.76546993693944,1.25));
#14147=CARTESIAN_POINT('',(1.83992983685155,-2.76546993693944,4.75));
#14148=CARTESIAN_POINT('',(1.33992983685155,-3.26546993693944,1.25));
#14149=CARTESIAN_POINT('Origin',(1.33992983685155,-2.76546993693944,1.25));
#14150=CARTESIAN_POINT('',(1.33992983685155,-3.26546993693944,4.75));
#14151=CARTESIAN_POINT('Origin',(1.83992983685155,-3.26546993693944,4.75));
#14152=CARTESIAN_POINT('',(1.21492983685155,-3.26546993693944,1.25));
#14153=CARTESIAN_POINT('Origin',(1.33992983685155,-1.66546993693944,4.75));
#14154=CARTESIAN_POINT('',(1.33992983685155,-1.16546993693944,1.25));
#14155=CARTESIAN_POINT('',(1.33992983685155,-1.16546993693944,4.75));
#14156=CARTESIAN_POINT('',(1.83992983685155,-1.66546993693944,1.25));
#14157=CARTESIAN_POINT('Origin',(1.33992983685155,-1.66546993693944,1.25));
#14158=CARTESIAN_POINT('',(1.83992983685155,-1.66546993693944,4.75));
#14159=CARTESIAN_POINT('Origin',(-5.39655596403491,-5.67887454046073,1.25));
#14160=CARTESIAN_POINT('',(1.83992983685155,-2.21546993693944,1.25));
#14161=CARTESIAN_POINT('',(1.21492983685155,-1.16546993693944,1.25));
#14162=CARTESIAN_POINT('',(0.603444035965094,-0.428874540460729,1.25));
#14163=CARTESIAN_POINT('',(0.603444035965094,-5.67887454046073,1.25));
#14164=CARTESIAN_POINT('',(-0.146555964034906,0.321125459539271,1.25));
#14165=CARTESIAN_POINT('Origin',(-0.146555964034906,-0.428874540460729,
1.25));
#14166=CARTESIAN_POINT('',(-10.6465559640349,0.321125459539271,1.25));
#14167=CARTESIAN_POINT('',(-5.39655596403491,0.321125459539271,1.25));
#14168=CARTESIAN_POINT('',(-11.3965559640349,-0.428874540460729,1.25));
#14169=CARTESIAN_POINT('Origin',(-10.6465559640349,-0.428874540460729,1.25));
#14170=CARTESIAN_POINT('',(-11.3965559640349,-10.9288745404607,1.25));
#14171=CARTESIAN_POINT('',(-11.3965559640349,-5.67887454046073,1.25));
#14172=CARTESIAN_POINT('',(-10.6465559640349,-11.6788745404607,1.25));
#14173=CARTESIAN_POINT('Origin',(-10.6465559640349,-10.9288745404607,1.25));
#14174=CARTESIAN_POINT('',(-0.146555964034906,-11.6788745404607,1.25));
#14175=CARTESIAN_POINT('',(-5.39655596403491,-11.6788745404607,1.25));
#14176=CARTESIAN_POINT('Origin',(-0.146555964034906,-10.9288745404607,1.25));
#14177=CARTESIAN_POINT('',(-0.361555964034906,-10.9288745404607,1.25));
#14178=CARTESIAN_POINT('Origin',(-0.146555964034906,-10.9288745404607,1.25));
#14179=CARTESIAN_POINT('',(-10.8615559640349,-0.428874540460729,1.25));
#14180=CARTESIAN_POINT('Origin',(-10.6465559640349,-0.428874540460729,1.25));
#14181=CARTESIAN_POINT('',(-10.8615559640349,-10.9288745404607,1.25));
#14182=CARTESIAN_POINT('Origin',(-10.6465559640349,-10.9288745404607,1.25));
#14183=CARTESIAN_POINT('',(-11.25,-6.98322916259733,1.25));
#14184=CARTESIAN_POINT('Origin',(-5.4,-5.65,1.25));
#14185=CARTESIAN_POINT('',(-11.25,-4.31677083740267,1.25));
#14186=CARTESIAN_POINT('',(-11.25,-6.33105185152903,1.25));
#14187=CARTESIAN_POINT('',(-6.73322916259733,0.200000000000001,1.25));
#14188=CARTESIAN_POINT('Origin',(-5.4,-5.65,1.25));
#14189=CARTESIAN_POINT('',(-6.06489256331612,0.200000000000001,1.25));
#14190=CARTESIAN_POINT('Origin',(0.589929836851546,-1.16546993693944,4.75));
#14191=CARTESIAN_POINT('Origin',(-0.146555964034906,-10.9288745404607,3.55));
#14192=CARTESIAN_POINT('',(-0.146555964034907,-11.6788745404607,3.55));
#14193=CARTESIAN_POINT('Origin',(-0.146555964034907,-11.8788745404607,3.55));
#14194=CARTESIAN_POINT('Origin',(-0.146555964034906,-10.9288745404607,3.55));
#14195=CARTESIAN_POINT('Origin',(-3.55659545256799,-11.8788745404607,3.55));
#14196=CARTESIAN_POINT('',(-10.6465559640349,-11.6788745404607,3.55));
#14197=CARTESIAN_POINT('Origin',(-10.6465559640349,-11.8788745404607,3.55));
#14198=CARTESIAN_POINT('',(-3.55659545256799,-11.6788745404607,3.55));
#14199=CARTESIAN_POINT('Origin',(-10.6465559640349,-10.9288745404607,3.55));
#14200=CARTESIAN_POINT('',(-11.3965559640349,-10.9288745404607,3.55));
#14201=CARTESIAN_POINT('Origin',(-11.5965559640349,-10.9288745404607,3.55));
#14202=CARTESIAN_POINT('Origin',(-10.6465559640349,-10.9288745404607,3.55));
#14203=CARTESIAN_POINT('Origin',(-11.5965559640349,-21.477037501401,3.55));
#14204=CARTESIAN_POINT('',(-11.3965559640349,-0.428874540460729,3.55));
#14205=CARTESIAN_POINT('Origin',(-11.5965559640349,-0.428874540460729,3.55));
#14206=CARTESIAN_POINT('',(-11.3965559640349,-21.477037501401,3.55));
#14207=CARTESIAN_POINT('Origin',(-10.6465559640349,-0.428874540460729,3.55));
#14208=CARTESIAN_POINT('',(-10.9312918185873,0.264973780955629,3.55));
#14209=CARTESIAN_POINT('Origin',(-11.0072213798013,0.449999999999991,3.55));
#14210=CARTESIAN_POINT('Origin',(-10.6465559640349,-0.428874540460729,3.55));
#14211=CARTESIAN_POINT('Origin',(-10.6465559640349,-0.428874540460729,3.55));
#14212=CARTESIAN_POINT('',(-10.6465559640349,0.321125459539271,3.55));
#14213=CARTESIAN_POINT('Origin',(-10.6465559640349,-0.428874540460729,3.55));
#14214=CARTESIAN_POINT('Origin',(-10.6465559640349,0.521125459539271,3.55));
#14215=CARTESIAN_POINT('Origin',(-0.146555964034906,-0.428874540460729,
3.55));
#14216=CARTESIAN_POINT('',(0.138179890517519,0.264973780955631,3.55));
#14217=CARTESIAN_POINT('Origin',(0.214109451731499,0.449999999999993,3.55));
#14218=CARTESIAN_POINT('Origin',(-0.146555964034906,-0.428874540460729,
3.55));
#14219=CARTESIAN_POINT('Origin',(-0.146555964034906,-0.428874540460729,
3.55));
#14220=CARTESIAN_POINT('',(-0.146555964034906,0.321125459539271,3.55));
#14221=CARTESIAN_POINT('Origin',(-0.146555964034906,0.521125459539271,3.55));
#14222=CARTESIAN_POINT('Origin',(-0.146555964034906,-0.428874540460729,
3.55));
#14223=CARTESIAN_POINT('Origin',(-9.55659545256799,0.521125459539272,3.55));
#14224=CARTESIAN_POINT('',(-9.55659545256799,0.321125459539271,3.55));
#14225=CARTESIAN_POINT('Origin',(0.603444035965094,0.321125459539271,4.75));
#14226=CARTESIAN_POINT('',(0.603444035965094,-0.428874540460729,4.75));
#14227=CARTESIAN_POINT('Origin',(-10.6465559640349,-10.9288745404607,4.75));
#14228=CARTESIAN_POINT('',(-10.6465559640349,-11.6788745404607,4.75));
#14229=CARTESIAN_POINT('',(-11.3965559640349,-10.9288745404607,4.75));
#14230=CARTESIAN_POINT('Origin',(-11.3965559640349,-11.6788745404607,4.75));
#14231=CARTESIAN_POINT('',(-11.3965559640349,-0.428874540460729,4.75));
#14232=CARTESIAN_POINT('Origin',(-10.6465559640349,-0.428874540460729,4.75));
#14233=CARTESIAN_POINT('',(-10.6465559640349,0.321125459539271,4.75));
#14234=CARTESIAN_POINT('Origin',(-11.3965559640349,0.321125459539271,4.75));
#14235=CARTESIAN_POINT('',(-0.146555964034906,0.321125459539271,4.75));
#14236=CARTESIAN_POINT('Origin',(-0.146555964034906,-10.9288745404607,4.75));
#14237=CARTESIAN_POINT('',(-0.146555964034907,-11.6788745404607,4.75));
#14238=CARTESIAN_POINT('Origin',(-0.146555964034906,-0.428874540460729,
4.75));
#14239=CARTESIAN_POINT('Origin',(0.803444035965094,-25.4,4.75));
#14240=CARTESIAN_POINT('',(0.803444035965094,-25.6,3.55));
#14241=CARTESIAN_POINT('',(0.603444035965094,-25.4,3.55));
#14242=CARTESIAN_POINT('Origin',(0.803444035965094,-25.4,3.55));
#14243=CARTESIAN_POINT('',(0.603444035965094,-25.4,1.25));
#14244=CARTESIAN_POINT('',(0.603444035965094,-25.4,4.75));
#14245=CARTESIAN_POINT('',(0.803444035965094,-25.6,1.25));
#14246=CARTESIAN_POINT('Origin',(0.803444035965094,-25.4,1.25));
#14247=CARTESIAN_POINT('',(0.803444035965094,-25.6,4.75));
#14248=CARTESIAN_POINT('Origin',(-3.55831747055054,-25.4,3.55));
#14249=CARTESIAN_POINT('Origin',(0.803444035965095,-25.4,3.55));
#14250=CARTESIAN_POINT('',(1.35,-25.6,3.55));
#14251=CARTESIAN_POINT('',(-3.55831747055054,-25.6,3.55));
#14252=CARTESIAN_POINT('Origin',(1.35,-25.4,3.55));
#14253=CARTESIAN_POINT('Origin',(1.35,-26.1,3.55));
#14254=CARTESIAN_POINT('',(1.85,-26.1,3.55));
#14255=CARTESIAN_POINT('Origin',(2.05,-26.1,3.55));
#14256=CARTESIAN_POINT('Origin',(1.35,-26.1,3.55));
#14257=CARTESIAN_POINT('Origin',(2.05,-28.4376002311707,3.55));
#14258=CARTESIAN_POINT('',(1.85,-27.2,3.55));
#14259=CARTESIAN_POINT('Origin',(2.05,-27.2,3.55));
#14260=CARTESIAN_POINT('',(1.85,-28.4376002311707,3.55));
#14261=CARTESIAN_POINT('Origin',(1.35,-27.2,3.55));
#14262=CARTESIAN_POINT('',(1.35,-27.7,3.55));
#14263=CARTESIAN_POINT('Origin',(1.35,-27.9,3.55));
#14264=CARTESIAN_POINT('Origin',(1.35,-27.2,3.55));
#14265=CARTESIAN_POINT('Origin',(-2.93331747055054,-27.9,3.55));
#14266=CARTESIAN_POINT('',(0.803444035965094,-27.7,3.55));
#14267=CARTESIAN_POINT('Origin',(0.803444035965094,-27.9,3.55));
#14268=CARTESIAN_POINT('',(-2.93331747055054,-27.7,3.55));
#14269=CARTESIAN_POINT('Origin',(0.803444035965094,-25.4,3.55));
#14270=CARTESIAN_POINT('Origin',(0.803444035965094,-25.4,3.55));
#14271=CARTESIAN_POINT('Origin',(0.803444035965093,-27.9,4.75));
#14272=CARTESIAN_POINT('',(0.603444035965094,-27.9,3.55));
#14273=CARTESIAN_POINT('Origin',(0.803444035965093,-27.9,3.55));
#14274=CARTESIAN_POINT('',(0.803444035965093,-27.7,1.25));
#14275=CARTESIAN_POINT('',(0.803444035965093,-27.7,4.75));
#14276=CARTESIAN_POINT('',(0.603444035965094,-27.9,1.25));
#14277=CARTESIAN_POINT('Origin',(0.803444035965093,-27.9,1.25));
#14278=CARTESIAN_POINT('',(0.603444035965094,-27.9,4.75));
#14279=CARTESIAN_POINT('Origin',(0.803444035965094,-27.9,3.55));
#14280=CARTESIAN_POINT('Origin',(0.803444035965094,-27.9,3.55));
#14281=CARTESIAN_POINT('Origin',(0.603444035965094,-17.1788745404607,4.75));
#14282=CARTESIAN_POINT('',(0.603444035965094,-17.9288745404607,3.55));
#14283=CARTESIAN_POINT('',(0.603444035965094,-24.227037501401,3.55));
#14284=CARTESIAN_POINT('',(0.603444035965094,-17.9288745404607,1.25));
#14285=CARTESIAN_POINT('',(0.603444035965094,-17.9288745404607,4.75));
#14286=CARTESIAN_POINT('',(0.603444035965094,-23.1788745404607,1.25));
#14287=CARTESIAN_POINT('Origin',(0.803444035965094,-24.227037501401,3.55));
#14288=CARTESIAN_POINT('Origin',(0.803444035965094,-17.9288745404607,3.55));
#14289=CARTESIAN_POINT('Origin',(0.803444035965094,-24.227037501401,3.55));
#14290=CARTESIAN_POINT('',(0.603444035965093,-28.4288745404607,3.55));
#14291=CARTESIAN_POINT('',(0.603444035965094,-24.227037501401,3.55));
#14292=CARTESIAN_POINT('Origin',(0.803444035965094,-28.4288745404607,3.55));
#14293=CARTESIAN_POINT('Origin',(0.603444035965094,-17.1788745404607,4.75));
#14294=CARTESIAN_POINT('',(0.603444035965093,-28.4288745404607,1.25));
#14295=CARTESIAN_POINT('',(0.603444035965094,-23.1788745404607,1.25));
#14296=CARTESIAN_POINT('',(0.603444035965093,-28.4288745404607,4.75));
#14297=CARTESIAN_POINT('Origin',(1.35,-26.1,4.75));
#14298=CARTESIAN_POINT('',(1.35,-25.6,1.25));
#14299=CARTESIAN_POINT('',(1.35,-25.6,4.75));
#14300=CARTESIAN_POINT('',(1.85,-26.1,1.25));
#14301=CARTESIAN_POINT('Origin',(1.35,-26.1,1.25));
#14302=CARTESIAN_POINT('',(1.85,-26.1,4.75));
#14303=CARTESIAN_POINT('Origin',(0.6,-25.6,4.75));
#14304=CARTESIAN_POINT('',(1.225,-25.6,1.25));
#14305=CARTESIAN_POINT('Origin',(1.35,-27.2,4.75));
#14306=CARTESIAN_POINT('',(1.85,-27.2,1.25));
#14307=CARTESIAN_POINT('',(1.85,-27.2,4.75));
#14308=CARTESIAN_POINT('',(1.35,-27.7,1.25));
#14309=CARTESIAN_POINT('Origin',(1.35,-27.2,1.25));
#14310=CARTESIAN_POINT('',(1.35,-27.7,4.75));
#14311=CARTESIAN_POINT('Origin',(1.85,-25.6,4.75));
#14312=CARTESIAN_POINT('',(1.85,-27.1,1.25));
#14313=CARTESIAN_POINT('Origin',(-0.146555964034906,-28.4288745404607,3.55));
#14314=CARTESIAN_POINT('',(-0.146555964034907,-29.1788745404607,3.55));
#14315=CARTESIAN_POINT('Origin',(-0.146555964034907,-29.3788745404607,3.55));
#14316=CARTESIAN_POINT('Origin',(-0.146555964034906,-28.4288745404607,3.55));
#14317=CARTESIAN_POINT('Origin',(-3.55659545256799,-29.3788745404607,3.55));
#14318=CARTESIAN_POINT('',(-10.6465559640349,-29.1788745404607,3.55));
#14319=CARTESIAN_POINT('Origin',(-10.6465559640349,-29.3788745404607,3.55));
#14320=CARTESIAN_POINT('',(-3.55659545256799,-29.1788745404607,3.55));
#14321=CARTESIAN_POINT('Origin',(-10.6465559640349,-28.4288745404607,3.55));
#14322=CARTESIAN_POINT('',(-11.3965559640349,-28.4288745404607,3.55));
#14323=CARTESIAN_POINT('Origin',(-11.5965559640349,-28.4288745404607,3.55));
#14324=CARTESIAN_POINT('Origin',(-10.6465559640349,-28.4288745404607,3.55));
#14325=CARTESIAN_POINT('Origin',(-11.5965559640349,-30.227037501401,3.55));
#14326=CARTESIAN_POINT('',(-11.3965559640349,-17.9288745404607,3.55));
#14327=CARTESIAN_POINT('Origin',(-11.5965559640349,-17.9288745404607,3.55));
#14328=CARTESIAN_POINT('',(-11.3965559640349,-30.227037501401,3.55));
#14329=CARTESIAN_POINT('Origin',(-10.6465559640349,-17.9288745404607,3.55));
#14330=CARTESIAN_POINT('',(-10.6465559640349,-17.1788745404607,3.55));
#14331=CARTESIAN_POINT('Origin',(-10.6465559640349,-16.9788745404607,3.55));
#14332=CARTESIAN_POINT('Origin',(-10.6465559640349,-17.9288745404607,3.55));
#14333=CARTESIAN_POINT('Origin',(-9.55659545256799,-16.9788745404607,3.55));
#14334=CARTESIAN_POINT('',(-0.146555964034906,-17.1788745404607,3.55));
#14335=CARTESIAN_POINT('Origin',(-0.146555964034906,-16.9788745404607,3.55));
#14336=CARTESIAN_POINT('',(-9.55659545256799,-17.1788745404607,3.55));
#14337=CARTESIAN_POINT('Origin',(-0.146555964034906,-17.9288745404607,3.55));
#14338=CARTESIAN_POINT('Origin',(-0.146555964034906,-17.9288745404607,3.55));
#14339=CARTESIAN_POINT('Origin',(-0.146555964034906,-17.9288745404607,4.75));
#14340=CARTESIAN_POINT('',(-0.146555964034906,-17.1788745404607,1.25));
#14341=CARTESIAN_POINT('',(-0.146555964034906,-17.1788745404607,4.75));
#14342=CARTESIAN_POINT('Origin',(-0.146555964034906,-17.9288745404607,1.25));
#14343=CARTESIAN_POINT('Origin',(-11.3965559640349,-17.1788745404607,4.75));
#14344=CARTESIAN_POINT('',(-10.6465559640349,-17.1788745404607,1.25));
#14345=CARTESIAN_POINT('',(-10.6465559640349,-17.1788745404607,4.75));
#14346=CARTESIAN_POINT('',(-5.39655596403491,-17.1788745404607,1.25));
#14347=CARTESIAN_POINT('Origin',(-10.6465559640349,-17.9288745404607,4.75));
#14348=CARTESIAN_POINT('',(-11.3965559640349,-17.9288745404607,1.25));
#14349=CARTESIAN_POINT('',(-11.3965559640349,-17.9288745404607,4.75));
#14350=CARTESIAN_POINT('Origin',(-10.6465559640349,-17.9288745404607,1.25));
#14351=CARTESIAN_POINT('Origin',(-11.3965559640349,-29.1788745404607,4.75));
#14352=CARTESIAN_POINT('',(-11.3965559640349,-28.4288745404607,1.25));
#14353=CARTESIAN_POINT('',(-11.3965559640349,-28.4288745404607,4.75));
#14354=CARTESIAN_POINT('',(-11.3965559640349,-23.1788745404607,1.25));
#14355=CARTESIAN_POINT('Origin',(-10.6465559640349,-28.4288745404607,4.75));
#14356=CARTESIAN_POINT('',(-10.6465559640349,-29.1788745404607,1.25));
#14357=CARTESIAN_POINT('',(-10.6465559640349,-29.1788745404607,4.75));
#14358=CARTESIAN_POINT('Origin',(-10.6465559640349,-28.4288745404607,1.25));
#14359=CARTESIAN_POINT('Origin',(0.603444035965094,-29.1788745404607,4.75));
#14360=CARTESIAN_POINT('',(-0.146555964034906,-29.1788745404607,1.25));
#14361=CARTESIAN_POINT('',(-0.146555964034907,-29.1788745404607,4.75));
#14362=CARTESIAN_POINT('',(-5.39655596403491,-29.1788745404607,1.25));
#14363=CARTESIAN_POINT('Origin',(-0.146555964034906,-28.4288745404607,4.75));
#14364=CARTESIAN_POINT('Origin',(-0.146555964034906,-28.4288745404607,1.25));
#14365=CARTESIAN_POINT('Origin',(1.85,-27.7,4.75));
#14366=CARTESIAN_POINT('',(1.225,-27.7,1.25));
#14367=CARTESIAN_POINT('Origin',(-5.39655596403491,-23.1788745404607,1.25));
#14368=CARTESIAN_POINT('',(-0.361555964034906,-17.9288745404607,1.25));
#14369=CARTESIAN_POINT('Origin',(-0.146555964034906,-17.9288745404607,1.25));
#14370=CARTESIAN_POINT('',(-0.361555964034906,-28.4288745404607,1.25));
#14371=CARTESIAN_POINT('Origin',(-0.146555964034906,-28.4288745404607,1.25));
#14372=CARTESIAN_POINT('',(-10.8615559640349,-17.9288745404607,1.25));
#14373=CARTESIAN_POINT('Origin',(-10.6465559640349,-17.9288745404607,1.25));
#14374=CARTESIAN_POINT('',(-10.8615559640349,-28.4288745404607,1.25));
#14375=CARTESIAN_POINT('Origin',(-10.6465559640349,-28.4288745404607,1.25));
#14376=CARTESIAN_POINT('Origin',(7.81098492216407,-30.1371553450205,0.95));
#14377=CARTESIAN_POINT('',(7.81098492216407,-32.1371553450205,0.95));
#14378=CARTESIAN_POINT('Origin',(7.81098492216407,-31.9371553450205,0.95));
#14379=CARTESIAN_POINT('Origin',(9.61098492216406,-30.1371553450205,0.95));
#14380=CARTESIAN_POINT('Origin',(7.81098492216407,-30.1371553450205,0.95));
#14381=CARTESIAN_POINT('Origin',(9.61098492216407,-14.8871553450205,0.95));
#14382=CARTESIAN_POINT('Origin',(9.61098492216407,0.362844654979469,0.95));
#14383=CARTESIAN_POINT('Origin',(7.81098492216407,0.362844654979469,0.95));
#14384=CARTESIAN_POINT('Origin',(7.81098492216407,2.16284465497947,0.95));
#14385=CARTESIAN_POINT('Origin',(7.81098492216407,0.362844654979469,0.95));
#14386=CARTESIAN_POINT('Origin',(-2.68901507783593,2.16284465497947,0.95));
#14387=CARTESIAN_POINT('Origin',(-13.6890150778359,2.16284465497947,0.95));
#14388=CARTESIAN_POINT('Origin',(-13.6890150778359,0.362844654979469,0.95));
#14389=CARTESIAN_POINT('',(-15.6890150778359,0.362844654979469,0.95));
#14390=CARTESIAN_POINT('Origin',(-15.4890150778359,0.362844654979469,0.95));
#14391=CARTESIAN_POINT('Origin',(-13.6890150778359,0.362844654979469,0.95));
#14392=CARTESIAN_POINT('Origin',(-15.4890150778359,-14.8871553450205,0.95));
#14393=CARTESIAN_POINT('',(-15.6890150778359,-30.1371553450205,0.95));
#14394=CARTESIAN_POINT('Origin',(-15.4890150778359,-30.1371553450205,0.95));
#14395=CARTESIAN_POINT('',(-15.6890150778359,-14.8871553450205,0.95));
#14396=CARTESIAN_POINT('Origin',(-13.6890150778359,-30.1371553450205,0.95));
#14397=CARTESIAN_POINT('',(-13.6890150778359,-32.1371553450205,0.95));
#14398=CARTESIAN_POINT('Origin',(-13.6890150778359,-31.9371553450205,0.95));
#14399=CARTESIAN_POINT('Origin',(-13.6890150778359,-30.1371553450205,0.95));
#14400=CARTESIAN_POINT('Origin',(-2.68901507783593,-31.9371553450205,0.95));
#14401=CARTESIAN_POINT('',(-2.68901507783593,-32.1371553450205,0.95));
#14402=CARTESIAN_POINT('Origin',(-15.6890150778359,-14.8871553450205,3.5));
#14403=CARTESIAN_POINT('',(-15.6890150778359,-30.1371553450205,5.35));
#14404=CARTESIAN_POINT('',(-15.6890150778359,-30.1371553450205,3.5));
#14405=CARTESIAN_POINT('',(-15.6890150778359,-16.8766059575301,5.35));
#14406=CARTESIAN_POINT('',(-15.6890150778359,-14.8871553450205,5.35));
#14407=CARTESIAN_POINT('',(-15.6890150778359,-16.8766059575301,6.75));
#14408=CARTESIAN_POINT('',(-15.6890150778359,-16.8766059575301,5.));
#14409=CARTESIAN_POINT('',(-15.6890150778359,-16.5766059575301,7.05));
#14410=CARTESIAN_POINT('Origin',(-15.6890150778359,-16.5766059575301,6.75));
#14411=CARTESIAN_POINT('',(-15.6890150778359,-13.5766059575301,7.05));
#14412=CARTESIAN_POINT('',(-15.6890150778359,-14.9818806512753,7.05));
#14413=CARTESIAN_POINT('',(-15.6890150778359,-13.2766059575301,6.75));
#14414=CARTESIAN_POINT('Origin',(-15.6890150778359,-13.5766059575301,6.75));
#14415=CARTESIAN_POINT('',(-15.6890150778359,-13.2766059575301,5.35));
#14416=CARTESIAN_POINT('',(-15.6890150778359,-13.2766059575301,5.));
#14417=CARTESIAN_POINT('',(-15.6890150778359,0.362844654979469,5.35));
#14418=CARTESIAN_POINT('',(-15.6890150778359,-14.8871553450205,5.35));
#14419=CARTESIAN_POINT('',(-15.6890150778359,0.362844654979469,3.5));
#14420=CARTESIAN_POINT('Origin',(-13.6890150778359,-30.1371553450205,3.5));
#14421=CARTESIAN_POINT('',(-13.6890150778359,-32.1371553450205,5.35));
#14422=CARTESIAN_POINT('',(-13.6890150778359,-32.1371553450205,3.5));
#14423=CARTESIAN_POINT('Origin',(-13.6890150778359,-30.1371553450205,5.35));
#14424=CARTESIAN_POINT('Origin',(-2.68901507783593,-32.1371553450205,3.5));
#14425=CARTESIAN_POINT('',(7.81098492216407,-32.1371553450205,5.35));
#14426=CARTESIAN_POINT('',(7.81098492216407,-32.1371553450205,3.5));
#14427=CARTESIAN_POINT('',(5.61884354921496,-32.1371553450205,5.35));
#14428=CARTESIAN_POINT('',(-2.68901507783593,-32.1371553450205,5.35));
#14429=CARTESIAN_POINT('',(5.65261578319812,-32.1371553450205,5.2));
#14430=CARTESIAN_POINT('Origin',(5.30261578319812,-32.1371553450205,5.2));
#14431=CARTESIAN_POINT('',(5.65261578319812,-32.1371553450205,4.75));
#14432=CARTESIAN_POINT('',(5.65261578319812,-32.1371553450205,4.125));
#14433=CARTESIAN_POINT('',(5.30261578319812,-32.1371553450205,4.4));
#14434=CARTESIAN_POINT('Origin',(5.30261578319812,-32.1371553450205,4.75));
#14435=CARTESIAN_POINT('',(4.00261578319812,-32.1371553450205,4.4));
#14436=CARTESIAN_POINT('',(0.656800352681095,-32.1371553450205,4.4));
#14437=CARTESIAN_POINT('',(3.65261578319812,-32.1371553450205,4.75));
#14438=CARTESIAN_POINT('Origin',(4.00261578319812,-32.1371553450205,4.75));
#14439=CARTESIAN_POINT('',(3.65261578319812,-32.1371553450205,5.2));
#14440=CARTESIAN_POINT('',(3.65261578319812,-32.1371553450205,4.35));
#14441=CARTESIAN_POINT('',(3.68638801718129,-32.1371553450205,5.35));
#14442=CARTESIAN_POINT('Origin',(4.00261578319812,-32.1371553450205,5.2));
#14443=CARTESIAN_POINT('',(-0.309012009665561,-32.1371553450205,5.35));
#14444=CARTESIAN_POINT('',(-2.68901507783593,-32.1371553450205,5.35));
#14445=CARTESIAN_POINT('',(-0.309012009665561,-32.1371553450205,6.75));
#14446=CARTESIAN_POINT('',(-0.309012009665561,-32.1371553450205,5.));
#14447=CARTESIAN_POINT('',(-0.609012009665561,-32.1371553450205,7.05));
#14448=CARTESIAN_POINT('Origin',(-0.609012009665561,-32.1371553450205,6.75));
#14449=CARTESIAN_POINT('',(-3.60901200966556,-32.1371553450205,7.05));
#14450=CARTESIAN_POINT('',(-3.14901354375075,-32.1371553450205,7.05));
#14451=CARTESIAN_POINT('',(-3.90901200966556,-32.1371553450205,6.75));
#14452=CARTESIAN_POINT('Origin',(-3.60901200966556,-32.1371553450205,6.75));
#14453=CARTESIAN_POINT('',(-3.90901200966556,-32.1371553450205,5.35));
#14454=CARTESIAN_POINT('',(-3.90901200966556,-32.1371553450205,5.));
#14455=CARTESIAN_POINT('',(-2.68901507783593,-32.1371553450205,5.35));
#14456=CARTESIAN_POINT('Origin',(7.81098492216407,-30.1371553450205,3.5));
#14457=CARTESIAN_POINT('Origin',(7.81098492216407,-30.1371553450205,5.35));
#14458=CARTESIAN_POINT('Origin',(-2.68901507783593,-31.7371553450205,5.35));
#14459=CARTESIAN_POINT('',(-4.08221709042245,-31.7371553450205,5.75));
#14460=CARTESIAN_POINT('',(-4.10901200966556,-31.8371553450205,5.73729833462074));
#14461=CARTESIAN_POINT('Ctrl Pts',(-4.08221709042244,-31.7371553450205,
5.75));
#14462=CARTESIAN_POINT('Ctrl Pts',(-4.08676373094713,-31.745030357413,5.75));
#14463=CARTESIAN_POINT('Ctrl Pts',(-4.0907927015649,-31.7532576256507,5.74976519500411));
#14464=CARTESIAN_POINT('Ctrl Pts',(-4.1042442093593,-31.7862755674585,5.74773557216418));
#14465=CARTESIAN_POINT('Ctrl Pts',(-4.10901200966556,-31.8127840090185,
5.74359098651812));
#14466=CARTESIAN_POINT('Ctrl Pts',(-4.10901200966556,-31.8371553450205,
5.73729833462074));
#14467=CARTESIAN_POINT('',(-13.6890150778359,-31.7371553450205,5.75));
#14468=CARTESIAN_POINT('',(-2.68901507783593,-31.7371553450205,5.75));
#14469=CARTESIAN_POINT('Origin',(-13.6890150778359,-31.7371553450205,5.35));
#14470=CARTESIAN_POINT('',(-4.10901200966556,-31.9371553450205,5.69641016151377));
#14471=CARTESIAN_POINT('Ctrl Pts',(-4.10901200966556,-31.9371553450205,
5.69641016151378));
#14472=CARTESIAN_POINT('Ctrl Pts',(-4.10901200966556,-31.9633327948622,
5.681296603801));
#14473=CARTESIAN_POINT('Ctrl Pts',(-4.10364437083436,-31.9892533534473,
5.66211736922597));
#14474=CARTESIAN_POINT('Ctrl Pts',(-4.08539825187299,-32.0345404324567,
5.61931906527134));
#14475=CARTESIAN_POINT('Ctrl Pts',(-4.07260917016311,-32.0539550738209,
5.59571286324556));
#14476=CARTESIAN_POINT('Ctrl Pts',(-4.03980237527776,-32.0913255249864,
5.54013148982989));
#14477=CARTESIAN_POINT('Ctrl Pts',(-4.01514592952565,-32.1090819046119,
5.50258452161652));
#14478=CARTESIAN_POINT('Ctrl Pts',(-3.96253339475721,-32.1319850854444,
5.42563637222765));
#14479=CARTESIAN_POINT('Ctrl Pts',(-3.93461896242532,-32.1371553450205,
5.3862136998839));
#14480=CARTESIAN_POINT('Ctrl Pts',(-3.90901200966556,-32.1371553450205,
5.35));
#14481=CARTESIAN_POINT('Origin',(-4.10901200966556,-31.7371553450205,5.35));
#14482=CARTESIAN_POINT('Origin',(-13.6890150778359,-30.1371553450205,5.35));
#14483=CARTESIAN_POINT('',(-15.2890150778359,-30.1371553450205,5.75));
#14484=CARTESIAN_POINT('Origin',(-15.2890150778359,-30.1371553450205,5.35));
#14485=CARTESIAN_POINT('Origin',(-13.6890150778359,-30.1371553450205,5.75));
#14486=CARTESIAN_POINT('Origin',(-15.2890150778359,-14.8871553450205,5.35));
#14487=CARTESIAN_POINT('',(-15.2890150778359,-17.049811038287,5.75));
#14488=CARTESIAN_POINT('',(-15.3890150778359,-17.0766059575301,5.73729833462074));
#14489=CARTESIAN_POINT('Ctrl Pts',(-15.3890150778359,-17.0766059575301,
5.73729833462074));
#14490=CARTESIAN_POINT('Ctrl Pts',(-15.3646437418339,-17.0766059575301,
5.74359098651812));
#14491=CARTESIAN_POINT('Ctrl Pts',(-15.3381353002739,-17.0718381572239,
5.74773557216418));
#14492=CARTESIAN_POINT('Ctrl Pts',(-15.3051173584661,-17.0583866494295,
5.74976519500411));
#14493=CARTESIAN_POINT('Ctrl Pts',(-15.2968900902284,-17.0543576788117,
5.75));
#14494=CARTESIAN_POINT('Ctrl Pts',(-15.2890150778359,-17.049811038287,5.75));
#14495=CARTESIAN_POINT('',(-15.4890150778359,-17.0766059575301,5.69641016151377));
#14496=CARTESIAN_POINT('Origin',(-15.2890150778359,-17.0766059575301,5.35));
#14497=CARTESIAN_POINT('Ctrl Pts',(-15.6890150778359,-16.8766059575301,
5.35));
#14498=CARTESIAN_POINT('Ctrl Pts',(-15.6890150778359,-16.9022129102899,
5.3862136998839));
#14499=CARTESIAN_POINT('Ctrl Pts',(-15.6838448182598,-16.9301273426218,
5.42563637222766));
#14500=CARTESIAN_POINT('Ctrl Pts',(-15.6609416374273,-16.9827398773902,
5.50258452161653));
#14501=CARTESIAN_POINT('Ctrl Pts',(-15.6431852578018,-17.0073963231423,
5.54013148982989));
#14502=CARTESIAN_POINT('Ctrl Pts',(-15.6058148066363,-17.0402031180277,
5.59571286324557));
#14503=CARTESIAN_POINT('Ctrl Pts',(-15.5864001652721,-17.0529921997376,
5.61931906527135));
#14504=CARTESIAN_POINT('Ctrl Pts',(-15.5411130862627,-17.0712383186989,
5.66211736922597));
#14505=CARTESIAN_POINT('Ctrl Pts',(-15.5151925276776,-17.0766059575301,
5.681296603801));
#14506=CARTESIAN_POINT('Ctrl Pts',(-15.4890150778359,-17.0766059575301,
5.69641016151378));
#14507=CARTESIAN_POINT('',(-15.2890150778359,-14.8871553450205,5.75));
#14508=CARTESIAN_POINT('Origin',(-2.68901507783593,-14.8871553450205,5.75));
#14509=CARTESIAN_POINT('',(-3.90901200966556,-31.6371553450205,5.75));
#14510=CARTESIAN_POINT('Origin',(-3.90901200966556,-31.8371553450205,5.75));
#14511=CARTESIAN_POINT('',(-0.309012009665561,-31.6371553450205,5.75));
#14512=CARTESIAN_POINT('',(-3.14901354375075,-31.6371553450205,5.75));
#14513=CARTESIAN_POINT('',(-0.135806928908674,-31.7371553450205,5.75));
#14514=CARTESIAN_POINT('Origin',(-0.309012009665561,-31.8371553450205,5.75));
#14515=CARTESIAN_POINT('',(7.81098492216407,-31.7371553450205,5.75));
#14516=CARTESIAN_POINT('',(-2.68901507783593,-31.7371553450205,5.75));
#14517=CARTESIAN_POINT('',(9.41098492216407,-30.1371553450205,5.75));
#14518=CARTESIAN_POINT('Origin',(7.81098492216407,-30.1371553450205,5.75));
#14519=CARTESIAN_POINT('',(9.41098492216407,-17.049811038287,5.75));
#14520=CARTESIAN_POINT('',(9.41098492216407,-14.8871553450205,5.75));
#14521=CARTESIAN_POINT('',(9.31098492216407,-16.8766059575301,5.75));
#14522=CARTESIAN_POINT('Origin',(9.51098492216407,-16.8766059575301,5.75));
#14523=CARTESIAN_POINT('',(9.31098492216407,-13.2766059575301,5.75));
#14524=CARTESIAN_POINT('',(9.31098492216407,-14.9818806512753,5.75));
#14525=CARTESIAN_POINT('',(9.41098492216407,-13.1034008767733,5.75));
#14526=CARTESIAN_POINT('Origin',(9.51098492216407,-13.2766059575301,5.75));
#14527=CARTESIAN_POINT('',(9.41098492216407,0.362844654979469,5.75));
#14528=CARTESIAN_POINT('',(9.41098492216407,-14.8871553450205,5.75));
#14529=CARTESIAN_POINT('',(7.81098492216406,1.96284465497947,5.75));
#14530=CARTESIAN_POINT('Origin',(7.81098492216407,0.362844654979469,5.75));
#14531=CARTESIAN_POINT('',(-0.565162923171509,1.96284465497947,5.75));
#14532=CARTESIAN_POINT('',(-2.68901507783593,1.96284465497947,5.75));
#14533=CARTESIAN_POINT('',(-0.738368003928397,1.86284465497947,5.75));
#14534=CARTESIAN_POINT('Origin',(-0.738368003928397,2.06284465497947,5.75));
#14535=CARTESIAN_POINT('',(-4.3383680039284,1.86284465497947,5.75));
#14536=CARTESIAN_POINT('',(-2.61369154088217,1.86284465497947,5.75));
#14537=CARTESIAN_POINT('',(-4.51157308468528,1.96284465497947,5.75));
#14538=CARTESIAN_POINT('Origin',(-4.3383680039284,2.06284465497947,5.75));
#14539=CARTESIAN_POINT('',(-13.6890150778359,1.96284465497947,5.75));
#14540=CARTESIAN_POINT('',(-2.68901507783593,1.96284465497947,5.75));
#14541=CARTESIAN_POINT('',(-15.2890150778359,0.362844654979469,5.75));
#14542=CARTESIAN_POINT('Origin',(-13.6890150778359,0.362844654979469,5.75));
#14543=CARTESIAN_POINT('',(-15.2890150778359,-13.1034008767733,5.75));
#14544=CARTESIAN_POINT('',(-15.2890150778359,-14.8871553450205,5.75));
#14545=CARTESIAN_POINT('',(-15.1890150778359,-13.2766059575301,5.75));
#14546=CARTESIAN_POINT('Origin',(-15.3890150778359,-13.2766059575301,5.75));
#14547=CARTESIAN_POINT('',(-15.1890150778359,-16.8766059575301,5.75));
#14548=CARTESIAN_POINT('',(-15.1890150778359,-14.9818806512753,5.75));
#14549=CARTESIAN_POINT('Origin',(-15.3890150778359,-16.8766059575301,5.75));
#14550=CARTESIAN_POINT('',(-13.6,-1.55000000000001,5.75));
#14551=CARTESIAN_POINT('',(-13.6,-28.55,5.75));
#14552=CARTESIAN_POINT('',(-13.6,-22.7185776725103,5.75));
#14553=CARTESIAN_POINT('',(-11.2,0.849999999999991,5.75));
#14554=CARTESIAN_POINT('Origin',(-11.2,-1.55000000000001,5.75));
#14555=CARTESIAN_POINT('',(5.79999999999999,0.849999999999995,5.75));
#14556=CARTESIAN_POINT('',(-7.94450753891797,0.849999999999992,5.75));
#14557=CARTESIAN_POINT('',(8.19999999999999,-1.55000000000001,5.75));
#14558=CARTESIAN_POINT('Origin',(5.79999999999999,-1.55000000000001,5.75));
#14559=CARTESIAN_POINT('',(8.2,-28.55,5.75));
#14560=CARTESIAN_POINT('',(8.19999999999999,-7.21857767251027,5.75));
#14561=CARTESIAN_POINT('',(5.8,-30.95,5.75));
#14562=CARTESIAN_POINT('Origin',(5.79999999999999,-28.55,5.75));
#14563=CARTESIAN_POINT('',(-11.2,-30.95,5.75));
#14564=CARTESIAN_POINT('',(2.55549246108203,-30.95,5.75));
#14565=CARTESIAN_POINT('Origin',(-11.2,-28.55,5.75));
#14566=CARTESIAN_POINT('Origin',(-2.68901507783593,-31.7371553450205,5.35));
#14567=CARTESIAN_POINT('',(5.30261578319813,-32.1135261390996,5.48544380888144));
#14568=CARTESIAN_POINT('Ctrl Pts',(5.30261578319812,-32.1135261390996,5.48544380888144));
#14569=CARTESIAN_POINT('Ctrl Pts',(5.32079739956885,-32.1135261390996,5.48544380888144));
#14570=CARTESIAN_POINT('Ctrl Pts',(5.3388955135092,-32.1139703891412,5.48422719921666));
#14571=CARTESIAN_POINT('Ctrl Pts',(5.38410544858435,-32.1160837502475,5.47817239378112));
#14572=CARTESIAN_POINT('Ctrl Pts',(5.41074293791122,-32.1182556445397,5.4718439783164));
#14573=CARTESIAN_POINT('Ctrl Pts',(5.48998857237548,-32.1261581393358,5.44503177539584));
#14574=CARTESIAN_POINT('Ctrl Pts',(5.53975107354844,-32.1331463334467,5.41676214438702));
#14575=CARTESIAN_POINT('Ctrl Pts',(5.59549523260711,-32.1366848024371,5.37166570305508));
#14576=CARTESIAN_POINT('Ctrl Pts',(5.60697765293943,-32.1371321825755,5.36149394688423));
#14577=CARTESIAN_POINT('Ctrl Pts',(5.61826939261215,-32.1371550527577,5.3505580095403));
#14578=CARTESIAN_POINT('Ctrl Pts',(5.6185566330421,-32.1371553450205,5.35027917187808));
#14579=CARTESIAN_POINT('Ctrl Pts',(5.61884354921496,-32.1371553450205,5.35));
#14580=CARTESIAN_POINT('Origin',(7.81098492216407,-31.7371553450205,5.35));
#14581=CARTESIAN_POINT('',(-0.109012009665561,-31.8371553450205,5.73729833462074));
#14582=CARTESIAN_POINT('Ctrl Pts',(-0.10901200966556,-31.8371553450205,
5.73729833462074));
#14583=CARTESIAN_POINT('Ctrl Pts',(-0.10901200966556,-31.8125799581123,
5.74364367223556));
#14584=CARTESIAN_POINT('Ctrl Pts',(-0.113859920901091,-31.7858611489758,
5.74779640903797));
#14585=CARTESIAN_POINT('Ctrl Pts',(-0.127413951532687,-31.7528852537162,
5.74977575688059));
#14586=CARTESIAN_POINT('Ctrl Pts',(-0.131362488509469,-31.7448533416032,
5.75));
#14587=CARTESIAN_POINT('Ctrl Pts',(-0.135806928908676,-31.7371553450205,
5.75));
#14588=CARTESIAN_POINT('',(-0.109012009665561,-31.9371553450205,5.69641016151377));
#14589=CARTESIAN_POINT('Origin',(-0.109012009665561,-31.7371553450205,5.35));
#14590=CARTESIAN_POINT('Ctrl Pts',(-0.309012009665561,-32.1371553450205,
5.35));
#14591=CARTESIAN_POINT('Ctrl Pts',(-0.283405056905801,-32.1371553450205,
5.3862136998839));
#14592=CARTESIAN_POINT('Ctrl Pts',(-0.255490624573909,-32.1319850854444,
5.42563637222766));
#14593=CARTESIAN_POINT('Ctrl Pts',(-0.202878089805467,-32.1090819046119,
5.50258452161653));
#14594=CARTESIAN_POINT('Ctrl Pts',(-0.178221644053358,-32.0913255249864,
5.5401314898299));
#14595=CARTESIAN_POINT('Ctrl Pts',(-0.145414849168013,-32.0539550738209,
5.59571286324557));
#14596=CARTESIAN_POINT('Ctrl Pts',(-0.132625767458129,-32.0345404324567,
5.61931906527135));
#14597=CARTESIAN_POINT('Ctrl Pts',(-0.114379648496758,-31.9892533534473,
5.66211736922597));
#14598=CARTESIAN_POINT('Ctrl Pts',(-0.10901200966556,-31.9633327948622,
5.681296603801));
#14599=CARTESIAN_POINT('Ctrl Pts',(-0.109012009665561,-31.9371553450205,
5.69641016151378));
#14600=CARTESIAN_POINT('',(4.00261578319812,-32.1135261390996,5.48544380888144));
#14601=CARTESIAN_POINT('Ctrl Pts',(3.68638801718129,-32.1371553450205,5.35));
#14602=CARTESIAN_POINT('Ctrl Pts',(3.68667493335415,-32.1371553450205,5.35027917187808));
#14603=CARTESIAN_POINT('Ctrl Pts',(3.68696217378409,-32.1371550527577,5.3505580095403));
#14604=CARTESIAN_POINT('Ctrl Pts',(3.69825391345681,-32.1371321825755,5.36149394688422));
#14605=CARTESIAN_POINT('Ctrl Pts',(3.70973633378912,-32.1366848024371,5.37166570305506));
#14606=CARTESIAN_POINT('Ctrl Pts',(3.76548049284781,-32.1331463334467,5.41676214438702));
#14607=CARTESIAN_POINT('Ctrl Pts',(3.81524299402077,-32.1261581393358,5.44503177539584));
#14608=CARTESIAN_POINT('Ctrl Pts',(3.89448862848503,-32.1182556445397,5.4718439783164));
#14609=CARTESIAN_POINT('Ctrl Pts',(3.92112611781189,-32.1160837502475,5.47817239378112));
#14610=CARTESIAN_POINT('Ctrl Pts',(3.96633605288705,-32.1139703891412,5.48422719921666));
#14611=CARTESIAN_POINT('Ctrl Pts',(3.9844341668274,-32.1135261390996,5.48544380888144));
#14612=CARTESIAN_POINT('Ctrl Pts',(4.00261578319812,-32.1135261390996,5.48544380888144));
#14613=CARTESIAN_POINT('',(-2.68901507783593,-32.1135261390996,5.48544380888144));
#14614=CARTESIAN_POINT('Origin',(7.81098492216407,-30.1371553450205,5.35));
#14615=CARTESIAN_POINT('Origin',(9.41098492216407,-30.1371553450205,5.35));
#14616=CARTESIAN_POINT('Origin',(9.41098492216407,-14.8871553450205,5.35));
#14617=CARTESIAN_POINT('',(9.51098492216407,-17.0766059575301,5.73729833462074));
#14618=CARTESIAN_POINT('Ctrl Pts',(9.41098492216405,-17.049811038287,5.75));
#14619=CARTESIAN_POINT('Ctrl Pts',(9.41885993455656,-17.0543576788117,5.75));
#14620=CARTESIAN_POINT('Ctrl Pts',(9.42708720279424,-17.0583866494295,5.74976519500411));
#14621=CARTESIAN_POINT('Ctrl Pts',(9.46010514460202,-17.0718381572239,5.74773557216418));
#14622=CARTESIAN_POINT('Ctrl Pts',(9.48661358616206,-17.0766059575301,5.74359098651811));
#14623=CARTESIAN_POINT('Ctrl Pts',(9.51098492216407,-17.0766059575301,5.73729833462074));
#14624=CARTESIAN_POINT('',(9.61098492216407,-17.0766059575301,5.69641016151377));
#14625=CARTESIAN_POINT('Ctrl Pts',(9.61098492216407,-17.0766059575301,5.69641016151377));
#14626=CARTESIAN_POINT('Ctrl Pts',(9.63716237200572,-17.0766059575301,5.681296603801));
#14627=CARTESIAN_POINT('Ctrl Pts',(9.66308293059083,-17.0712383186989,5.66211736922597));
#14628=CARTESIAN_POINT('Ctrl Pts',(9.70837000960019,-17.0529921997376,5.61931906527134));
#14629=CARTESIAN_POINT('Ctrl Pts',(9.72778465096446,-17.0402031180277,5.59571286324557));
#14630=CARTESIAN_POINT('Ctrl Pts',(9.76515510212996,-17.0073963231423,5.54013148982989));
#14631=CARTESIAN_POINT('Ctrl Pts',(9.78291148175545,-16.9827398773902,5.50258452161653));
#14632=CARTESIAN_POINT('Ctrl Pts',(9.80581466258789,-16.9301273426218,5.42563637222766));
#14633=CARTESIAN_POINT('Ctrl Pts',(9.81098492216407,-16.9022129102899,5.3862136998839));
#14634=CARTESIAN_POINT('Ctrl Pts',(9.81098492216407,-16.8766059575301,5.35));
#14635=CARTESIAN_POINT('Origin',(9.41098492216407,-17.0766059575301,5.35));
#14636=CARTESIAN_POINT('Origin',(5.30261578319812,-32.0371553450205,5.2));
#14637=CARTESIAN_POINT('',(5.30261578319812,-32.0371553450205,5.45));
#14638=CARTESIAN_POINT('Origin',(5.30261578319812,-32.0371553450205,5.55));
#14639=CARTESIAN_POINT('',(5.55261578319812,-32.0371553450205,5.2));
#14640=CARTESIAN_POINT('Origin',(5.30261578319812,-32.0371553450205,5.2));
#14641=CARTESIAN_POINT('Origin',(5.65261578319812,-32.0371553450205,5.2));
#14642=CARTESIAN_POINT('Origin',(1.3068003526811,-32.0371553450205,5.55));
#14643=CARTESIAN_POINT('',(4.00261578319812,-32.0371553450205,5.45));
#14644=CARTESIAN_POINT('Origin',(4.00261578319812,-32.0371553450205,5.55));
#14645=CARTESIAN_POINT('',(1.3068003526811,-32.0371553450205,5.45));
#14646=CARTESIAN_POINT('Origin',(4.00261578319812,-32.0371553450205,5.2));
#14647=CARTESIAN_POINT('',(3.75261578319812,-32.0371553450205,5.2));
#14648=CARTESIAN_POINT('Origin',(3.65261578319812,-32.0371553450205,5.2));
#14649=CARTESIAN_POINT('Origin',(4.00261578319812,-32.0371553450205,5.2));
#14650=CARTESIAN_POINT('Origin',(9.41098492216407,-14.8871553450205,5.35));
#14651=CARTESIAN_POINT('',(9.51098492216407,-13.0766059575301,5.73729833462074));
#14652=CARTESIAN_POINT('Ctrl Pts',(9.51098492216407,-13.0766059575301,5.73729833462074));
#14653=CARTESIAN_POINT('Ctrl Pts',(9.48661358616206,-13.0766059575301,5.74359098651812));
#14654=CARTESIAN_POINT('Ctrl Pts',(9.46010514460201,-13.0813737578364,5.74773557216418));
#14655=CARTESIAN_POINT('Ctrl Pts',(9.42708720279424,-13.0948252656308,5.74976519500411));
#14656=CARTESIAN_POINT('Ctrl Pts',(9.41885993455656,-13.0988542362486,5.75));
#14657=CARTESIAN_POINT('Ctrl Pts',(9.41098492216406,-13.1034008767733,5.75));
#14658=CARTESIAN_POINT('',(9.61098492216407,-13.0766059575301,5.69641016151377));
#14659=CARTESIAN_POINT('Origin',(9.41098492216407,-13.0766059575301,5.35));
#14660=CARTESIAN_POINT('Ctrl Pts',(9.81098492216407,-13.2766059575301,5.35));
#14661=CARTESIAN_POINT('Ctrl Pts',(9.81098492216407,-13.2509990047704,5.3862136998839));
#14662=CARTESIAN_POINT('Ctrl Pts',(9.80581466258789,-13.2230845724385,5.42563637222765));
#14663=CARTESIAN_POINT('Ctrl Pts',(9.78291148175545,-13.1704720376701,5.50258452161653));
#14664=CARTESIAN_POINT('Ctrl Pts',(9.76515510212996,-13.1458155919179,5.54013148982989));
#14665=CARTESIAN_POINT('Ctrl Pts',(9.72778465096446,-13.1130087970326,5.59571286324557));
#14666=CARTESIAN_POINT('Ctrl Pts',(9.70837000960019,-13.1002197153227,5.61931906527134));
#14667=CARTESIAN_POINT('Ctrl Pts',(9.66308293059084,-13.0819735963613,5.66211736922597));
#14668=CARTESIAN_POINT('Ctrl Pts',(9.63716237200572,-13.0766059575301,5.681296603801));
#14669=CARTESIAN_POINT('Ctrl Pts',(9.61098492216407,-13.0766059575301,5.69641016151377));
#14670=CARTESIAN_POINT('Origin',(9.41098492216407,0.362844654979469,5.35));
#14671=CARTESIAN_POINT('Origin',(7.81098492216407,0.362844654979469,5.35));
#14672=CARTESIAN_POINT('Origin',(7.81098492216406,1.96284465497947,5.35));
#14673=CARTESIAN_POINT('Origin',(7.81098492216407,0.362844654979469,5.35));
#14674=CARTESIAN_POINT('Origin',(-2.68901507783593,1.96284465497947,5.35));
#14675=CARTESIAN_POINT('',(-0.538368003928397,2.06284465497947,5.73729833462074));
#14676=CARTESIAN_POINT('Ctrl Pts',(-0.565162923171514,1.96284465497946,
5.75));
#14677=CARTESIAN_POINT('Ctrl Pts',(-0.560616282646827,1.97071966737197,
5.75));
#14678=CARTESIAN_POINT('Ctrl Pts',(-0.556587312029053,1.97894693560964,
5.74976519500411));
#14679=CARTESIAN_POINT('Ctrl Pts',(-0.543135804234657,2.01196487741742,
5.74773557216418));
#14680=CARTESIAN_POINT('Ctrl Pts',(-0.538368003928397,2.03847331897746,
5.74359098651812));
#14681=CARTESIAN_POINT('Ctrl Pts',(-0.538368003928397,2.06284465497947,
5.73729833462074));
#14682=CARTESIAN_POINT('',(-0.538368003928397,2.16284465497947,5.69641016151377));
#14683=CARTESIAN_POINT('Ctrl Pts',(-0.538368003928396,2.16284465497947,
5.69641016151378));
#14684=CARTESIAN_POINT('Ctrl Pts',(-0.538368003928396,2.19180572093916,
5.67968948228593));
#14685=CARTESIAN_POINT('Ctrl Pts',(-0.544886745130666,2.2200219866687,5.65825835045587));
#14686=CARTESIAN_POINT('Ctrl Pts',(-0.566492798888411,2.26850053345331,
5.610264980233));
#14687=CARTESIAN_POINT('Ctrl Pts',(-0.581494919579097,2.28881428310479,
5.58371643094476));
#14688=CARTESIAN_POINT('Ctrl Pts',(-0.615966624561657,2.32328598808735,
5.52724208036865));
#14689=CARTESIAN_POINT('Ctrl Pts',(-0.63932443301653,2.33861893340594,5.49205765217218));
#14690=CARTESIAN_POINT('Ctrl Pts',(-0.688662715934473,2.35838395962566,
5.42025192502027));
#14691=CARTESIAN_POINT('Ctrl Pts',(-0.714601997489587,2.36284465497947,
5.38361020862921));
#14692=CARTESIAN_POINT('Ctrl Pts',(-0.738368003928397,2.36284465497947,
5.35));
#14693=CARTESIAN_POINT('Origin',(-0.538368003928397,1.96284465497947,5.35));
#14694=CARTESIAN_POINT('Origin',(7.81098492216407,0.362844654979469,3.5));
#14695=CARTESIAN_POINT('Origin',(-2.68901507783593,1.96284465497947,5.35));
#14696=CARTESIAN_POINT('',(-4.5383680039284,2.06284465497947,5.73729833462074));
#14697=CARTESIAN_POINT('Ctrl Pts',(-4.5383680039284,2.06284465497947,5.73729833462074));
#14698=CARTESIAN_POINT('Ctrl Pts',(-4.5383680039284,2.03847331897746,5.74359098651812));
#14699=CARTESIAN_POINT('Ctrl Pts',(-4.53360020362214,2.01196487741741,5.74773557216418));
#14700=CARTESIAN_POINT('Ctrl Pts',(-4.52014869582774,1.97894693560964,5.74976519500411));
#14701=CARTESIAN_POINT('Ctrl Pts',(-4.51611972520997,1.97071966737197,5.75));
#14702=CARTESIAN_POINT('Ctrl Pts',(-4.51157308468528,1.96284465497946,5.75));
#14703=CARTESIAN_POINT('',(-4.5383680039284,2.16284465497947,5.69641016151377));
#14704=CARTESIAN_POINT('Origin',(-4.5383680039284,1.96284465497947,5.35));
#14705=CARTESIAN_POINT('Ctrl Pts',(-4.3383680039284,2.36284465497947,5.35));
#14706=CARTESIAN_POINT('Ctrl Pts',(-4.36397495668816,2.36284465497947,5.3862136998839));
#14707=CARTESIAN_POINT('Ctrl Pts',(-4.39188938902004,2.35767439540329,5.42563637222766));
#14708=CARTESIAN_POINT('Ctrl Pts',(-4.44450192378848,2.33477121457085,5.50258452161653));
#14709=CARTESIAN_POINT('Ctrl Pts',(-4.4691583695406,2.31701483494537,5.54013148982989));
#14710=CARTESIAN_POINT('Ctrl Pts',(-4.50196516442595,2.27964438377986,5.59571286324557));
#14711=CARTESIAN_POINT('Ctrl Pts',(-4.51475424613583,2.26022974241559,5.61931906527135));
#14712=CARTESIAN_POINT('Ctrl Pts',(-4.5330003650972,2.21494266340624,5.66211736922597));
#14713=CARTESIAN_POINT('Ctrl Pts',(-4.5383680039284,2.18902210482112,5.681296603801));
#14714=CARTESIAN_POINT('Ctrl Pts',(-4.5383680039284,2.16284465497947,5.69641016151377));
#14715=CARTESIAN_POINT('Origin',(-13.6890150778359,1.96284465497947,5.35));
#14716=CARTESIAN_POINT('Origin',(-13.6890150778359,0.362844654979469,5.35));
#14717=CARTESIAN_POINT('Origin',(-15.2890150778359,0.362844654979469,5.35));
#14718=CARTESIAN_POINT('Origin',(-13.6890150778359,0.362844654979469,5.35));
#14719=CARTESIAN_POINT('Origin',(-15.2890150778359,-14.8871553450205,5.35));
#14720=CARTESIAN_POINT('',(-15.3890150778359,-13.0766059575301,5.73729833462074));
#14721=CARTESIAN_POINT('Ctrl Pts',(-15.2890150778359,-13.1034008767733,
5.75));
#14722=CARTESIAN_POINT('Ctrl Pts',(-15.2968900902284,-13.0988542362486,
5.75));
#14723=CARTESIAN_POINT('Ctrl Pts',(-15.3051173584661,-13.0948252656308,
5.74976519500411));
#14724=CARTESIAN_POINT('Ctrl Pts',(-15.3381353002739,-13.0813737578364,
5.74773557216418));
#14725=CARTESIAN_POINT('Ctrl Pts',(-15.3646437418339,-13.0766059575301,
5.74359098651812));
#14726=CARTESIAN_POINT('Ctrl Pts',(-15.3890150778359,-13.0766059575301,
5.73729833462074));
#14727=CARTESIAN_POINT('',(-15.489015077836,-13.0766059575301,5.69641016151375));
#14728=CARTESIAN_POINT('Ctrl Pts',(-15.4890150778359,-13.0766059575301,
5.69641016151378));
#14729=CARTESIAN_POINT('Ctrl Pts',(-15.5151925276776,-13.0766059575301,
5.681296603801));
#14730=CARTESIAN_POINT('Ctrl Pts',(-15.5411130862627,-13.0819735963613,
5.66211736922597));
#14731=CARTESIAN_POINT('Ctrl Pts',(-15.5864001652721,-13.1002197153227,
5.61931906527135));
#14732=CARTESIAN_POINT('Ctrl Pts',(-15.6058148066363,-13.1130087970326,
5.59571286324557));
#14733=CARTESIAN_POINT('Ctrl Pts',(-15.6431852578018,-13.1458155919179,
5.54013148982989));
#14734=CARTESIAN_POINT('Ctrl Pts',(-15.6609416374273,-13.1704720376701,
5.50258452161653));
#14735=CARTESIAN_POINT('Ctrl Pts',(-15.6838448182598,-13.2230845724385,
5.42563637222766));
#14736=CARTESIAN_POINT('Ctrl Pts',(-15.6890150778359,-13.2509990047704,
5.3862136998839));
#14737=CARTESIAN_POINT('Ctrl Pts',(-15.6890150778359,-13.2766059575301,
5.35));
#14738=CARTESIAN_POINT('Origin',(-15.2890150778359,-13.0766059575301,5.35));
#14739=CARTESIAN_POINT('Origin',(-13.6890150778359,0.362844654979469,3.5));
#14740=CARTESIAN_POINT('Origin',(-13.6,-22.7185776725103,5.35));
#14741=CARTESIAN_POINT('Origin',(-13.6,-1.55000000000001,5.35));
#14742=CARTESIAN_POINT('Origin',(-13.6,-28.55,5.35));
#14743=CARTESIAN_POINT('Origin',(-11.2,-28.55,5.35));
#14744=CARTESIAN_POINT('Origin',(-11.2,-30.95,5.35));
#14745=CARTESIAN_POINT('Origin',(2.55549246108203,-30.95,5.35));
#14746=CARTESIAN_POINT('',(4.00261578319812,-30.573629205921,5.48544380888143));
#14747=CARTESIAN_POINT('Ctrl Pts',(4.00261578319812,-30.573629205921,5.48544380888143));
#14748=CARTESIAN_POINT('Ctrl Pts',(3.98443416682729,-30.573629205921,5.48544380888143));
#14749=CARTESIAN_POINT('Ctrl Pts',(3.96633605288683,-30.5731849558794,5.48422719921663));
#14750=CARTESIAN_POINT('Ctrl Pts',(3.9211261178119,-30.571071594773,5.47817239378112));
#14751=CARTESIAN_POINT('Ctrl Pts',(3.89448862848505,-30.5688997004809,5.4718439783164));
#14752=CARTESIAN_POINT('Ctrl Pts',(3.81524299402083,-30.5609972056847,5.44503177539586));
#14753=CARTESIAN_POINT('Ctrl Pts',(3.76548049284779,-30.5540090115739,5.41676214438697));
#14754=CARTESIAN_POINT('Ctrl Pts',(3.70973633102406,-30.5504705424079,5.37166570081812));
#14755=CARTESIAN_POINT('Ctrl Pts',(3.6982539108522,-30.5500231624397,5.36149394438325));
#14756=CARTESIAN_POINT('Ctrl Pts',(3.68696217407322,-30.5500002922634,5.35055800981788));
#14757=CARTESIAN_POINT('Ctrl Pts',(3.68667493306321,-30.55,5.350279171595));
#14758=CARTESIAN_POINT('Ctrl Pts',(3.68638801718129,-30.55,5.35));
#14759=CARTESIAN_POINT('Origin',(5.8,-30.95,5.35));
#14760=CARTESIAN_POINT('',(5.30261578319812,-30.573629205921,5.48544380888143));
#14761=CARTESIAN_POINT('Ctrl Pts',(5.61884354921496,-30.55,5.35));
#14762=CARTESIAN_POINT('Ctrl Pts',(5.61855663333306,-30.55,5.35027917159497));
#14763=CARTESIAN_POINT('Ctrl Pts',(5.61826939232301,-30.5500002922634,5.35055800981791));
#14764=CARTESIAN_POINT('Ctrl Pts',(5.60697765554385,-30.5500231624397,5.36149394438345));
#14765=CARTESIAN_POINT('Ctrl Pts',(5.59549523537205,-30.5504705424079,5.37166570081825));
#14766=CARTESIAN_POINT('Ctrl Pts',(5.5397510735484,-30.5540090115739,5.41676214438701));
#14767=CARTESIAN_POINT('Ctrl Pts',(5.4899885723754,-30.5609972056847,5.44503177539587));
#14768=CARTESIAN_POINT('Ctrl Pts',(5.41074293791116,-30.5688997004809,5.47184397831642));
#14769=CARTESIAN_POINT('Ctrl Pts',(5.38410544858433,-30.571071594773,5.47817239378112));
#14770=CARTESIAN_POINT('Ctrl Pts',(5.33889551350924,-30.5731849558794,5.48422719921665));
#14771=CARTESIAN_POINT('Ctrl Pts',(5.32079739956886,-30.573629205921,5.48544380888143));
#14772=CARTESIAN_POINT('Ctrl Pts',(5.30261578319812,-30.573629205921,5.48544380888143));
#14773=CARTESIAN_POINT('',(2.55549246108203,-30.573629205921,5.48544380888144));
#14774=CARTESIAN_POINT('Origin',(5.79999999999999,-28.55,5.35));
#14775=CARTESIAN_POINT('Origin',(8.2,-28.55,5.35));
#14776=CARTESIAN_POINT('Origin',(8.19999999999999,-7.21857767251027,5.35));
#14777=CARTESIAN_POINT('Origin',(8.19999999999999,-1.55000000000001,5.35));
#14778=CARTESIAN_POINT('Origin',(5.79999999999999,-1.55000000000001,5.35));
#14779=CARTESIAN_POINT('Origin',(5.79999999999999,0.849999999999995,5.35));
#14780=CARTESIAN_POINT('Origin',(-7.94450753891797,0.849999999999992,5.35));
#14781=CARTESIAN_POINT('Origin',(-11.2,0.849999999999991,5.35));
#14782=CARTESIAN_POINT('Origin',(-11.2,-1.55000000000001,5.35));
#14783=CARTESIAN_POINT('Origin',(4.00261578319812,-30.65,5.2));
#14784=CARTESIAN_POINT('',(4.00261578319812,-30.65,5.45));
#14785=CARTESIAN_POINT('Origin',(4.00261578319812,-30.65,5.55));
#14786=CARTESIAN_POINT('',(3.75261578319812,-30.65,5.2));
#14787=CARTESIAN_POINT('Origin',(4.00261578319812,-30.65,5.2));
#14788=CARTESIAN_POINT('Origin',(3.65261578319812,-30.65,5.2));
#14789=CARTESIAN_POINT('Origin',(6.55130789159906,-30.65,5.55));
#14790=CARTESIAN_POINT('',(5.30261578319812,-30.65,5.45));
#14791=CARTESIAN_POINT('Origin',(5.30261578319812,-30.65,5.55));
#14792=CARTESIAN_POINT('',(6.55130789159906,-30.65,5.45));
#14793=CARTESIAN_POINT('Origin',(5.30261578319812,-30.65,5.2));
#14794=CARTESIAN_POINT('',(5.55261578319812,-30.65,5.2));
#14795=CARTESIAN_POINT('Origin',(5.65261578319812,-30.65,5.2));
#14796=CARTESIAN_POINT('Origin',(5.30261578319812,-30.65,5.2));
#14797=CARTESIAN_POINT('Origin',(5.65261578319812,-30.65,5.375));
#14798=CARTESIAN_POINT('',(5.55261578319812,-30.65,4.75));
#14799=CARTESIAN_POINT('Origin',(5.65261578319812,-30.65,4.75));
#14800=CARTESIAN_POINT('',(5.55261578319812,-30.65,5.375));
#14801=CARTESIAN_POINT('Origin',(5.30261578319812,-30.65,4.75));
#14802=CARTESIAN_POINT('',(5.30261578319812,-30.65,4.5));
#14803=CARTESIAN_POINT('Origin',(5.30261578319812,-30.65,4.4));
#14804=CARTESIAN_POINT('Origin',(5.30261578319812,-30.65,4.75));
#14805=CARTESIAN_POINT('Origin',(5.90130789159906,-30.65,4.4));
#14806=CARTESIAN_POINT('',(4.00261578319812,-30.65,4.5));
#14807=CARTESIAN_POINT('Origin',(4.00261578319812,-30.65,4.4));
#14808=CARTESIAN_POINT('',(5.90130789159906,-30.65,4.5));
#14809=CARTESIAN_POINT('Origin',(4.00261578319812,-30.65,4.75));
#14810=CARTESIAN_POINT('',(3.75261578319812,-30.65,4.75));
#14811=CARTESIAN_POINT('Origin',(3.65261578319812,-30.65,4.75));
#14812=CARTESIAN_POINT('Origin',(4.00261578319812,-30.65,4.75));
#14813=CARTESIAN_POINT('Origin',(3.65261578319812,-30.65,5.6));
#14814=CARTESIAN_POINT('',(3.75261578319812,-30.65,5.6));
#14815=CARTESIAN_POINT('Origin',(4.00261578319812,-29.55,4.5));
#14816=CARTESIAN_POINT('',(4.00261578319812,-32.0371553450205,4.5));
#14817=CARTESIAN_POINT('',(4.00261578319812,-29.55,4.5));
#14818=CARTESIAN_POINT('',(5.30261578319812,-32.0371553450205,4.5));
#14819=CARTESIAN_POINT('',(0.656800352681095,-32.0371553450205,4.5));
#14820=CARTESIAN_POINT('',(5.30261578319812,-29.55,4.5));
#14821=CARTESIAN_POINT('Origin',(4.00261578319812,-29.55,4.75));
#14822=CARTESIAN_POINT('',(3.75261578319812,-32.0371553450205,4.75));
#14823=CARTESIAN_POINT('',(3.75261578319812,-29.55,4.75));
#14824=CARTESIAN_POINT('Origin',(4.00261578319812,-32.0371553450205,4.75));
#14825=CARTESIAN_POINT('Origin',(3.75261578319812,-29.55,5.2));
#14826=CARTESIAN_POINT('',(3.75261578319812,-29.55,5.2));
#14827=CARTESIAN_POINT('',(3.75261578319812,-32.0371553450205,4.35));
#14828=CARTESIAN_POINT('Origin',(4.00261578319812,-29.55,5.2));
#14829=CARTESIAN_POINT('',(4.00261578319812,-29.55,5.45));
#14830=CARTESIAN_POINT('Origin',(3.65261578319812,-32.0371553450205,4.35));
#14831=CARTESIAN_POINT('Origin',(3.65261578319812,-32.0371553450205,4.75));
#14832=CARTESIAN_POINT('Origin',(5.65261578319812,-32.0371553450205,4.125));
#14833=CARTESIAN_POINT('',(5.55261578319812,-32.0371553450205,4.75));
#14834=CARTESIAN_POINT('Origin',(5.65261578319812,-32.0371553450205,4.75));
#14835=CARTESIAN_POINT('',(5.55261578319812,-32.0371553450205,4.125));
#14836=CARTESIAN_POINT('Origin',(5.30261578319812,-32.0371553450205,4.75));
#14837=CARTESIAN_POINT('Origin',(5.30261578319812,-32.0371553450205,4.4));
#14838=CARTESIAN_POINT('Origin',(5.30261578319812,-32.0371553450205,4.75));
#14839=CARTESIAN_POINT('Origin',(0.656800352681095,-32.0371553450205,4.4));
#14840=CARTESIAN_POINT('Origin',(4.00261578319812,-32.0371553450205,4.4));
#14841=CARTESIAN_POINT('Origin',(4.00261578319812,-32.0371553450205,4.75));
#14842=CARTESIAN_POINT('Origin',(5.30261578319812,-29.55,5.2));
#14843=CARTESIAN_POINT('',(5.55261578319812,-29.55,5.2));
#14844=CARTESIAN_POINT('',(5.30261578319812,-29.55,5.45));
#14845=CARTESIAN_POINT('Origin',(5.30261578319812,-29.55,5.45));
#14846=CARTESIAN_POINT('Origin',(-3.90901200966556,-31.8371553450205,6.5));
#14847=CARTESIAN_POINT('',(-4.10901200966556,-31.8371553450205,6.75));
#14848=CARTESIAN_POINT('',(-3.90901200966556,-31.6371553450205,6.75));
#14849=CARTESIAN_POINT('Origin',(-3.90901200966556,-31.8371553450205,6.75));
#14850=CARTESIAN_POINT('',(-3.90901200966556,-31.6371553450205,6.5));
#14851=CARTESIAN_POINT('',(-4.10901200966556,-31.8371553450205,6.5));
#14852=CARTESIAN_POINT('Origin',(-3.60901200966556,-31.8371553450205,6.75));
#14853=CARTESIAN_POINT('',(-3.60901200966556,-31.8371553450205,7.25));
#14854=CARTESIAN_POINT('',(-3.60901200966556,-31.6371553450205,7.05));
#14855=CARTESIAN_POINT('Origin',(-3.60901200966556,-31.8371553450205,7.05));
#14856=CARTESIAN_POINT('Origin',(-3.60901200966556,-31.6371553450205,6.75));
#14857=CARTESIAN_POINT('Origin',(-3.60901200966556,-31.8371553450205,6.75));
#14858=CARTESIAN_POINT('Origin',(-3.60901200966556,-31.8371553450205,7.05));
#14859=CARTESIAN_POINT('',(-0.609012009665561,-31.8371553450205,7.25));
#14860=CARTESIAN_POINT('',(-0.609012009665561,-31.6371553450205,7.05));
#14861=CARTESIAN_POINT('Origin',(-0.609012009665561,-31.8371553450205,7.05));
#14862=CARTESIAN_POINT('',(-3.60901200966556,-31.6371553450205,7.05));
#14863=CARTESIAN_POINT('',(-3.60901200966556,-31.8371553450205,7.25));
#14864=CARTESIAN_POINT('Origin',(-0.609012009665561,-31.8371553450205,6.75));
#14865=CARTESIAN_POINT('',(-0.109012009665561,-31.8371553450205,6.75));
#14866=CARTESIAN_POINT('',(-0.309012009665561,-31.6371553450205,6.75));
#14867=CARTESIAN_POINT('Origin',(-0.309012009665561,-31.8371553450205,6.75));
#14868=CARTESIAN_POINT('Origin',(-0.609012009665561,-31.6371553450205,6.75));
#14869=CARTESIAN_POINT('Origin',(-0.609012009665561,-31.8371553450205,6.75));
#14870=CARTESIAN_POINT('Origin',(-0.309012009665561,-31.8371553450205,6.5));
#14871=CARTESIAN_POINT('',(-0.309012009665561,-31.6371553450205,6.5));
#14872=CARTESIAN_POINT('',(-0.109012009665561,-31.8371553450205,6.5));
#14873=CARTESIAN_POINT('Origin',(-0.109012009665561,-32.1371553450205,6.5));
#14874=CARTESIAN_POINT('',(-0.109012009665561,-31.9371553450205,6.75));
#14875=CARTESIAN_POINT('',(-0.109012009665561,-32.1371553450205,6.75));
#14876=CARTESIAN_POINT('',(-0.109012009665561,-31.9371553450205,5.));
#14877=CARTESIAN_POINT('Origin',(-0.609012009665561,-32.1371553450205,6.75));
#14878=CARTESIAN_POINT('',(-0.609012009665561,-31.9371553450205,7.25));
#14879=CARTESIAN_POINT('',(-0.609012009665561,-32.1371553450205,7.25));
#14880=CARTESIAN_POINT('Origin',(-0.609012009665561,-31.9371553450205,6.75));
#14881=CARTESIAN_POINT('Origin',(-3.60901200966556,-32.1371553450205,7.25));
#14882=CARTESIAN_POINT('',(-3.60901200966556,-31.9371553450205,7.25));
#14883=CARTESIAN_POINT('',(-3.60901200966556,-32.1371553450205,7.25));
#14884=CARTESIAN_POINT('',(-3.14901354375075,-31.9371553450205,7.25));
#14885=CARTESIAN_POINT('Origin',(-3.60901200966556,-32.1371553450205,6.75));
#14886=CARTESIAN_POINT('',(-4.10901200966556,-31.9371553450205,6.75));
#14887=CARTESIAN_POINT('',(-4.10901200966556,-32.1371553450205,6.75));
#14888=CARTESIAN_POINT('Origin',(-3.60901200966556,-31.9371553450205,6.75));
#14889=CARTESIAN_POINT('Origin',(-4.10901200966556,-32.1371553450205,6.5));
#14890=CARTESIAN_POINT('',(-4.10901200966556,-31.9371553450205,5.));
#14891=CARTESIAN_POINT('Origin',(-3.90901200966556,-31.9371553450205,5.));
#14892=CARTESIAN_POINT('Origin',(-3.90901200966556,-31.9371553450205,6.75));
#14893=CARTESIAN_POINT('Origin',(-3.60901200966556,-31.9371553450205,6.75));
#14894=CARTESIAN_POINT('Origin',(-3.60901200966556,-31.9371553450205,7.05));
#14895=CARTESIAN_POINT('Origin',(-3.14901354375075,-31.9371553450205,7.05));
#14896=CARTESIAN_POINT('Origin',(-0.609012009665561,-31.9371553450205,7.05));
#14897=CARTESIAN_POINT('Origin',(-0.609012009665561,-31.9371553450205,6.75));
#14898=CARTESIAN_POINT('Origin',(-0.309012009665561,-31.9371553450205,6.75));
#14899=CARTESIAN_POINT('Origin',(-0.309012009665561,-31.9371553450205,5.));
#14900=CARTESIAN_POINT('Origin',(10.8109849221641,-16.7,5.));
#14901=CARTESIAN_POINT('Origin',(9.61098492216407,-16.8766059575301,5.));
#14902=CARTESIAN_POINT('',(9.61098492216407,-17.0766059575301,6.75));
#14903=CARTESIAN_POINT('Origin',(9.61098492216407,-16.8766059575301,6.75));
#14904=CARTESIAN_POINT('',(9.61098492216407,-17.0766059575301,5.));
#14905=CARTESIAN_POINT('Origin',(9.61098492216407,-16.5766059575301,6.75));
#14906=CARTESIAN_POINT('',(9.61098492216407,-16.5766059575301,7.25));
#14907=CARTESIAN_POINT('Origin',(9.61098492216407,-16.5766059575301,7.05));
#14908=CARTESIAN_POINT('Origin',(9.61098492216407,-16.5766059575301,6.75));
#14909=CARTESIAN_POINT('Origin',(9.61098492216407,-14.9818806512753,7.05));
#14910=CARTESIAN_POINT('',(9.61098492216407,-13.5766059575301,7.25));
#14911=CARTESIAN_POINT('Origin',(9.61098492216407,-13.5766059575301,7.05));
#14912=CARTESIAN_POINT('',(9.61098492216407,-14.9818806512753,7.25));
#14913=CARTESIAN_POINT('Origin',(9.61098492216407,-13.5766059575301,6.75));
#14914=CARTESIAN_POINT('',(9.61098492216407,-13.0766059575301,6.75));
#14915=CARTESIAN_POINT('Origin',(9.61098492216407,-13.2766059575301,6.75));
#14916=CARTESIAN_POINT('Origin',(9.61098492216407,-13.5766059575301,6.75));
#14917=CARTESIAN_POINT('Origin',(9.61098492216407,-13.2766059575301,5.));
#14918=CARTESIAN_POINT('',(9.61098492216407,-13.0766059575301,5.));
#14919=CARTESIAN_POINT('Origin',(9.51098492216407,-16.8766059575301,6.5));
#14920=CARTESIAN_POINT('',(9.51098492216407,-17.0766059575301,6.75));
#14921=CARTESIAN_POINT('',(9.31098492216407,-16.8766059575301,6.75));
#14922=CARTESIAN_POINT('Origin',(9.51098492216407,-16.8766059575301,6.75));
#14923=CARTESIAN_POINT('',(9.31098492216407,-16.8766059575301,6.5));
#14924=CARTESIAN_POINT('',(9.51098492216407,-17.0766059575301,6.5));
#14925=CARTESIAN_POINT('Origin',(9.51098492216407,-16.5766059575301,6.75));
#14926=CARTESIAN_POINT('',(9.51098492216407,-16.5766059575301,7.25));
#14927=CARTESIAN_POINT('',(9.31098492216407,-16.5766059575301,7.05));
#14928=CARTESIAN_POINT('Origin',(9.51098492216407,-16.5766059575301,7.05));
#14929=CARTESIAN_POINT('Origin',(9.31098492216407,-16.5766059575301,6.75));
#14930=CARTESIAN_POINT('Origin',(9.51098492216407,-16.5766059575301,6.75));
#14931=CARTESIAN_POINT('Origin',(9.51098492216407,-15.0766059575301,7.05));
#14932=CARTESIAN_POINT('',(9.51098492216407,-13.5766059575301,7.25));
#14933=CARTESIAN_POINT('',(9.31098492216407,-13.5766059575301,7.05));
#14934=CARTESIAN_POINT('Origin',(9.51098492216407,-13.5766059575301,7.05));
#14935=CARTESIAN_POINT('',(9.31098492216407,-15.0766059575301,7.05));
#14936=CARTESIAN_POINT('',(9.51098492216407,-15.0766059575301,7.25));
#14937=CARTESIAN_POINT('Origin',(9.51098492216407,-13.5766059575301,6.75));
#14938=CARTESIAN_POINT('',(9.51098492216407,-13.0766059575301,6.75));
#14939=CARTESIAN_POINT('',(9.31098492216407,-13.2766059575301,6.75));
#14940=CARTESIAN_POINT('Origin',(9.51098492216407,-13.2766059575301,6.75));
#14941=CARTESIAN_POINT('Origin',(9.31098492216407,-13.5766059575301,6.75));
#14942=CARTESIAN_POINT('Origin',(9.51098492216407,-13.5766059575301,6.75));
#14943=CARTESIAN_POINT('Origin',(9.51098492216407,-13.2766059575301,6.5));
#14944=CARTESIAN_POINT('',(9.31098492216407,-13.2766059575301,6.5));
#14945=CARTESIAN_POINT('',(9.51098492216407,-13.0766059575301,6.5));
#14946=CARTESIAN_POINT('Origin',(10.0609849221641,-13.0766059575301,6.5));
#14947=CARTESIAN_POINT('',(10.0609849221641,-13.0766059575301,6.75));
#14948=CARTESIAN_POINT('Origin',(10.0609849221641,-13.5766059575301,6.75));
#14949=CARTESIAN_POINT('',(10.0609849221641,-13.5766059575301,7.25));
#14950=CARTESIAN_POINT('Origin',(10.0609849221641,-15.0766059575301,7.25));
#14951=CARTESIAN_POINT('',(10.0609849221641,-16.5766059575301,7.25));
#14952=CARTESIAN_POINT('Origin',(10.0609849221641,-16.5766059575301,6.75));
#14953=CARTESIAN_POINT('',(10.0609849221641,-17.0766059575301,6.75));
#14954=CARTESIAN_POINT('Origin',(10.0609849221641,-17.0766059575301,6.5));
#14955=CARTESIAN_POINT('Origin',(-0.738368003928397,2.16284465497947,5.25));
#14956=CARTESIAN_POINT('',(-0.538368003928397,2.16284465497947,6.75));
#14957=CARTESIAN_POINT('Origin',(-0.738368003928397,2.16284465497947,6.75));
#14958=CARTESIAN_POINT('',(-0.538368003928397,2.16284465497947,5.25));
#14959=CARTESIAN_POINT('Origin',(-1.0383680039284,2.16284465497947,6.75));
#14960=CARTESIAN_POINT('',(-1.0383680039284,2.16284465497947,7.25));
#14961=CARTESIAN_POINT('Origin',(-1.0383680039284,2.16284465497947,7.05));
#14962=CARTESIAN_POINT('Origin',(-1.0383680039284,2.16284465497947,6.75));
#14963=CARTESIAN_POINT('Origin',(-2.61369154088217,2.16284465497947,7.05));
#14964=CARTESIAN_POINT('',(-4.0383680039284,2.16284465497947,7.25));
#14965=CARTESIAN_POINT('Origin',(-4.0383680039284,2.16284465497947,7.05));
#14966=CARTESIAN_POINT('',(-2.61369154088217,2.16284465497947,7.25));
#14967=CARTESIAN_POINT('Origin',(-4.0383680039284,2.16284465497947,6.75));
#14968=CARTESIAN_POINT('',(-4.5383680039284,2.16284465497947,6.75));
#14969=CARTESIAN_POINT('Origin',(-4.3383680039284,2.16284465497947,6.75));
#14970=CARTESIAN_POINT('Origin',(-4.0383680039284,2.16284465497947,6.75));
#14971=CARTESIAN_POINT('Origin',(-4.3383680039284,2.16284465497947,5.25));
#14972=CARTESIAN_POINT('',(-4.5383680039284,2.16284465497947,5.25));
#14973=CARTESIAN_POINT('Origin',(-0.738368003928397,2.06284465497947,7.));
#14974=CARTESIAN_POINT('',(-0.538368003928397,2.06284465497947,6.75));
#14975=CARTESIAN_POINT('',(-0.738368003928397,1.86284465497947,6.75));
#14976=CARTESIAN_POINT('Origin',(-0.738368003928397,2.06284465497947,6.75));
#14977=CARTESIAN_POINT('',(-0.738368003928397,1.86284465497947,7.));
#14978=CARTESIAN_POINT('',(-0.538368003928397,2.06284465497947,7.));
#14979=CARTESIAN_POINT('Origin',(-1.0383680039284,2.06284465497947,6.75));
#14980=CARTESIAN_POINT('',(-1.0383680039284,2.06284465497947,7.25));
#14981=CARTESIAN_POINT('',(-1.0383680039284,1.86284465497947,7.05));
#14982=CARTESIAN_POINT('Origin',(-1.0383680039284,2.06284465497947,7.05));
#14983=CARTESIAN_POINT('Origin',(-1.0383680039284,1.86284465497947,6.75));
#14984=CARTESIAN_POINT('Origin',(-1.0383680039284,2.06284465497947,6.75));
#14985=CARTESIAN_POINT('Origin',(-2.5383680039284,2.06284465497947,7.05));
#14986=CARTESIAN_POINT('',(-4.0383680039284,2.06284465497947,7.25));
#14987=CARTESIAN_POINT('',(-4.0383680039284,1.86284465497947,7.05));
#14988=CARTESIAN_POINT('Origin',(-4.0383680039284,2.06284465497947,7.05));
#14989=CARTESIAN_POINT('',(-2.5383680039284,1.86284465497947,7.05));
#14990=CARTESIAN_POINT('',(-2.5383680039284,2.06284465497947,7.25));
#14991=CARTESIAN_POINT('Origin',(-4.0383680039284,2.06284465497947,6.75));
#14992=CARTESIAN_POINT('',(-4.5383680039284,2.06284465497947,6.75));
#14993=CARTESIAN_POINT('',(-4.3383680039284,1.86284465497947,6.75));
#14994=CARTESIAN_POINT('Origin',(-4.3383680039284,2.06284465497947,6.75));
#14995=CARTESIAN_POINT('Origin',(-4.0383680039284,1.86284465497947,6.75));
#14996=CARTESIAN_POINT('Origin',(-4.0383680039284,2.06284465497947,6.75));
#14997=CARTESIAN_POINT('Origin',(-4.3383680039284,2.06284465497947,7.));
#14998=CARTESIAN_POINT('',(-4.3383680039284,1.86284465497947,7.));
#14999=CARTESIAN_POINT('',(-4.5383680039284,2.06284465497947,7.));
#15000=CARTESIAN_POINT('Origin',(-4.5383680039284,2.36284465497947,7.));
#15001=CARTESIAN_POINT('',(-4.5383680039284,2.36284465497947,6.75));
#15002=CARTESIAN_POINT('Origin',(-4.0383680039284,2.36284465497947,6.75));
#15003=CARTESIAN_POINT('',(-4.0383680039284,2.36284465497947,7.25));
#15004=CARTESIAN_POINT('Origin',(-2.5383680039284,2.36284465497947,7.25));
#15005=CARTESIAN_POINT('',(-1.0383680039284,2.36284465497947,7.25));
#15006=CARTESIAN_POINT('Origin',(-1.0383680039284,2.36284465497947,6.75));
#15007=CARTESIAN_POINT('',(-0.538368003928397,2.36284465497947,6.75));
#15008=CARTESIAN_POINT('Origin',(-0.538368003928397,2.36284465497947,7.));
#15009=CARTESIAN_POINT('Origin',(-15.3890150778359,-13.2766059575301,6.5));
#15010=CARTESIAN_POINT('',(-15.3890150778359,-13.0766059575301,6.75));
#15011=CARTESIAN_POINT('',(-15.1890150778359,-13.2766059575301,6.75));
#15012=CARTESIAN_POINT('Origin',(-15.3890150778359,-13.2766059575301,6.75));
#15013=CARTESIAN_POINT('',(-15.1890150778359,-13.2766059575301,6.5));
#15014=CARTESIAN_POINT('',(-15.3890150778359,-13.0766059575301,6.5));
#15015=CARTESIAN_POINT('Origin',(-15.3890150778359,-13.5766059575301,6.75));
#15016=CARTESIAN_POINT('',(-15.3890150778359,-13.5766059575301,7.25));
#15017=CARTESIAN_POINT('',(-15.1890150778359,-13.5766059575301,7.05));
#15018=CARTESIAN_POINT('Origin',(-15.3890150778359,-13.5766059575301,7.05));
#15019=CARTESIAN_POINT('Origin',(-15.1890150778359,-13.5766059575301,6.75));
#15020=CARTESIAN_POINT('Origin',(-15.3890150778359,-13.5766059575301,6.75));
#15021=CARTESIAN_POINT('Origin',(-15.3890150778359,-15.0766059575301,7.05));
#15022=CARTESIAN_POINT('',(-15.3890150778359,-16.5766059575301,7.25));
#15023=CARTESIAN_POINT('',(-15.1890150778359,-16.5766059575301,7.05));
#15024=CARTESIAN_POINT('Origin',(-15.3890150778359,-16.5766059575301,7.05));
#15025=CARTESIAN_POINT('',(-15.1890150778359,-15.0766059575301,7.05));
#15026=CARTESIAN_POINT('',(-15.3890150778359,-15.0766059575301,7.25));
#15027=CARTESIAN_POINT('Origin',(-15.3890150778359,-16.5766059575301,6.75));
#15028=CARTESIAN_POINT('',(-15.3890150778359,-17.0766059575301,6.75));
#15029=CARTESIAN_POINT('',(-15.1890150778359,-16.8766059575301,6.75));
#15030=CARTESIAN_POINT('Origin',(-15.3890150778359,-16.8766059575301,6.75));
#15031=CARTESIAN_POINT('Origin',(-15.1890150778359,-16.5766059575301,6.75));
#15032=CARTESIAN_POINT('Origin',(-15.3890150778359,-16.5766059575301,6.75));
#15033=CARTESIAN_POINT('Origin',(-15.3890150778359,-16.8766059575301,6.5));
#15034=CARTESIAN_POINT('',(-15.1890150778359,-16.8766059575301,6.5));
#15035=CARTESIAN_POINT('',(-15.3890150778359,-17.0766059575301,6.5));
#15036=CARTESIAN_POINT('Origin',(-15.4390150778359,-17.0766059575301,6.5));
#15037=CARTESIAN_POINT('',(-15.4890150778359,-17.0766059575301,6.75));
#15038=CARTESIAN_POINT('',(-15.4390150778359,-17.0766059575301,6.75));
#15039=CARTESIAN_POINT('',(-15.4890150778359,-17.0766059575301,5.));
#15040=CARTESIAN_POINT('Origin',(-15.4390150778359,-16.5766059575301,6.75));
#15041=CARTESIAN_POINT('',(-15.4890150778359,-16.5766059575301,7.25));
#15042=CARTESIAN_POINT('',(-15.4390150778359,-16.5766059575301,7.25));
#15043=CARTESIAN_POINT('Origin',(-15.4890150778359,-16.5766059575301,6.75));
#15044=CARTESIAN_POINT('Origin',(-15.4390150778359,-15.0766059575301,7.25));
#15045=CARTESIAN_POINT('',(-15.4890150778359,-13.5766059575301,7.25));
#15046=CARTESIAN_POINT('',(-15.4390150778359,-13.5766059575301,7.25));
#15047=CARTESIAN_POINT('',(-15.4890150778359,-14.9818806512753,7.25));
#15048=CARTESIAN_POINT('Origin',(-15.4390150778359,-13.5766059575301,6.75));
#15049=CARTESIAN_POINT('',(-15.4890150778359,-13.0766059575301,6.75));
#15050=CARTESIAN_POINT('',(-15.4390150778359,-13.0766059575301,6.75));
#15051=CARTESIAN_POINT('Origin',(-15.4890150778359,-13.5766059575301,6.75));
#15052=CARTESIAN_POINT('Origin',(-15.4390150778359,-13.0766059575301,6.5));
#15053=CARTESIAN_POINT('',(-15.4890150778359,-13.0766059575301,5.));
#15054=CARTESIAN_POINT('Origin',(-15.4890150778359,-16.8766059575301,5.));
#15055=CARTESIAN_POINT('Origin',(-15.4890150778359,-16.8766059575301,6.75));
#15056=CARTESIAN_POINT('Origin',(-15.4890150778359,-16.5766059575301,6.75));
#15057=CARTESIAN_POINT('Origin',(-15.4890150778359,-16.5766059575301,7.05));
#15058=CARTESIAN_POINT('Origin',(-15.4890150778359,-14.9818806512753,7.05));
#15059=CARTESIAN_POINT('Origin',(-15.4890150778359,-13.5766059575301,7.05));
#15060=CARTESIAN_POINT('Origin',(-15.4890150778359,-13.5766059575301,6.75));
#15061=CARTESIAN_POINT('Origin',(-15.4890150778359,-13.2766059575301,6.75));
#15062=CARTESIAN_POINT('Origin',(-15.4890150778359,-13.2766059575301,5.));
#15063=CARTESIAN_POINT('Origin',(-2.5383680039284,1.86284465497947,7.));
#15064=CARTESIAN_POINT('Origin',(5.30261578319812,-29.55,4.75));
#15065=CARTESIAN_POINT('',(5.55261578319812,-29.55,4.75));
#15066=CARTESIAN_POINT('Origin',(5.55261578319812,-29.55,4.75));
#15067=CARTESIAN_POINT('Origin',(10.6,-15.4317254295726,4.38870195334986));
#15068=CARTESIAN_POINT('',(10.6,-15.4317254295726,4.38870195334986));
#15069=CARTESIAN_POINT('',(10.6,-15.4317254295726,4.63870195334986));
#15070=CARTESIAN_POINT('Origin',(10.6,-15.4317254295726,4.63870195334986));
#15071=CARTESIAN_POINT('',(10.6,-14.4317254295726,4.63870195334986));
#15072=CARTESIAN_POINT('Origin',(10.6,-14.4317254295726,4.63870195334986));
#15073=CARTESIAN_POINT('',(10.6,-14.4317254295726,4.38870195334986));
#15074=CARTESIAN_POINT('Origin',(10.6,-14.4317254295726,4.38870195334986));
#15075=CARTESIAN_POINT('Origin',(1.83992983685155,-1.16546993693944,4.75));
#15076=CARTESIAN_POINT('Origin',(-0.146555964034906,-17.9288745404607,0.5));
#15077=CARTESIAN_POINT('',(-0.361555964034906,-17.9288745404607,0.5));
#15078=CARTESIAN_POINT('Origin',(-0.146555964034906,-28.4288745404607,0.5));
#15079=CARTESIAN_POINT('',(-0.361555964034906,-28.4288745404607,0.5));
#15080=CARTESIAN_POINT('Origin',(-10.6465559640349,-17.9288745404607,0.5));
#15081=CARTESIAN_POINT('',(-10.8615559640349,-17.9288745404607,0.5));
#15082=CARTESIAN_POINT('Origin',(-10.6465559640349,-28.4288745404607,0.5));
#15083=CARTESIAN_POINT('',(-10.8615559640349,-28.4288745404607,0.5));
#15084=CARTESIAN_POINT('Origin',(-0.146555964034906,-10.9288745404607,0.5));
#15085=CARTESIAN_POINT('',(-0.361555964034906,-10.9288745404607,0.5));
#15086=CARTESIAN_POINT('Origin',(-10.6465559640349,-0.428874540460729,0.5));
#15087=CARTESIAN_POINT('',(-10.8615559640349,-0.428874540460729,0.5));
#15088=CARTESIAN_POINT('Origin',(-10.6465559640349,-10.9288745404607,0.5));
#15089=CARTESIAN_POINT('',(-10.8615559640349,-10.9288745404607,0.5));
#15090=CARTESIAN_POINT('Origin',(-3.60901200966556,-31.6371553450205,6.5));
#15091=CARTESIAN_POINT('Origin',(9.31098492216407,-15.0766059575301,6.5));
#15092=CARTESIAN_POINT('Origin',(-15.1890150778359,-15.0766059575301,6.5));
#15093=CARTESIAN_POINT('Origin',(-5.4,-5.65,7.));
#15094=CARTESIAN_POINT('',(-11.25,-6.98322916259733,7.));
#15095=CARTESIAN_POINT('Origin',(-6.73322916259733,0.200000000000001,7.));
#15096=CARTESIAN_POINT('',(-6.73322916259733,0.200000000000001,1.));
#15097=CARTESIAN_POINT('Origin',(-5.4,-5.65,7.));
#15098=CARTESIAN_POINT('',(-11.25,-4.31677083740267,1.));
#15099=CARTESIAN_POINT('Origin',(-11.25,-6.98322916259733,7.));
#15100=CARTESIAN_POINT('Origin',(0.603444035965094,-11.6788745404607,4.75));
#15101=UNCERTAINTY_MEASURE_WITH_UNIT(LENGTH_MEASURE(0.001),#15105,
'DISTANCE_ACCURACY_VALUE',
'Maximum model space distance between geometric entities at asserted c
onnectivities');
#15102=UNCERTAINTY_MEASURE_WITH_UNIT(LENGTH_MEASURE(0.001),#15105,
'DISTANCE_ACCURACY_VALUE',
'Maximum model space distance between geometric entities at asserted c
onnectivities');
#15103=(
GEOMETRIC_REPRESENTATION_CONTEXT(3)
GLOBAL_UNCERTAINTY_ASSIGNED_CONTEXT((#15101))
GLOBAL_UNIT_ASSIGNED_CONTEXT((#15105,#15107,#15108))
REPRESENTATION_CONTEXT('','3D')
);
#15104=(
GEOMETRIC_REPRESENTATION_CONTEXT(3)
GLOBAL_UNCERTAINTY_ASSIGNED_CONTEXT((#15102))
GLOBAL_UNIT_ASSIGNED_CONTEXT((#15105,#15107,#15108))
REPRESENTATION_CONTEXT('','3D')
);
#15105=(
LENGTH_UNIT()
NAMED_UNIT(*)
SI_UNIT(.CENTI.,.METRE.)
);
#15106=(
LENGTH_UNIT()
NAMED_UNIT(*)
SI_UNIT($,.METRE.)
);
#15107=(
NAMED_UNIT(*)
PLANE_ANGLE_UNIT()
SI_UNIT($,.RADIAN.)
);
#15108=(
NAMED_UNIT(*)
SI_UNIT($,.STERADIAN.)
SOLID_ANGLE_UNIT()
);
#15109=SHAPE_DEFINITION_REPRESENTATION(#15110,#15111);
#15110=PRODUCT_DEFINITION_SHAPE('',$,#15113);
#15111=SHAPE_REPRESENTATION('',(#8236),#15103);
#15112=PRODUCT_DEFINITION_CONTEXT('part definition',#15117,'design');
#15113=PRODUCT_DEFINITION('2026-09-25-11-19-56-616',
'Laptop Cooling Pad',#15114,#15112);
#15114=PRODUCT_DEFINITION_FORMATION('',$,#15119);
#15115=PRODUCT_RELATED_PRODUCT_CATEGORY('Laptop Cooling Pad',
'Laptop Cooling Pad',(#15119));
#15116=APPLICATION_PROTOCOL_DEFINITION('international standard',
'automotive_design',2009,#15117);
#15117=APPLICATION_CONTEXT(
'Core Data for Automotive Mechanical Design Process');
#15118=PRODUCT_CONTEXT('part definition',#15117,'mechanical');
#15119=PRODUCT('2026-09-25-11-19-56-616','Laptop Cooling Pad',$,(#15118));
#15120=PRESENTATION_STYLE_ASSIGNMENT((#15121));
#15121=SURFACE_STYLE_USAGE(.BOTH.,#15122);
#15122=SURFACE_SIDE_STYLE('',(#15123));
#15123=SURFACE_STYLE_FILL_AREA(#15124);
#15124=FILL_AREA_STYLE('Steel - Satin',(#15125));
#15125=FILL_AREA_STYLE_COLOUR('Steel - Satin',#15126);
#15126=COLOUR_RGB('Steel - Satin',0.627450980392157,0.627450980392157,0.627450980392157);
ENDSEC;
END-ISO-10303-21;
